order_id,order_date,date_id,customer_id,store_id,employee_id,payment_method,order_status,total_revenue,total_cost
ORD0002861,01/01/2024,20240101,CUS00888,4,EMP0079,Credit Card,Returned,5302,4310
ORD0006046,01/01/2024,20240101,CUS02416,1,EMP0009,InstaPay,Completed,740,360
ORD0002658,01/01/2024,20240101,CUS02527,12,EMP0175,Cash,Completed,1771,880
ORD0008080,01/01/2024,20240101,CUS00340,11,EMP0171,Cash,Completed,3485,2010
ORD0009278,01/01/2024,20240101,CUS00906,6,EMP0116,Debit Card,Completed,233,120
ORD0002226,01/01/2024,20240101,CUS00413,1,EMP0003,InstaPay,Completed,700,420
ORD0004221,01/01/2024,20240101,CUS01601,14,EMP0200,  Fawry  ,Completed,1401,740
ORD0010575,01/01/2024,20240101,CUS01815,5,EMP0112,InstaPay,Completed,81,40
ORD0007342,01/01/2024,20240101,CUS00211,6,EMP0116,InstaPay,Completed,6100,4900
ORD0005282,01/01/2024,20240101,CUS02410,15,EMP0215,Debit Card,Completed,1600,820
ORD0010236,01/01/2024,20240101,CUS02662,14,EMP0195,Vodafone Cash,Completed,270,120
ORD0006390,01/01/2024,20240101,CUS02651,5,EMP0108,Debit Card,Returned,980,530
ORD0002709,01/01/2024,20240101,CUS00542,7,EMP0136,InstaPay,Completed,38857,32220
ORD0000761,02/01/2024,20240102,CUS01226,1,EMP0006,Cash,Completed,1550.5,790
ORD0003933,02/01/2024,20240102,CUS01202,4,EMP0093,Cash,Completed,153,90
ORD0009895,02/01/2024,20240102,CUS01703,3,EMP0067,Debit Card,Returned,270,150
ORD0009548,02/01/2024,20240102,CUS00750,8,EMP0143,  Vodafone Cash  ,Completed,4712,2450
ORD0000288,02/01/2024,20240102,CUS00456,11,EMP0173,  Credit Card  ,Completed,90,40
ORD0005340,02/01/2024,20240102,CUS02563,10,EMP0152,Fawry,Completed,190,90
ORD0004108,02/01/2024,20240102,CUS02130,2,EMP0030,Vodafone Cash,Completed,629,360
ORD0009313,02/01/2024,20240102,CUS02353,3,EMP0070,Credit Card,Completed,2322,1340
ORD0001844,02/01/2024,20240102,CUS02609,1,EMP0012,  Cash  ,Completed,749,350
ORD0010525,02/01/2024,20240102,CUS01199,6,EMP0117,InstaPay,Completed,476,280
ORD0004372,02/01/2024,20240102,CUS00626,7,EMP0134,  InstaPay  ,Completed,20824,16420
ORD0006276,02/01/2024,20240102,CUS00282,3,EMP0059,  Credit Card  ,Completed,1000,500
ORD0010740,02/01/2024,20240102,CUS00709,12,,Debit Card,Completed,320,140
ORD0005052,02/01/2024,20240102,CUS00386,2,EMP0039,Debit Card,Completed,1863,1020
ORD0000328,03/01/2024,20240103,CUS01904,5,EMP0112,Vodafone Cash,Completed,2220,1100
ORD0009612,03/01/2024,20240103,CUS01961,1,EMP0014,Credit Card,Completed,616,320
ORD0000617,03/01/2024,20240103,CUS02928,6,EMP0115,InstaPay,Completed,1159,600
ORD0000059,03/01/2024,20240103,CUS02318,1,EMP0022,Vodafone Cash,Completed,411,210
ORD0006297,03/01/2024,20240103,CUS02038,12,EMP0184,Cash,Completed,1923,1030
ORD0003648,03/01/2024,20240103,CUS00941,13,EMP0187,Debit Card,Completed,630,310
ORD0004612,03/01/2024,20240103,CUS00678,2,EMP0029,Vodafone Cash,Completed,472,290
ORD0003961,03/01/2024,20240103,CUS00735,5,EMP0108,Debit Card,Completed,3094,1510
ORD0005003,03/01/2024,20240103,CUS02920,1,EMP0004,Debit Card,Returned,513,260
ORD0006981,03/01/2024,20240103,CUS02592,3,EMP0069,Vodafone Cash,Completed,270,170
ORD0004797,03/01/2024,20240103,CUS01716,14,EMP0198,Debit Card,Completed,1056,660
ORD0007556,03/01/2024,20240103,CUS02521,5,EMP0105,Cash,Cancelled,1894,1110
ORD0006034,03/01/2024,20240103,CUS02094,11,EMP0171,Cash,Completed,1340,650
ORD0008310,03/01/2024,20240103,CUS02713,1,EMP0009,Cash,Completed,982,490
ORD0005784,03/01/2024,20240103,CUS02758,7,EMP0130,Credit Card,Completed,2203.5,1200
ORD0002825,04/01/2024,20240104,CUS00564,2,EMP0047,Vodafone Cash,Completed,16266,15080
ORD0007388,04/01/2024,20240104,CUS01530,15,EMP0216,Fawry,Completed,17170,13610
ORD0009398,04/01/2024,20240104,CUS01777,2,EMP0032,Credit Card,Completed,683.5,360
ORD0008993,04/01/2024,20240104,CUS02012,14,EMP0202,Fawry,Returned,9938,8780
ORD0001497,04/01/2024,20240104,CUS01082,5,EMP0106,Vodafone Cash,Completed,893,570
ORD0002519,04/01/2024,20240104,CUS00367,1,EMP0013,Debit Card,Completed,357,210
ORD0010249,04/01/2024,20240104,CUS02121,6,EMP0126,Vodafone Cash,Completed,1220,590
ORD0010714,04/01/2024,20240104,CUS01735,1,EMP0003,Credit Card,Completed,960,440
ORD0005909,04/01/2024,20240104,CUS00754,5,EMP0098,InstaPay,Completed,432,210
ORD0006608,04/01/2024,20240104,CUS00079,5,EMP0111,Fawry,Completed,27030,25400
ORD0006901,04/01/2024,20240104,CUS01962,1,EMP0013,InstaPay,Completed,1261.5,670
ORD0003720,04/01/2024,20240104,CUS02981,3,EMP0063,Cash,Completed,90,40
ORD0001797,04/01/2024,20240104,CUS00831,2,EMP0052,  InstaPay  ,Completed,756,400
ORD0005244,04/01/2024,20240104,CUS00807,4,EMP0090,Vodafone Cash,Completed,434.5,250
ORD0008171,05/01/2024,20240105,CUS02684,12,EMP0174,InstaPay,Completed,13784.5,10800
ORD0001219,05/01/2024,20240105,CUS01689,8,EMP0143,Cash,Returned,627,320
ORD0006433,05/01/2024,20240105,CUS02972,8,EMP0138,Fawry,Returned,306,160
ORD0008401,05/01/2024,20240105,CUS01426,2,EMP0037,Cash,Completed,160,80
ORD0010559,05/01/2024,20240105,CUS00992,1,EMP0021,Cash,Completed,664.5,340
ORD0007955,05/01/2024,20240105,CUS02570,12,EMP0184,Vodafone Cash,Completed,127.5,70
ORD0003169,05/01/2024,20240105,CUS02904,1,EMP0011,Vodafone Cash,Completed,209,100
ORD0008847,05/01/2024,20240105,CUS02664,13,EMP0185,Vodafone Cash,Completed,730,360
ORD0010373,06/01/2024,20240106,CUS02885,1,EMP0024,  Fawry  ,Completed,3320,1640
ORD0010586,06/01/2024,20240106,CUS01200,1,EMP0017,InstaPay,Completed,1231,620
ORD0008394,06/01/2024,20240106,CUS00843,6,EMP0126,  Debit Card  ,Returned,2281,1140
ORD0008844,06/01/2024,20240106,CUS02725,7,EMP0132,Vodafone Cash,Completed,72,40
ORD0010980,06/01/2024,20240106,CUS00835,2,EMP0047,Vodafone Cash,Completed,2090,1020
ORD0010684,06/01/2024,20240106,CUS00052,5,EMP0099,Credit Card,Returned,669,330
ORD0006508,06/01/2024,20240106,CUS01037,6,EMP0113,Credit Card,Completed,1928,1370
ORD0003517,06/01/2024,20240106,CUS00415,12,EMP0178,Fawry,Completed,5363,5050
ORD0010303,06/01/2024,20240106,CUS00163,5,EMP0103,Debit Card,Completed,1320,810
ORD0008132,06/01/2024,20240106,CUS00324,3,EMP0060,Fawry,Completed,852.5,480
ORD0008750,06/01/2024,20240106,CUS02035,1,EMP0001,Vodafone Cash,Completed,666,330
ORD0008348,06/01/2024,20240106,CUS00488,2,EMP0035,Fawry,Returned,171,90
ORD0001329,06/01/2024,20240106,CUS02135,1,EMP0011,Cash,Completed,7150,5670
ORD0010145,06/01/2024,20240106,CUS01703,1,EMP0022,  Vodafone Cash  ,Completed,1201,600
ORD0008351,06/01/2024,20240106,CUS01916,4,EMP0079,Vodafone Cash,Completed,80,40
ORD0008402,07/01/2024,20240107,CUS02493,4,EMP0088,Debit Card,Returned,749,350
ORD0008443,07/01/2024,20240107,CUS02434,2,EMP0045,Credit Card,Completed,4880,4900
ORD0005625,07/01/2024,20240107,CUS01160,1,EMP0028,  Fawry  ,Completed,360,200
ORD0005899,07/01/2024,20240107,CUS00081,1,EMP0016,  InstaPay  ,Completed,300,140
ORD0007062,07/01/2024,20240107,CUS02642,1,EMP0023,Debit Card,Completed,1234,610
ORD0009236,07/01/2024,20240107,CUS01095,14,EMP0195,  Vodafone Cash  ,Completed,152,80
ORD0006074,07/01/2024,20240107,CUS00070,5,EMP0095,Vodafone Cash,Completed,3912,2020
ORD0008099,07/01/2024,20240107,CUS00574,9,EMP0146,Credit Card,Returned,963,520
ORD0000213,07/01/2024,20240107,CUS02850,2,EMP0032,Cash,Completed,3162,1590
ORD0007870,07/01/2024,20240107,CUS01576,3,EMP0062,Debit Card,Completed,432,220
ORD0000710,07/01/2024,20240107,CUS00182,14,EMP0202,InstaPay,Completed,800,400
ORD0006788,08/01/2024,20240108,CUS02021,2,EMP0046,InstaPay,Completed,760,390
ORD0000008,08/01/2024,20240108,CUS00599,1,EMP0020,  Vodafone Cash  ,Completed,1710,910
ORD0010508,08/01/2024,20240108,CUS00571,11,EMP0168,Vodafone Cash,Returned,1025,650
ORD0008974,08/01/2024,20240108,CUS02940,6,EMP0119,Fawry,Completed,289,160
ORD0003951,08/01/2024,20240108,CUS00846,10,,Debit Card,Completed,878.5,490
ORD0009662,08/01/2024,20240108,CUS01378,6,EMP0124,Vodafone Cash,Completed,1701,910
ORD0001546,08/01/2024,20240108,CUS01653,11,EMP0171,Fawry,Returned,578,310
ORD0005172,08/01/2024,20240108,CUS00677,11,EMP0167,Fawry,Completed,10608.5,8210
ORD0002929,09/01/2024,20240109,CUS01155,6,EMP0118,  Debit Card  ,Completed,600,280
ORD0005759,09/01/2024,20240109,CUS00138,2,EMP0046,Credit Card,Completed,1080,540
ORD0009366,09/01/2024,20240109,CUS02643,2,EMP0034,Debit Card,Completed,872,480
ORD0008140,09/01/2024,20240109,CUS00331,15,EMP0205,InstaPay,Returned,2310,1210
ORD0010272,09/01/2024,20240109,CUS02772,3,EMP0077,Credit Card,Completed,1131,600
ORD0004806,09/01/2024,20240109,CUS00634,1,EMP0011,Cash,Returned,437,220
ORD0003986,09/01/2024,20240109,CUS01621,3,EMP0064,Cash,Completed,776,390
ORD0008427,09/01/2024,20240109,CUS02908,1,EMP0008,Cash,Completed,30777.5,24540
ORD0001177,09/01/2024,20240109,CUS01745,6,EMP0125,Credit Card,Completed,238,140
ORD0008199,09/01/2024,20240109,CUS02514,5,EMP0112,Fawry,Completed,320,150
ORD0005852,09/01/2024,20240109,CUS01449,4,EMP0084,InstaPay,Completed,10347.5,8260
ORD0010482,09/01/2024,20240109,CUS01609,1,EMP0010,Cash,Completed,496,270
ORD0010768,09/01/2024,20240109,CUS01663,6,EMP0114,Debit Card,Completed,1791,1060
ORD0004901,09/01/2024,20240109,CUS00013,6,EMP0118,Cash,Completed,324,180
ORD0007428,09/01/2024,20240109,CUS00054,11,EMP0173,Vodafone Cash,Completed,210,140
ORD0003719,10/01/2024,20240110,CUS02836,2,EMP0040,Vodafone Cash,Completed,456,220
ORD0011830,10/01/2024,20240110,CUS02452,11,EMP0170,InstaPay,Returned,1962,1000
ORD0010332,10/01/2024,20240110,CUS02475,3,EMP0063,Debit Card,Completed,540,300
ORD0008185,10/01/2024,20240110,CUS00002,7,EMP0132,Cash,Completed,190,90
ORD0004222,10/01/2024,20240110,CUS02120,2,EMP0031,Cash,Completed,180.5,90
ORD0003545,10/01/2024,20240110,CUS01428,5,EMP0098,Fawry,Completed,817,460
ORD0001813,10/01/2024,20240110,CUS00631,1,EMP0020,  Debit Card  ,Cancelled,54087,42690
ORD0007749,10/01/2024,20240110,CUS00936,4,EMP0080,Debit Card,Completed,152,70
ORD0004058,10/01/2024,20240110,CUS02194,2,,Vodafone Cash,Cancelled,1056,500
ORD0007631,10/01/2024,20240110,CUS01059,6,EMP0121,InstaPay,Completed,12849,13160
ORD0000595,11/01/2024,20240111,CUS02946,5,EMP0098,Credit Card,Returned,816,500
ORD0001754,11/01/2024,20240111,CUS02697,5,EMP0098,  InstaPay  ,Completed,270,120
ORD0007578,11/01/2024,20240111,CUS02561,13,EMP0190,Fawry,Completed,370.5,180
ORD0001310,11/01/2024,20240111,CUS01366,10,EMP0155,Debit Card,Completed,2110,1060
ORD0011624,11/01/2024,20240111,CUS00549,12,EMP0174,  Credit Card  ,Completed,1062,580
ORD0007742,11/01/2024,20240111,CUS00048,10,EMP0157,Fawry,Completed,1168.5,700
ORD0011665,11/01/2024,20240111,CUS00588,1,EMP0007,  Vodafone Cash  ,Completed,160,70
ORD0008395,11/01/2024,20240111,CUS00988,10,EMP0161,  Vodafone Cash  ,Completed,580,280
ORD0007430,11/01/2024,20240111,CUS01221,11,EMP0165,Cash,Completed,690,320
ORD0002293,11/01/2024,20240111,CUS00398,1,EMP0001,Vodafone Cash,Completed,23940,21280
ORD0011102,12/01/2024,20240112,CUS02086,9,EMP0149,Cash,Completed,2675,1280
ORD0011210,12/01/2024,20240112,CUS01060,1,EMP0004,  Fawry  ,Completed,162,80
ORD0006642,12/01/2024,20240112,CUS02150,5,EMP0097,Cash,Completed,537,310
ORD0002753,12/01/2024,20240112,CUS00240,1,EMP0012,Cash,Completed,36320,31820
ORD0001554,12/01/2024,20240112,CUS00567,12,EMP0177,Debit Card,Completed,1140,560
ORD0009258,12/01/2024,20240112,CUS00284,6,EMP0119,Cash,Completed,468,260
ORD0007309,12/01/2024,20240112,CUS00006,13,EMP0189,Credit Card,Completed,360,240
ORD0006448,13/01/2024,20240113,CUS02869,9,EMP0146,Fawry,Completed,2762,1380
ORD0009162,13/01/2024,20240113,CUS00030,7,EMP0135,Vodafone Cash,Completed,718,380
ORD0001383,13/01/2024,20240113,CUS02544,6,EMP0125,Cash,Completed,719,440
ORD0001739,13/01/2024,20240113,CUS02886,3,EMP0072,Vodafone Cash,Completed,522,280
ORD0011752,13/01/2024,20240113,CUS00953,2,EMP0047,Cash,Completed,960,500
ORD0000793,13/01/2024,20240113,CUS02267,6,EMP0122,InstaPay,Completed,280,140
ORD0006291,13/01/2024,20240113,CUS02071,5,EMP0099,Debit Card,Completed,1352,730
ORD0002740,13/01/2024,20240113,CUS00538,4,EMP0083,Debit Card,Completed,500,250
ORD0007279,13/01/2024,20240113,CUS02185,3,EMP0069,  Credit Card  ,Cancelled,377.5,220
ORD0009772,13/01/2024,20240113,CUS01994,6,EMP0115,Credit Card,Completed,707,350
ORD0001286,14/01/2024,20240114,CUS02823,6,EMP0120,Cash,Completed,940.5,480
ORD0006798,14/01/2024,20240114,CUS02446,7,EMP0135,Debit Card,Completed,1560,830
ORD0005639,14/01/2024,20240114,CUS02187,6,EMP0126,Vodafone Cash,Completed,2112,1080
ORD0006060,14/01/2024,20240114,CUS01977,2,EMP0036,InstaPay,Completed,2000,1050
ORD0007202,14/01/2024,20240114,CUS00166,2,EMP0054,Vodafone Cash,Returned,1043,530
ORD0010124,14/01/2024,20240114,CUS00796,5,EMP0105,Vodafone Cash,Completed,230,110
ORD0010608,14/01/2024,20240114,CUS00874,8,EMP0142,  Fawry  ,Completed,1056,490
ORD0000141,14/01/2024,20240114,CUS01474,3,EMP0066,Vodafone Cash,Completed,2147,1620
ORD0003263,14/01/2024,20240114,CUS01842,2,EMP0054,Debit Card,Cancelled,350,170
ORD0008312,14/01/2024,20240114,CUS01831,5,EMP0106,Cash,Completed,815.5,430
ORD0003461,14/01/2024,20240114,CUS02190,2,EMP0033,  Cash  ,Completed,6980,5280
ORD0010661,14/01/2024,20240114,CUS02024,10,EMP0156,Vodafone Cash,Completed,49313,48620
ORD0008141,14/01/2024,20240114,CUS00019,10,EMP0159,Vodafone Cash,Cancelled,1963,940
ORD0005451,14/01/2024,20240114,CUS00183,8,EMP0143,Fawry,Completed,1968,1080
ORD0002913,14/01/2024,20240114,CUS02274,8,EMP0138,Debit Card,Completed,171,90
ORD0009849,15/01/2024,20240115,CUS02634,1,EMP0008,Vodafone Cash,Completed,11880,10500
ORD0007833,15/01/2024,20240115,CUS00615,3,EMP0059,Credit Card,Completed,6136,4560
ORD0003955,15/01/2024,20240115,CUS02842,11,EMP0171,Cash,Completed,16390,12370
ORD0002082,15/01/2024,20240115,CUS00692,1,EMP0003,Credit Card,Completed,234,130
ORD0006514,15/01/2024,20240115,CUS00112,8,EMP0142,  Vodafone Cash  ,Completed,14064,11010
ORD0001420,15/01/2024,20240115,CUS01353,2,EMP0032,Debit Card,Completed,9440,9400
ORD0000075,15/01/2024,20240115,CUS00806,6,EMP0126,InstaPay,Completed,140,70
ORD0008813,15/01/2024,20240115,CUS02049,2,EMP0040,  Cash  ,Completed,135,70
ORD0007357,15/01/2024,20240115,CUS02322,10,EMP0161,  InstaPay  ,Completed,171,80
ORD0005231,15/01/2024,20240115,CUS01805,2,EMP0030,Debit Card,Completed,1840,1280
ORD0009181,15/01/2024,20240115,CUS02579,3,EMP0068,  Vodafone Cash  ,Cancelled,1962,1250
ORD0011141,15/01/2024,20240115,CUS02742,3,EMP0070,InstaPay,Completed,484.5,240
ORD0002407,15/01/2024,20240115,CUS00937,14,EMP0194,Vodafone Cash,Completed,1216,600
ORD0005797,15/01/2024,20240115,CUS02238,1,EMP0007,Fawry,Completed,17519.5,13640
ORD0011831,15/01/2024,20240115,CUS02339,4,EMP0081,Debit Card,Completed,100,40
ORD0001829,15/01/2024,20240115,CUS02888,3,EMP0059,Vodafone Cash,Completed,2158,1100
ORD0009747,16/01/2024,20240116,CUS02179,1,EMP0006,Vodafone Cash,Completed,450,300
ORD0008338,16/01/2024,20240116,CUS01651,2,EMP0034,Cash,Completed,1140,600
ORD0010188,16/01/2024,20240116,CUS00093,14,EMP0197,  Cash  ,Completed,4239,3560
ORD0001510,16/01/2024,20240116,CUS02347,14,EMP0201,Fawry,Completed,1698,1110
ORD0007836,16/01/2024,20240116,CUS01098,14,EMP0202,Debit Card,Completed,991.5,520
ORD0004979,16/01/2024,20240116,CUS02468,9,EMP0151,Vodafone Cash,Completed,230,110
ORD0001006,16/01/2024,20240116,CUS00502,3,EMP0067,Credit Card,Completed,450,210
ORD0007312,16/01/2024,20240116,CUS00565,3,EMP0072,  Debit Card  ,Completed,807,430
ORD0000957,16/01/2024,20240116,CUS01105,13,EMP0186,  Cash  ,Returned,432,210
ORD0000943,16/01/2024,20240116,CUS02799,1,EMP0025,Debit Card,Completed,332.5,160
ORD0005223,16/01/2024,20240116,CUS00287,1,EMP0012,  Vodafone Cash  ,Returned,592,360
ORD0008198,17/01/2024,20240117,CUS01940,3,EMP0067,InstaPay,Completed,843,410
ORD0002248,17/01/2024,20240117,CUS02878,12,EMP0174,  Cash  ,Completed,537.5,270
ORD0008723,17/01/2024,20240117,CUS02392,5,EMP0099,Cash,Completed,425,240
ORD0004194,17/01/2024,20240117,CUS01510,2,EMP0048,Cash,Returned,21288,21750
ORD0011402,17/01/2024,20240117,CUS01629,4,EMP0090,Debit Card,Completed,10100,8100
ORD0003486,17/01/2024,20240117,CUS00710,5,EMP0112,Debit Card,Completed,1400,640
ORD0010919,17/01/2024,20240117,CUS02544,13,EMP0185,  Credit Card  ,Completed,1007,530
ORD0002496,17/01/2024,20240117,CUS01693,3,EMP0060,Fawry,Completed,41980,39450
ORD0003393,17/01/2024,20240117,CUS01567,10,,  InstaPay  ,Completed,1885,1050
ORD0002500,17/01/2024,20240117,CUS02075,7,EMP0133,Credit Card,Completed,12200,9800
ORD0000364,17/01/2024,20240117,CUS02981,2,EMP0035,InstaPay,Completed,655,350
ORD0011872,17/01/2024,20240117,CUS00171,4,EMP0092,  InstaPay  ,Cancelled,430,210
ORD0008233,17/01/2024,20240117,CUS00423,1,EMP0005,Cash,Completed,207,110
ORD0004902,17/01/2024,20240117,CUS02063,2,EMP0033,  Cash  ,Completed,210,100
ORD0004118,17/01/2024,20240117,CUS00370,1,EMP0024,  Credit Card  ,Completed,1037,520
ORD0000934,17/01/2024,20240117,CUS02784,2,EMP0044,Fawry,Completed,27900,29800
ORD0004458,18/01/2024,20240118,CUS02638,4,EMP0092,Credit Card,Completed,931,480
ORD0009818,18/01/2024,20240118,CUS00603,14,EMP0202,Debit Card,Completed,799,470
ORD0005855,18/01/2024,20240118,CUS02181,5,EMP0107,Cash,Completed,22368,18440
ORD0006496,18/01/2024,20240118,CUS00683,4,EMP0084,Credit Card,Completed,297,160
ORD0002888,18/01/2024,20240118,CUS01021,13,EMP0188,Credit Card,Completed,10640,9000
ORD0009901,18/01/2024,20240118,CUS00371,12,EMP0184,Cash,Completed,772,370
ORD0005127,18/01/2024,20240118,CUS00526,1,EMP0006,Debit Card,Completed,3070,1580
ORD0007444,18/01/2024,20240118,CUS00487,15,EMP0205,  Debit Card  ,Completed,714,400
ORD0010450,18/01/2024,20240118,CUS02987,2,EMP0045,  Fawry  ,Completed,980,500
ORD0008655,18/01/2024,20240118,CUS01155,12,EMP0182,Fawry,Completed,27010,26520
ORD0003042,19/01/2024,20240119,CUS02772,1,EMP0019,Fawry,Completed,607.5,390
ORD0002832,19/01/2024,20240119,CUS00370,4,EMP0084,InstaPay,Returned,1581,900
ORD0011700,19/01/2024,20240119,CUS00004,7,EMP0133,InstaPay,Completed,15832.5,12820
ORD0002784,19/01/2024,20240119,CUS01152,1,EMP0025,Debit Card,Returned,140,70
ORD0009592,19/01/2024,20240119,CUS02666,7,EMP0129,  Credit Card  ,Returned,2131,1170
ORD0002176,19/01/2024,20240119,CUS02914,11,EMP0172,Fawry,Completed,3409.5,1970
ORD0011255,19/01/2024,20240119,CUS00238,11,EMP0168,InstaPay,Completed,456,240
ORD0002775,19/01/2024,20240119,CUS01589,1,EMP0018,Vodafone Cash,Completed,854,440
ORD0004239,19/01/2024,20240119,CUS01018,7,EMP0128,  Vodafone Cash  ,Completed,297.5,170
ORD0010693,19/01/2024,20240119,CUS00139,10,,  Credit Card  ,Returned,368.5,200
ORD0006896,19/01/2024,20240119,CUS01277,1,EMP0018,Cash,Cancelled,13200,10500
ORD0007190,19/01/2024,20240119,CUS02717,1,EMP0027,Debit Card,Completed,855,440
ORD0011399,19/01/2024,20240119,CUS00729,10,EMP0152,Vodafone Cash,Completed,1890,910
ORD0008808,19/01/2024,20240119,CUS02977,1,EMP0001,Fawry,Completed,225,100
ORD0002245,19/01/2024,20240119,CUS01246,9,EMP0147,Credit Card,Returned,1876,1030
ORD0006273,20/01/2024,20240120,CUS02925,7,EMP0135,InstaPay,Completed,970.5,490
ORD0006869,20/01/2024,20240120,CUS02719,13,EMP0188,Credit Card,Completed,220,110
ORD0008071,20/01/2024,20240120,CUS02309,3,EMP0078,Vodafone Cash,Completed,425,240
ORD0005788,20/01/2024,20240120,CUS00789,9,EMP0149,Fawry,Completed,450,240
ORD0004871,21/01/2024,20240121,CUS02558,11,EMP0169,Credit Card,Cancelled,171,90
ORD0011254,21/01/2024,20240121,CUS01662,11,EMP0166,InstaPay,Completed,184,110
ORD0000440,21/01/2024,20240121,CUS01598,13,EMP0189,Debit Card,Completed,351.5,180
ORD0005775,21/01/2024,20240121,CUS01523,14,EMP0198,Cash,Completed,29214,25040
ORD0009077,21/01/2024,20240121,CUS01853,2,EMP0035,InstaPay,Completed,14024.5,11070
ORD0005310,21/01/2024,20240121,CUS00679,5,EMP0106,Vodafone Cash,Completed,540,270
ORD0007676,21/01/2024,20240121,CUS02448,10,EMP0158,Fawry,Completed,511.5,260
ORD0002931,21/01/2024,20240121,CUS00499,1,EMP0019,  Vodafone Cash  ,Returned,1180,590
ORD0010581,21/01/2024,20240121,CUS02924,2,EMP0044,  Credit Card  ,Completed,480,240
ORD0009353,21/01/2024,20240121,CUS00493,2,EMP0042,Cash,Completed,1098,600
ORD0007435,21/01/2024,20240121,CUS00666,13,EMP0188,Fawry,Completed,16175,14770
ORD0001730,21/01/2024,20240121,CUS01798,2,,Fawry,Completed,573,300
ORD0006118,21/01/2024,20240121,CUS01093,15,EMP0209,Debit Card,Completed,3528.5,1900
ORD0009589,22/01/2024,20240122,CUS00090,14,EMP0203,InstaPay,Completed,765,420
ORD0001508,22/01/2024,20240122,CUS01216,1,,Fawry,Completed,1748.5,950
ORD0004827,22/01/2024,20240122,CUS02221,14,EMP0200,InstaPay,Completed,13515,12700
ORD0001160,22/01/2024,20240122,CUS01680,6,EMP0124,Cash,Cancelled,864,480
ORD0007009,22/01/2024,20240122,CUS01714,10,EMP0162,Vodafone Cash,Returned,1004,510
ORD0005348,22/01/2024,20240122,CUS02587,1,EMP0009,  Vodafone Cash  ,Completed,240,110
ORD0007173,22/01/2024,20240122,CUS02526,5,EMP0106,Debit Card,Completed,640,280
ORD0005662,22/01/2024,20240122,CUS01667,4,EMP0084,Debit Card,Completed,1461,720
ORD0006776,22/01/2024,20240122,CUS00705,4,EMP0087,InstaPay,Completed,2221.5,1200
ORD0004486,23/01/2024,20240123,CUS00440,8,EMP0144,Debit Card,Completed,3000,1540
ORD0005945,23/01/2024,20240123,CUS02104,3,EMP0063,Cash,Completed,1936.5,1030
ORD0005881,23/01/2024,20240123,CUS01308,6,EMP0124,InstaPay,Completed,863,430
ORD0008015,23/01/2024,20240123,CUS00014,12,EMP0181,Vodafone Cash,Completed,1569,830
ORD0004491,23/01/2024,20240123,CUS00594,1,EMP0004,Vodafone Cash,Completed,127.5,70
ORD0003754,23/01/2024,20240123,CUS02302,1,EMP0024,Credit Card,Completed,199.5,100
ORD0009075,23/01/2024,20240123,CUS01836,4,EMP0091,Debit Card,Completed,261,140
ORD0000233,24/01/2024,20240124,CUS00085,2,EMP0029,Fawry,Returned,616,400
ORD0001303,24/01/2024,20240124,CUS01979,10,EMP0162,  Credit Card  ,Completed,1857,1030
ORD0009867,24/01/2024,20240124,CUS01918,3,EMP0059,Debit Card,Completed,538,270
ORD0001662,24/01/2024,20240124,CUS02428,6,,Vodafone Cash,Completed,701.5,350
ORD0009108,24/01/2024,20240124,CUS01590,3,,InstaPay,Completed,832,420
ORD0001507,24/01/2024,20240124,CUS00586,9,EMP0148,Debit Card,Completed,592.5,280
ORD0009723,24/01/2024,20240124,CUS01598,13,EMP0191,Debit Card,Completed,13344,10620
ORD0001313,24/01/2024,20240124,CUS01936,1,EMP0015,Cash,Completed,1150,550
ORD0002930,24/01/2024,20240124,CUS00375,13,EMP0187,Debit Card,Completed,957,560
ORD0005570,24/01/2024,20240124,CUS02811,3,EMP0076,Credit Card,Completed,15144,12070
ORD0004115,24/01/2024,20240124,CUS01438,5,EMP0108,Credit Card,Completed,622,320
ORD0008336,24/01/2024,20240124,CUS02675,6,EMP0126,  Fawry  ,Completed,1995.5,1020
ORD0003781,24/01/2024,20240124,CUS00918,3,EMP0071,Cash,Completed,230,110
ORD0006478,25/01/2024,20240125,CUS01724,12,EMP0179,Cash,Completed,180,100
ORD0004031,25/01/2024,20240125,CUS01815,7,EMP0129,InstaPay,Completed,652.5,360
ORD0001044,26/01/2024,20240126,CUS00646,6,EMP0121,  Vodafone Cash  ,Completed,859,450
ORD0002579,26/01/2024,20240126,CUS01548,13,EMP0189,Debit Card,Completed,30162,31770
ORD0011904,26/01/2024,20240126,CUS00452,2,EMP0032,Cash,Completed,2545,1810
ORD0011427,26/01/2024,20240126,CUS00588,8,EMP0144,  Vodafone Cash  ,Completed,1223.5,640
ORD0005249,26/01/2024,20240126,CUS02392,13,EMP0189,Fawry,Completed,1872,1000
ORD0010243,26/01/2024,20240126,CUS01054,2,EMP0046,InstaPay,Returned,126,70
ORD0008781,26/01/2024,20240126,CUS02339,3,EMP0072,InstaPay,Completed,1777,970
ORD0011720,26/01/2024,20240126,CUS02394,3,EMP0064,Cash,Completed,540,260
ORD0003211,26/01/2024,20240126,CUS01302,5,EMP0103,Cash,Completed,648,360
ORD0007902,27/01/2024,20240127,CUS01869,6,EMP0119,Credit Card,Returned,55146,43260
ORD0010361,27/01/2024,20240127,CUS02797,2,,Vodafone Cash,Completed,440,200
ORD0005122,27/01/2024,20240127,CUS01823,7,,Vodafone Cash,Returned,546,310
ORD0003967,27/01/2024,20240127,CUS00644,12,EMP0178,Cash,Returned,2654.5,1420
ORD0001867,27/01/2024,20240127,CUS00769,3,EMP0056,Cash,Completed,7002,5630
ORD0001375,27/01/2024,20240127,CUS02683,5,EMP0112,  Vodafone Cash  ,Completed,704,370
ORD0003606,27/01/2024,20240127,CUS00557,1,EMP0017,Fawry,Completed,780,370
ORD0011013,28/01/2024,20240128,CUS01844,2,EMP0037,Cash,Returned,40440,42430
ORD0011001,28/01/2024,20240128,CUS00161,1,EMP0028,Vodafone Cash,Completed,15300,12000
ORD0007456,28/01/2024,20240128,CUS01718,4,EMP0082,Debit Card,Completed,240,140
ORD0008751,28/01/2024,20240128,CUS02301,5,EMP0104,Debit Card,Completed,240,120
ORD0010382,28/01/2024,20240128,CUS00017,2,EMP0036,Cash,Completed,1179,560
ORD0000138,28/01/2024,20240128,CUS02336,9,EMP0147,InstaPay,Completed,361,180
ORD0002766,28/01/2024,20240128,CUS01425,9,EMP0150,InstaPay,Completed,243,120
ORD0004716,28/01/2024,20240128,CUS02636,14,EMP0197,Cash,Completed,140,70
ORD0010117,28/01/2024,20240128,CUS02632,3,EMP0066,Cash,Completed,285,140
ORD0001442,28/01/2024,20240128,CUS01657,11,EMP0168,  InstaPay  ,Completed,14310,12310
ORD0011083,28/01/2024,20240128,CUS00456,15,EMP0215,InstaPay,Completed,1373,710
ORD0008278,29/01/2024,20240129,CUS02717,6,EMP0122,Cash,Completed,180,80
ORD0006927,29/01/2024,20240129,CUS01006,4,EMP0087,Cash,Completed,280,140
ORD0005969,29/01/2024,20240129,CUS00027,6,EMP0120,Credit Card,Completed,324,180
ORD0010817,29/01/2024,20240129,CUS02655,2,EMP0054,Credit Card,Completed,1054.5,540
ORD0007417,29/01/2024,20240129,CUS00922,8,EMP0143,Credit Card,Completed,38110,33140
ORD0001094,29/01/2024,20240129,CUS00105,13,EMP0193,  Credit Card  ,Completed,880,440
ORD0002059,29/01/2024,20240129,CUS02007,6,EMP0115,InstaPay,Completed,1943,1050
ORD0007658,29/01/2024,20240129,CUS02329,5,EMP0106,Debit Card,Completed,1392,870
ORD0005109,29/01/2024,20240129,CUS01803,9,EMP0151,Fawry,Completed,1134,620
ORD0002698,29/01/2024,20240129,CUS00442,4,EMP0083,Fawry,Completed,13380,11800
ORD0011507,29/01/2024,20240129,CUS02531,12,EMP0176,InstaPay,Completed,120,70
ORD0006968,30/01/2024,20240130,CUS00650,1,EMP0003,Fawry,Completed,815,430
ORD0002581,30/01/2024,20240130,CUS02918,1,EMP0011,InstaPay,Completed,4390,3680
ORD0010793,30/01/2024,20240130,CUS01018,7,EMP0136,Debit Card,Completed,830,390
ORD0009410,30/01/2024,20240130,CUS01552,15,EMP0206,Fawry,Returned,3693,1990
ORD0003280,30/01/2024,20240130,CUS00134,2,EMP0037,Cash,Completed,1614,800
ORD0003863,30/01/2024,20240130,CUS02855,14,EMP0196,Debit Card,Completed,750,370
ORD0009610,30/01/2024,20240130,CUS02473,12,EMP0180,Fawry,Completed,15399,14800
ORD0001839,30/01/2024,20240130,CUS00548,1,EMP0006,Debit Card,Completed,540,300
ORD0002242,30/01/2024,20240130,CUS00406,4,EMP0083,Vodafone Cash,Completed,1160,550
ORD0003524,30/01/2024,20240130,CUS02500,2,EMP0037,  Cash  ,Completed,90,40
ORD0011063,30/01/2024,20240130,CUS00330,5,EMP0099,Fawry,Returned,783,420
ORD0001239,30/01/2024,20240130,CUS02576,8,EMP0138,Cash,Completed,957,490
ORD0011459,30/01/2024,20240130,CUS02474,9,EMP0147,Debit Card,Completed,29374,24340
ORD0009263,30/01/2024,20240130,CUS02677,10,EMP0152,  Fawry  ,Completed,1058,640
ORD0010105,31/01/2024,20240131,CUS01411,8,EMP0138,Cash,Completed,1173,680
ORD0000345,31/01/2024,20240131,CUS01264,4,EMP0094,Cash,Completed,603.5,320
ORD0003923,31/01/2024,20240131,CUS00855,2,EMP0034,Vodafone Cash,Completed,19760,18160
ORD0011810,31/01/2024,20240131,CUS00720,15,EMP0215,Cash,Completed,130,60
ORD0011814,31/01/2024,20240131,CUS02523,2,EMP0036,Cash,Completed,11590,9800
ORD0011011,31/01/2024,20240131,CUS01683,11,EMP0169,Cash,Completed,342,180
ORD0005032,31/01/2024,20240131,CUS02531,7,EMP0131,Credit Card,Completed,29550,23670
ORD0007740,31/01/2024,20240131,CUS01293,2,EMP0040,Cash,Completed,119,70
ORD0010479,31/01/2024,20240131,CUS00750,4,EMP0092,  InstaPay  ,Completed,864,540
ORD0011334,31/01/2024,20240131,CUS00123,2,EMP0030,Fawry,Completed,3541,2290
ORD0001671,31/01/2024,20240131,CUS01991,3,EMP0076,Vodafone Cash,Completed,280,140
ORD0003003,31/01/2024,20240131,CUS01790,12,EMP0177,  Fawry  ,Completed,420,260
ORD0005686,31/01/2024,20240131,CUS00313,6,EMP0123,Fawry,Completed,2120,1060
ORD0008683,31/01/2024,20240131,CUS00782,5,EMP0106,Debit Card,Completed,4482,2330
ORD0008883,31/01/2024,20240131,CUS01292,2,EMP0054,Credit Card,Completed,313.5,160
ORD0005243,31/01/2024,20240131,CUS01477,1,EMP0028,Fawry,Completed,128,80
ORD0001100,01/02/2024,20240201,CUS02738,1,,Credit Card,Completed,500,230
ORD0001282,01/02/2024,20240201,CUS00364,9,EMP0150,Cash,Completed,243,120
ORD0008223,01/02/2024,20240201,CUS02639,10,EMP0162,Debit Card,Completed,690,420
ORD0002426,01/02/2024,20240201,CUS02587,6,EMP0115,InstaPay,Completed,920,760
ORD0006485,01/02/2024,20240201,CUS02648,13,EMP0186,Debit Card,Completed,1164,660
ORD0008795,01/02/2024,20240201,CUS02637,4,EMP0094,Fawry,Completed,180,80
ORD0002454,02/02/2024,20240202,CUS01226,4,EMP0089,Credit Card,Completed,608,300
ORD0004711,02/02/2024,20240202,CUS01523,1,EMP0026,Cash,Completed,360,180
ORD0002306,02/02/2024,20240202,CUS02883,5,EMP0108,Cash,Completed,387,200
ORD0011286,02/02/2024,20240202,CUS00224,8,EMP0139,Fawry,Completed,229.5,120
ORD0004078,02/02/2024,20240202,CUS01048,7,EMP0129,InstaPay,Completed,675,360
ORD0004504,02/02/2024,20240202,CUS01005,1,EMP0001,Cash,Completed,144,70
ORD0010299,02/02/2024,20240202,CUS00633,3,EMP0076,InstaPay,Returned,220,100
ORD0006395,02/02/2024,20240202,CUS02260,3,EMP0072,Fawry,Completed,11836,9050
ORD0006518,02/02/2024,20240202,CUS01451,9,EMP0147,Fawry,Completed,1044,580
ORD0000379,02/02/2024,20240202,CUS00097,1,EMP0012,Credit Card,Completed,11743,8760
ORD0007310,03/02/2024,20240203,CUS01375,3,EMP0067,InstaPay,Completed,6954,5680
ORD0008037,03/02/2024,20240203,CUS00772,6,EMP0124,Fawry,Completed,1240,600
ORD0001000,03/02/2024,20240203,CUS02016,2,EMP0031,Fawry,Completed,300,150
ORD0011299,03/02/2024,20240203,CUS01232,5,EMP0097,InstaPay,Completed,2435.5,1500
ORD0007029,03/02/2024,20240203,CUS01227,7,EMP0129,Credit Card,Cancelled,3803,1920
ORD0011069,03/02/2024,20240203,CUS00979,11,EMP0171,Cash,Completed,792,440
ORD0002273,03/02/2024,20240203,CUS00420,3,EMP0077,Cash,Completed,11420,10640
ORD0001175,03/02/2024,20240203,CUS00989,12,EMP0175,Fawry,Completed,40500,36000
ORD0007016,03/02/2024,20240203,CUS01781,1,EMP0025,Fawry,Completed,1135,600
ORD0006300,03/02/2024,20240203,CUS00681,1,EMP0013,Cash,Completed,1199,800
ORD0007260,03/02/2024,20240203,CUS02477,1,EMP0028,Fawry,Completed,1024,500
ORD0006610,03/02/2024,20240203,CUS00617,9,EMP0149,Debit Card,Completed,9175,8860
ORD0006266,04/02/2024,20240204,CUS01351,1,EMP0025,Vodafone Cash,Completed,600,500
ORD0000081,04/02/2024,20240204,CUS02663,9,EMP0149,InstaPay,Cancelled,1113,680
ORD0010584,04/02/2024,20240204,CUS02446,10,EMP0156,Credit Card,Completed,747,410
ORD0011431,04/02/2024,20240204,CUS01584,15,EMP0207,Vodafone Cash,Completed,190,90
ORD0010003,04/02/2024,20240204,CUS02236,14,EMP0200,InstaPay,Completed,1323,720
ORD0011867,04/02/2024,20240204,CUS00574,8,EMP0143,  Cash  ,Completed,2360.5,1250
ORD0011398,04/02/2024,20240204,CUS02627,1,EMP0006,Vodafone Cash,Completed,20025,21300
ORD0006618,04/02/2024,20240204,CUS01866,14,EMP0201,Debit Card,Completed,23232,24280
ORD0008843,04/02/2024,20240204,CUS00120,12,,Vodafone Cash,Completed,451,220
ORD0007377,04/02/2024,20240204,CUS00449,2,EMP0032,Fawry,Completed,1194,600
ORD0004274,04/02/2024,20240204,CUS00235,1,EMP0028,Vodafone Cash,Completed,117,60
ORD0000605,05/02/2024,20240205,CUS01201,2,EMP0033,Fawry,Completed,2798,2000
ORD0000439,05/02/2024,20240205,CUS01260,13,EMP0189,  Credit Card  ,Completed,332.5,170
ORD0003994,05/02/2024,20240205,CUS02060,1,EMP0003,Cash,Returned,270,140
ORD0011257,05/02/2024,20240205,CUS01398,3,EMP0059,Fawry,Completed,1196.5,680
ORD0000147,05/02/2024,20240205,CUS02391,13,EMP0186,Fawry,Completed,171,90
ORD0005103,05/02/2024,20240205,CUS02341,4,,  Cash  ,Cancelled,286,150
ORD0004451,05/02/2024,20240205,CUS01658,5,EMP0102,InstaPay,Completed,57133,48070
ORD0006777,05/02/2024,20240205,CUS00622,5,EMP0100,Fawry,Completed,15548,12220
ORD0000910,06/02/2024,20240206,CUS01225,3,EMP0070,Debit Card,Completed,576,280
ORD0009840,06/02/2024,20240206,CUS02617,3,EMP0057,Debit Card,Completed,738,380
ORD0003783,06/02/2024,20240206,CUS00159,5,EMP0098,Fawry,Completed,470,230
ORD0011891,06/02/2024,20240206,CUS01708,8,EMP0142,Cash,Cancelled,11590,9800
ORD0002616,06/02/2024,20240206,CUS00125,11,EMP0166,Cash,Completed,133,70
ORD0006635,06/02/2024,20240206,CUS01514,3,,Debit Card,Completed,646,340
ORD0008515,06/02/2024,20240206,CUS00505,9,EMP0146,  Vodafone Cash  ,Cancelled,787,390
ORD0002640,06/02/2024,20240206,CUS00752,1,EMP0026,InstaPay,Completed,5000,4000
ORD0001782,07/02/2024,20240207,CUS00272,2,EMP0049,  Vodafone Cash  ,Completed,514.5,270
ORD0005580,07/02/2024,20240207,CUS00620,1,,Cash,Completed,120,70
ORD0003582,07/02/2024,20240207,CUS03000,14,,Vodafone Cash,Completed,14130,12220
ORD0005022,07/02/2024,20240207,CUS00047,12,EMP0175,Fawry,Cancelled,3824.5,1880
ORD0005607,07/02/2024,20240207,CUS01355,8,EMP0140,Debit Card,Completed,11567,9610
ORD0009638,07/02/2024,20240207,CUS00624,11,EMP0168,InstaPay,Completed,2250,1190
ORD0008773,07/02/2024,20240207,CUS00896,2,EMP0038,Credit Card,Returned,680,420
ORD0003167,07/02/2024,20240207,CUS02462,4,EMP0081,Credit Card,Completed,160,70
ORD0004693,07/02/2024,20240207,CUS02689,2,EMP0040,Debit Card,Completed,1025,560
ORD0006573,07/02/2024,20240207,CUS00002,1,EMP0022,Fawry,Completed,105,70
ORD0004452,07/02/2024,20240207,CUS02045,4,EMP0082,Vodafone Cash,Completed,460,220
ORD0009308,08/02/2024,20240208,CUS01532,14,,InstaPay,Returned,541.5,270
ORD0008978,08/02/2024,20240208,CUS01755,13,EMP0191,Cash,Returned,540,260
ORD0002033,08/02/2024,20240208,CUS02123,6,EMP0117,  Debit Card  ,Completed,942,470
ORD0004097,08/02/2024,20240208,CUS00276,11,EMP0167,Fawry,Completed,23760,21000
ORD0009519,08/02/2024,20240208,CUS00431,4,EMP0083,Debit Card,Completed,1914,1200
ORD0003322,08/02/2024,20240208,CUS02974,5,EMP0095,Fawry,Returned,1520,1400
ORD0002486,08/02/2024,20240208,CUS01095,15,EMP0216,InstaPay,Completed,1257,680
ORD0009271,08/02/2024,20240208,CUS00543,13,EMP0191,Debit Card,Completed,52410,51500
ORD0000586,08/02/2024,20240208,CUS02029,3,EMP0077,Credit Card,Completed,189,100
ORD0007723,08/02/2024,20240208,CUS02058,5,EMP0110,Debit Card,Completed,10530.5,8500
ORD0008315,09/02/2024,20240209,CUS00451,14,EMP0195,Credit Card,Completed,280,130
ORD0000689,09/02/2024,20240209,CUS00976,1,EMP0011,InstaPay,Completed,256,140
ORD0004354,09/02/2024,20240209,CUS00446,5,EMP0095,Cash,Completed,441,240
ORD0009827,09/02/2024,20240209,CUS00656,10,EMP0153,  InstaPay  ,Completed,119,70
ORD0000799,09/02/2024,20240209,CUS01098,2,EMP0050,Debit Card,Completed,472.5,260
ORD0007693,09/02/2024,20240209,CUS01862,14,EMP0199,Cash,Completed,50220,44700
ORD0010021,10/02/2024,20240210,CUS01655,6,EMP0116,Debit Card,Completed,2089.5,1060
ORD0008721,10/02/2024,20240210,CUS02614,1,EMP0022,Debit Card,Completed,171,90
ORD0005985,10/02/2024,20240210,CUS02960,1,EMP0023,Vodafone Cash,Completed,352,220
ORD0008354,10/02/2024,20240210,CUS01720,6,EMP0121,Cash,Completed,2429.5,1220
ORD0009675,10/02/2024,20240210,CUS00794,3,EMP0077,Fawry,Completed,796,440
ORD0011264,11/02/2024,20240211,CUS02395,11,EMP0168,Vodafone Cash,Completed,1176,660
ORD0004410,11/02/2024,20240211,CUS02282,6,EMP0116,  Fawry  ,Completed,960,450
ORD0007036,11/02/2024,20240211,CUS02418,3,EMP0055,Debit Card,Completed,1506,760
ORD0010349,11/02/2024,20240211,CUS01524,4,EMP0080,Credit Card,Completed,190,90
ORD0007143,11/02/2024,20240211,CUS02961,13,EMP0186,  InstaPay  ,Completed,2576.5,1380
ORD0002446,11/02/2024,20240211,CUS01410,2,EMP0053,Cash,Completed,1350,640
ORD0007619,11/02/2024,20240211,CUS01265,1,EMP0008,  Vodafone Cash  ,Completed,90,40
ORD0005118,11/02/2024,20240211,CUS01116,2,EMP0042,Credit Card,Completed,891,480
ORD0001592,11/02/2024,20240211,CUS01713,2,EMP0035,Cash,Completed,509,280
ORD0005810,11/02/2024,20240211,CUS00569,1,EMP0001,  Vodafone Cash  ,Completed,324,180
ORD0002237,11/02/2024,20240211,CUS01554,8,EMP0142,Vodafone Cash,Returned,288,160
ORD0008192,11/02/2024,20240211,CUS01007,2,EMP0037,Vodafone Cash,Completed,480,230
ORD0009893,11/02/2024,20240211,CUS01560,2,EMP0053,Vodafone Cash,Completed,350,170
ORD0007405,11/02/2024,20240211,CUS02903,15,EMP0208,Cash,Completed,33603.5,29710
ORD0000020,12/02/2024,20240212,CUS02007,10,EMP0152,Cash,Completed,576,340
ORD0003547,12/02/2024,20240212,CUS02398,6,EMP0126,Credit Card,Completed,612,320
ORD0002449,12/02/2024,20240212,CUS01610,5,EMP0095,InstaPay,Completed,770,380
ORD0009799,12/02/2024,20240212,CUS02384,8,EMP0140,  InstaPay  ,Completed,119,70
ORD0010427,12/02/2024,20240212,CUS02676,3,EMP0077,Vodafone Cash,Completed,930,440
ORD0008752,12/02/2024,20240212,CUS01889,12,EMP0178,Credit Card,Completed,1491,750
ORD0001159,12/02/2024,20240212,CUS00913,14,EMP0194,Cash,Completed,447.5,240
ORD0009970,12/02/2024,20240212,CUS02966,2,EMP0039,Vodafone Cash,Completed,1655,880
ORD0002305,12/02/2024,20240212,CUS01679,4,EMP0091,Vodafone Cash,Completed,6374,7180
ORD0011933,12/02/2024,20240212,CUS01831,6,EMP0118,Fawry,Completed,800,380
ORD0004934,12/02/2024,20240212,CUS01626,3,EMP0059,Vodafone Cash,Completed,2253,1130
ORD0011438,12/02/2024,20240212,CUS02848,4,EMP0079,Fawry,Completed,252,140
ORD0004271,12/02/2024,20240212,CUS02086,3,EMP0077,InstaPay,Completed,1737,870
ORD0008367,12/02/2024,20240212,CUS00247,4,EMP0080,Vodafone Cash,Completed,1950,930
ORD0009630,12/02/2024,20240212,CUS02707,9,EMP0145,Credit Card,Completed,1110,550
ORD0001274,13/02/2024,20240213,CUS02120,5,EMP0097,Cash,Completed,801.5,450
ORD0005553,13/02/2024,20240213,CUS01181,7,EMP0128,Vodafone Cash,Cancelled,1323,680
ORD0000886,13/02/2024,20240213,CUS02004,14,EMP0198,Debit Card,Completed,405,260
ORD0010858,14/02/2024,20240214,CUS01109,12,,Fawry,Completed,1732,990
ORD0008247,14/02/2024,20240214,CUS01243,4,EMP0082,Vodafone Cash,Completed,12200,9800
ORD0004435,14/02/2024,20240214,CUS01044,1,EMP0020,Vodafone Cash,Completed,1759,920
ORD0001354,14/02/2024,20240214,CUS02937,14,EMP0195,InstaPay,Completed,740,360
ORD0003727,14/02/2024,20240214,CUS01954,3,EMP0078,Cash,Completed,1079.5,600
ORD0008783,14/02/2024,20240214,CUS00863,9,EMP0146,  Vodafone Cash  ,Completed,210,110
ORD0008830,14/02/2024,20240214,CUS00038,1,EMP0009,Vodafone Cash,Completed,1251,670
ORD0000654,15/02/2024,20240215,CUS02651,2,EMP0034,Cash,Completed,378,270
ORD0006796,15/02/2024,20240215,CUS01056,6,EMP0118,Vodafone Cash,Completed,627,320
ORD0002905,15/02/2024,20240215,CUS01013,1,EMP0015,Credit Card,Completed,15542,12360
ORD0009845,15/02/2024,20240215,CUS00508,4,EMP0092,InstaPay,Returned,976,520
ORD0006738,15/02/2024,20240215,CUS00113,1,EMP0001,InstaPay,Completed,2941,1780
ORD0001091,15/02/2024,20240215,CUS01815,9,EMP0150,Fawry,Completed,300,200
ORD0005153,15/02/2024,20240215,CUS01664,1,EMP0005,InstaPay,Completed,1136,580
ORD0011248,15/02/2024,20240215,CUS00423,10,EMP0154,Vodafone Cash,Completed,1653,870
ORD0002942,15/02/2024,20240215,CUS00160,2,EMP0050,Debit Card,Completed,5600,4500
ORD0002621,15/02/2024,20240215,CUS02705,1,EMP0027,  InstaPay  ,Completed,1900,1600
ORD0008599,15/02/2024,20240215,CUS01275,2,EMP0032,Debit Card,Completed,869,440
ORD0000782,15/02/2024,20240215,CUS01528,3,EMP0067,InstaPay,Completed,1041,570
ORD0002276,15/02/2024,20240215,CUS02151,2,EMP0054,Fawry,Returned,2415.5,1190
ORD0010306,15/02/2024,20240215,CUS02960,7,EMP0133,Fawry,Completed,900,490
ORD0001413,15/02/2024,20240215,CUS02209,7,EMP0128,  InstaPay  ,Completed,12600,11200
ORD0005380,15/02/2024,20240215,CUS01394,4,EMP0080,Fawry,Completed,2657,1360
ORD0009698,16/02/2024,20240216,CUS01358,11,EMP0168,Debit Card,Completed,98,70
ORD0000102,16/02/2024,20240216,CUS00807,10,EMP0155,InstaPay,Completed,2090,1020
ORD0007809,16/02/2024,20240216,CUS01009,10,EMP0155,Vodafone Cash,Completed,3322,1720
ORD0010577,16/02/2024,20240216,CUS02215,3,EMP0059,Fawry,Returned,405,240
ORD0003797,16/02/2024,20240216,CUS00767,14,EMP0198,  Fawry  ,Completed,240,140
ORD0003222,16/02/2024,20240216,CUS01447,8,,Credit Card,Completed,1026,560
ORD0009919,16/02/2024,20240216,CUS02290,1,EMP0012,Debit Card,Completed,256.5,120
ORD0009949,16/02/2024,20240216,CUS01465,12,EMP0180,Debit Card,Completed,430,210
ORD0001723,16/02/2024,20240216,CUS01079,2,EMP0044,Cash,Completed,16065,12410
ORD0003970,16/02/2024,20240216,CUS01954,4,EMP0091,  Cash  ,Returned,510,250
ORD0002674,17/02/2024,20240217,CUS00354,3,EMP0067,Vodafone Cash,Completed,180,80
ORD0003886,17/02/2024,20240217,CUS02858,14,EMP0197,Credit Card,Completed,225,120
ORD0002241,17/02/2024,20240217,CUS00356,15,EMP0211,  Cash  ,Completed,990,610
ORD0004925,17/02/2024,20240217,CUS01738,14,EMP0202,Vodafone Cash,Completed,144,70
ORD0005105,17/02/2024,20240217,CUS02470,11,EMP0165,Credit Card,Cancelled,339.5,190
ORD0003202,17/02/2024,20240217,CUS00594,4,EMP0080,Cash,Completed,2194,1200
ORD0000073,17/02/2024,20240217,CUS02065,3,EMP0055,InstaPay,Completed,8990,6910
ORD0011380,17/02/2024,20240217,CUS01269,1,EMP0018,Credit Card,Cancelled,1605.5,870
ORD0000594,17/02/2024,20240217,CUS01810,6,EMP0115,InstaPay,Completed,484.5,250
ORD0000729,17/02/2024,20240217,CUS01800,2,EMP0041,Cash,Completed,840,410
ORD0007121,17/02/2024,20240217,CUS01780,1,EMP0015,Cash,Returned,936.5,550
ORD0004114,17/02/2024,20240217,CUS01804,2,EMP0036,Fawry,Completed,360,240
ORD0004805,17/02/2024,20240217,CUS01119,1,EMP0025,Credit Card,Completed,1120,560
ORD0011159,18/02/2024,20240218,CUS01126,12,EMP0182,Fawry,Completed,1728,940
ORD0002030,18/02/2024,20240218,CUS01085,1,EMP0014,Cash,Completed,2254,1120
ORD0007988,18/02/2024,20240218,CUS02379,1,EMP0028,InstaPay,Completed,1162,600
ORD0000984,18/02/2024,20240218,CUS00424,2,EMP0037,Cash,Completed,1541,860
ORD0002466,18/02/2024,20240218,CUS02789,5,EMP0102,Fawry,Completed,1081.5,560
ORD0010171,18/02/2024,20240218,CUS02085,5,EMP0106,Vodafone Cash,Completed,123.5,60
ORD0006730,18/02/2024,20240218,CUS02695,1,EMP0007,Cash,Completed,1148,620
ORD0010232,18/02/2024,20240218,CUS02928,4,EMP0092,Vodafone Cash,Completed,3495,1800
ORD0001827,18/02/2024,20240218,CUS01941,8,EMP0141,Debit Card,Completed,6050,4510
ORD0003807,18/02/2024,20240218,CUS00121,9,,Cash,Completed,351.5,180
ORD0005364,19/02/2024,20240219,CUS02329,4,EMP0089,Debit Card,Completed,589,300
ORD0008786,19/02/2024,20240219,CUS01621,12,EMP0181,InstaPay,Returned,520,260
ORD0010031,19/02/2024,20240219,CUS02523,3,EMP0072,Credit Card,Completed,1082.5,640
ORD0004226,19/02/2024,20240219,CUS00719,15,EMP0208,InstaPay,Completed,515,280
ORD0004625,19/02/2024,20240219,CUS01737,5,EMP0099,InstaPay,Completed,1436,700
ORD0001432,19/02/2024,20240219,CUS01996,5,EMP0105,Credit Card,Cancelled,130,60
ORD0009912,19/02/2024,20240219,CUS00092,14,EMP0198,  Credit Card  ,Completed,81,40
ORD0002589,19/02/2024,20240219,CUS00317,13,EMP0188,Vodafone Cash,Completed,2269,1210
ORD0011526,19/02/2024,20240219,CUS02756,3,,InstaPay,Completed,580,280
ORD0002021,19/02/2024,20240219,CUS02387,7,EMP0128,Debit Card,Completed,20000,16000
ORD0002420,19/02/2024,20240219,CUS02854,3,EMP0073,Credit Card,Completed,9000,8000
ORD0001256,19/02/2024,20240219,CUS00727,7,EMP0135,  Fawry  ,Completed,11520,10660
ORD0006454,20/02/2024,20240220,CUS00566,2,EMP0046,Debit Card,Completed,2797,1460
ORD0009540,20/02/2024,20240220,CUS02109,1,EMP0027,Cash,Completed,1449.5,770
ORD0000658,20/02/2024,20240220,CUS01612,5,EMP0103,InstaPay,Completed,2334,1250
ORD0011513,20/02/2024,20240220,CUS00258,1,EMP0025,  Vodafone Cash  ,Completed,80,40
ORD0001631,20/02/2024,20240220,CUS00816,1,EMP0002,Debit Card,Completed,357,200
ORD0004796,20/02/2024,20240220,CUS02087,1,EMP0027,Cash,Completed,675,440
ORD0002597,20/02/2024,20240220,CUS01136,3,EMP0076,Debit Card,Completed,590,280
ORD0007044,20/02/2024,20240220,CUS00122,6,EMP0125,Credit Card,Completed,2388,1740
ORD0001479,20/02/2024,20240220,CUS00623,6,EMP0123,  Debit Card  ,Completed,1044,520
ORD0008636,21/02/2024,20240221,CUS00583,3,EMP0065,  Cash  ,Completed,304,140
ORD0004744,21/02/2024,20240221,CUS00800,3,EMP0065,  Fawry  ,Completed,130,60
ORD0006171,21/02/2024,20240221,CUS01483,3,,Fawry,Completed,430,210
ORD0011896,21/02/2024,20240221,CUS01913,1,EMP0006,Fawry,Completed,1413,770
ORD0005879,21/02/2024,20240221,CUS00798,3,EMP0067,  Fawry  ,Returned,756,390
ORD0003033,21/02/2024,20240221,CUS02537,10,EMP0152,  Debit Card  ,Completed,11004.5,9750
ORD0002928,21/02/2024,20240221,CUS00158,8,EMP0142,Fawry,Completed,1288,670
ORD0001660,21/02/2024,20240221,CUS00624,9,EMP0148,Debit Card,Cancelled,819,400
ORD0011738,21/02/2024,20240221,CUS00787,12,EMP0183,InstaPay,Completed,61535,60460
ORD0005107,21/02/2024,20240221,CUS01806,2,,Fawry,Completed,1178,590
ORD0008902,21/02/2024,20240221,CUS00447,15,EMP0205,Credit Card,Completed,218.5,110
ORD0010281,21/02/2024,20240221,CUS01545,10,EMP0159,Debit Card,Completed,882,480
ORD0003482,22/02/2024,20240222,CUS02151,5,EMP0104,Fawry,Completed,980,480
ORD0002701,22/02/2024,20240222,CUS02611,3,EMP0070,Vodafone Cash,Completed,4741,2390
ORD0003981,22/02/2024,20240222,CUS01527,2,EMP0047,Vodafone Cash,Completed,9772,9040
ORD0003931,22/02/2024,20240222,CUS01357,3,EMP0069,Vodafone Cash,Completed,6230,5740
ORD0000162,22/02/2024,20240222,CUS02295,1,EMP0012,Fawry,Returned,629,370
ORD0011284,22/02/2024,20240222,CUS02993,7,EMP0130,Vodafone Cash,Completed,3600,3200
ORD0002267,22/02/2024,20240222,CUS02118,3,EMP0069,  Credit Card  ,Completed,808,480
ORD0005681,22/02/2024,20240222,CUS02435,1,EMP0024,Debit Card,Cancelled,1979,1090
ORD0008525,23/02/2024,20240223,CUS01872,6,EMP0125,  Credit Card  ,Returned,29600,29600
ORD0003982,23/02/2024,20240223,CUS01437,5,EMP0099,Cash,Completed,1440,690
ORD0011936,23/02/2024,20240223,CUS02135,14,EMP0195,Debit Card,Completed,6359,4940
ORD0008992,23/02/2024,20240223,CUS01953,2,EMP0033,Debit Card,Completed,150,70
ORD0006208,23/02/2024,20240223,CUS01752,8,EMP0143,Fawry,Completed,769.5,390
ORD0006484,23/02/2024,20240223,CUS00366,11,EMP0171,Vodafone Cash,Completed,171,90
ORD0001687,23/02/2024,20240223,CUS02460,2,EMP0036,Vodafone Cash,Completed,450,210
ORD0008061,23/02/2024,20240223,CUS02250,10,EMP0153,InstaPay,Completed,170,80
ORD0003155,23/02/2024,20240223,CUS01486,2,EMP0035,Fawry,Completed,1052,550
ORD0009099,23/02/2024,20240223,CUS01247,10,EMP0162,Vodafone Cash,Completed,3554,2690
ORD0009247,23/02/2024,20240223,CUS01170,1,EMP0026,Debit Card,Completed,671,380
ORD0011348,24/02/2024,20240224,CUS00428,4,EMP0088,Cash,Cancelled,707,360
ORD0009351,24/02/2024,20240224,CUS00212,7,EMP0132,InstaPay,Completed,2194.5,1140
ORD0000647,24/02/2024,20240224,CUS01455,5,EMP0108,Vodafone Cash,Completed,1931,1040
ORD0000118,24/02/2024,20240224,CUS02004,1,EMP0010,Debit Card,Completed,1444,740
ORD0003966,24/02/2024,20240224,CUS02258,1,EMP0024,  Cash  ,Completed,1520,740
ORD0011564,24/02/2024,20240224,CUS01579,11,EMP0173,  InstaPay  ,Completed,45052,35740
ORD0009184,24/02/2024,20240224,CUS01788,4,EMP0092,Cash,Completed,703,360
ORD0002335,24/02/2024,20240224,CUS02482,14,EMP0194,Cash,Cancelled,964,540
ORD0005913,24/02/2024,20240224,CUS01144,12,EMP0181,Cash,Completed,5963.5,5040
ORD0007585,25/02/2024,20240225,CUS01706,5,EMP0104,InstaPay,Completed,1127,640
ORD0010783,25/02/2024,20240225,CUS00934,3,EMP0073,Credit Card,Completed,540,270
ORD0011888,25/02/2024,20240225,CUS01935,1,EMP0004,Vodafone Cash,Cancelled,162,80
ORD0009425,25/02/2024,20240225,CUS01454,8,EMP0144,Debit Card,Completed,480,220
ORD0007978,25/02/2024,20240225,CUS00850,9,EMP0149,InstaPay,Completed,2125.5,1080
ORD0005566,25/02/2024,20240225,CUS00973,5,EMP0111,Cash,Completed,3157.5,1630
ORD0007801,25/02/2024,20240225,CUS00062,3,EMP0058,Credit Card,Completed,1320,800
ORD0002735,25/02/2024,20240225,CUS01662,8,EMP0141,Fawry,Completed,2128,1070
ORD0006033,25/02/2024,20240225,CUS00563,3,EMP0068,InstaPay,Completed,52725,44400
ORD0009812,26/02/2024,20240226,CUS00026,6,EMP0113,Debit Card,Completed,1900,1600
ORD0001744,26/02/2024,20240226,CUS02492,15,EMP0206,Credit Card,Returned,3148,1580
ORD0001458,26/02/2024,20240226,CUS00029,2,EMP0037,  Fawry  ,Completed,11025,11800
ORD0004691,26/02/2024,20240226,CUS01889,1,EMP0017,InstaPay,Completed,2626,1380
ORD0010456,26/02/2024,20240226,CUS01441,11,EMP0167,Credit Card,Completed,1210,590
ORD0003883,27/02/2024,20240227,CUS01056,3,EMP0056,Fawry,Completed,1771.5,1010
ORD0011031,27/02/2024,20240227,CUS00545,4,EMP0093,Vodafone Cash,Completed,560,350
ORD0008983,27/02/2024,20240227,CUS01701,5,EMP0095,Fawry,Completed,172.5,110
ORD0010976,27/02/2024,20240227,CUS00762,2,,Credit Card,Completed,1926,1060
ORD0000475,27/02/2024,20240227,CUS01354,11,EMP0167,Vodafone Cash,Completed,810,390
ORD0010664,27/02/2024,20240227,CUS02258,8,EMP0138,  Vodafone Cash  ,Completed,801,400
ORD0008728,27/02/2024,20240227,CUS00352,10,EMP0154,Vodafone Cash,Completed,40416,42800
ORD0000457,27/02/2024,20240227,CUS02972,5,EMP0103,Credit Card,Completed,1060,510
ORD0003854,27/02/2024,20240227,CUS02537,10,EMP0159,  InstaPay  ,Completed,1176,640
ORD0004798,27/02/2024,20240227,CUS02901,2,EMP0043,Vodafone Cash,Completed,1055,570
ORD0008675,27/02/2024,20240227,CUS01868,1,EMP0028,Debit Card,Returned,920,450
ORD0003667,27/02/2024,20240227,CUS01466,3,EMP0072,InstaPay,Completed,1319,670
ORD0002367,27/02/2024,20240227,CUS00857,6,EMP0117,Vodafone Cash,Completed,1680,810
ORD0002185,27/02/2024,20240227,CUS02390,10,EMP0158,Vodafone Cash,Returned,207,110
ORD0002518,28/02/2024,20240228,CUS02896,10,EMP0152,Cash,Completed,1270.5,610
ORD0004369,28/02/2024,20240228,CUS01113,2,EMP0039,InstaPay,Completed,150,70
ORD0007612,28/02/2024,20240228,CUS00109,10,EMP0160,InstaPay,Completed,940,450
ORD0009154,28/02/2024,20240228,CUS02031,8,,Fawry,Completed,13500,12000
ORD0002871,28/02/2024,20240228,CUS01672,2,EMP0052,  Fawry  ,Completed,420,180
ORD0009674,28/02/2024,20240228,CUS00581,1,EMP0016,InstaPay,Completed,918,450
ORD0007424,28/02/2024,20240228,CUS00297,3,EMP0055,Debit Card,Returned,2580,1530
ORD0007820,29/02/2024,20240229,CUS02388,4,EMP0091,  Credit Card  ,Completed,1229.5,580
ORD0010212,29/02/2024,20240229,CUS02965,2,EMP0049,  Credit Card  ,Completed,378,210
ORD0007183,29/02/2024,20240229,CUS00700,4,EMP0092,Fawry,Completed,1410,690
ORD0003778,29/02/2024,20240229,CUS01408,4,EMP0083,InstaPay,Returned,500,240
ORD0006221,29/02/2024,20240229,CUS00640,1,EMP0020,  Vodafone Cash  ,Completed,6102,5340
ORD0010348,29/02/2024,20240229,CUS00332,2,EMP0052,Vodafone Cash,Completed,717,380
ORD0005028,29/02/2024,20240229,CUS01036,2,EMP0034,InstaPay,Completed,535,260
ORD0000497,29/02/2024,20240229,CUS00627,12,EMP0182,Fawry,Completed,14310,12700
ORD0004300,29/02/2024,20240229,CUS00374,7,EMP0132,Fawry,Completed,1834,860
ORD0003388,29/02/2024,20240229,CUS01301,10,EMP0154,Fawry,Completed,780,390
ORD0009782,29/02/2024,20240229,CUS01358,13,EMP0185,Credit Card,Completed,606.5,350
ORD0004284,29/02/2024,20240229,CUS00422,6,EMP0114,  Vodafone Cash  ,Completed,45928,42580
ORD0006435,01/03/2024,20240301,CUS00861,3,EMP0069,Fawry,Completed,1186,590
ORD0006481,01/03/2024,20240301,CUS00271,1,EMP0014,Cash,Completed,1520,740
ORD0010222,01/03/2024,20240301,CUS02540,15,EMP0212,InstaPay,Completed,11200,8900
ORD0006884,02/03/2024,20240302,CUS01026,14,EMP0199,Cash,Completed,891,480
ORD0007981,02/03/2024,20240302,CUS02064,8,EMP0138,Debit Card,Completed,120,70
ORD0006523,02/03/2024,20240302,CUS00628,14,EMP0203,Debit Card,Completed,14425,12050
ORD0000855,02/03/2024,20240302,CUS02247,7,EMP0134,  Cash  ,Completed,280,140
ORD0002534,02/03/2024,20240302,CUS01654,11,EMP0170,Cash,Completed,1010,580
ORD0010401,02/03/2024,20240302,CUS01522,15,EMP0214,Cash,Completed,432,210
ORD0007969,02/03/2024,20240302,CUS01374,7,,Credit Card,Completed,1220,590
ORD0009775,02/03/2024,20240302,CUS01366,4,EMP0079,  Fawry  ,Completed,7740,5870
ORD0006449,02/03/2024,20240302,CUS00022,3,EMP0065,Credit Card,Cancelled,420,210
ORD0003683,02/03/2024,20240302,CUS00289,12,EMP0175,  InstaPay  ,Completed,1011,500
ORD0010345,02/03/2024,20240302,CUS01583,6,EMP0121,  InstaPay  ,Completed,9682.5,7630
ORD0002035,02/03/2024,20240302,CUS02468,2,EMP0030,Fawry,Completed,965,540
ORD0000667,02/03/2024,20240302,CUS01152,11,EMP0172,Credit Card,Completed,972,480
ORD0003403,02/03/2024,20240302,CUS01491,2,EMP0030,InstaPay,Completed,550.5,270
ORD0007936,02/03/2024,20240302,CUS00939,2,EMP0050,Cash,Completed,400,200
ORD0010527,02/03/2024,20240302,CUS01665,11,EMP0166,  Vodafone Cash  ,Completed,4859,3580
ORD0007998,02/03/2024,20240302,CUS02399,8,EMP0144,  Vodafone Cash  ,Returned,1767.5,1090
ORD0002586,02/03/2024,20240302,CUS00221,1,EMP0008,Vodafone Cash,Completed,518.5,300
ORD0007894,03/03/2024,20240303,CUS00006,3,EMP0055,Debit Card,Returned,3690,1810
ORD0003755,03/03/2024,20240303,CUS01766,1,EMP0006,Credit Card,Cancelled,1365,780
ORD0008308,03/03/2024,20240303,CUS01457,2,EMP0049,Cash,Completed,135,70
ORD0008299,03/03/2024,20240303,CUS02239,7,EMP0134,Debit Card,Completed,31575,28900
ORD0006614,03/03/2024,20240303,CUS01549,1,EMP0019,Debit Card,Completed,12080,9540
ORD0008839,03/03/2024,20240303,CUS01999,1,EMP0022,Fawry,Returned,841.5,480
ORD0010700,03/03/2024,20240303,CUS02034,1,EMP0025,Cash,Completed,266,140
ORD0005961,03/03/2024,20240303,CUS01162,2,EMP0049,Credit Card,Completed,612,340
ORD0007408,03/03/2024,20240303,CUS02217,6,,  Credit Card  ,Completed,39011.5,36210
ORD0009984,03/03/2024,20240303,CUS00150,13,EMP0186,Debit Card,Completed,540,300
ORD0002477,03/03/2024,20240303,CUS00650,3,EMP0060,Fawry,Completed,6789,5360
ORD0000104,04/03/2024,20240304,CUS00752,4,,InstaPay,Completed,2500,2000
ORD0000559,04/03/2024,20240304,CUS01997,1,EMP0015,  Vodafone Cash  ,Returned,525.5,280
ORD0011667,04/03/2024,20240304,CUS00811,2,EMP0046,  Vodafone Cash  ,Completed,243,130
ORD0009079,04/03/2024,20240304,CUS00980,1,EMP0017,Cash,Completed,1790,900
ORD0000981,04/03/2024,20240304,CUS01333,11,EMP0168,InstaPay,Completed,1596,840
ORD0002608,04/03/2024,20240304,CUS02414,12,EMP0182,Credit Card,Completed,2039,1160
ORD0007333,04/03/2024,20240304,CUS01662,1,EMP0001,Fawry,Completed,43011,36140
ORD0010973,04/03/2024,20240304,CUS02375,10,EMP0156,InstaPay,Completed,14499,12800
ORD0010838,04/03/2024,20240304,CUS00142,11,EMP0166,Debit Card,Completed,987,690
ORD0005341,04/03/2024,20240304,CUS01930,11,EMP0173,Fawry,Completed,17380,14980
ORD0009018,04/03/2024,20240304,CUS00296,11,EMP0171,InstaPay,Completed,520,240
ORD0004161,04/03/2024,20240304,CUS01359,9,EMP0146,Cash,Completed,5605,4700
ORD0002630,05/03/2024,20240305,CUS02077,1,EMP0022,Debit Card,Completed,370,200
ORD0011561,05/03/2024,20240305,CUS02439,9,EMP0147,Cash,Completed,7340,5380
ORD0003019,05/03/2024,20240305,CUS00435,5,EMP0104,Vodafone Cash,Completed,15886.5,11870
ORD0003659,05/03/2024,20240305,CUS01606,1,EMP0002,  Fawry  ,Completed,17029.5,14750
ORD0010288,05/03/2024,20240305,CUS01708,4,EMP0087,Cash,Completed,168,100
ORD0010746,05/03/2024,20240305,CUS00732,3,EMP0057,Credit Card,Completed,1062,880
ORD0007560,05/03/2024,20240305,CUS00188,15,EMP0213,Fawry,Completed,6345,6000
ORD0005970,05/03/2024,20240305,CUS01631,1,EMP0004,InstaPay,Completed,558,280
ORD0011574,06/03/2024,20240306,CUS02014,12,,  Debit Card  ,Completed,240,120
ORD0000445,06/03/2024,20240306,CUS01313,15,EMP0205,Debit Card,Completed,8800.5,6800
ORD0011652,06/03/2024,20240306,CUS01212,5,EMP0097,  Fawry  ,Completed,430,210
ORD0011839,06/03/2024,20240306,CUS02918,2,EMP0029,  Fawry  ,Cancelled,13552.5,10690
ORD0011430,06/03/2024,20240306,CUS00989,1,EMP0010,Cash,Completed,13515,10770
ORD0005082,06/03/2024,20240306,CUS01224,2,EMP0045,Fawry,Cancelled,360,180
ORD0003252,06/03/2024,20240306,CUS00316,2,EMP0043,Cash,Completed,2058,1100
ORD0008490,06/03/2024,20240306,CUS00675,5,EMP0100,Cash,Completed,437,230
ORD0008892,06/03/2024,20240306,CUS02846,1,EMP0016,  Credit Card  ,Completed,8913,7770
ORD0005510,06/03/2024,20240306,CUS00371,3,EMP0057,Vodafone Cash,Completed,1584,840
ORD0009894,06/03/2024,20240306,CUS01170,15,EMP0207,Vodafone Cash,Returned,980,480
ORD0008714,06/03/2024,20240306,CUS02085,4,EMP0091,Debit Card,Cancelled,864,460
ORD0003035,06/03/2024,20240306,CUS01923,7,EMP0136,  Fawry  ,Completed,9278,7310
ORD0002813,06/03/2024,20240306,CUS01349,11,EMP0168,Debit Card,Completed,247.5,160
ORD0004875,06/03/2024,20240306,CUS01734,5,EMP0103,Fawry,Completed,1167.5,690
ORD0007375,06/03/2024,20240306,CUS01897,15,EMP0214,InstaPay,Returned,28688,24010
ORD0011741,06/03/2024,20240306,CUS01849,12,EMP0180,Debit Card,Completed,790,400
ORD0003912,07/03/2024,20240307,CUS02573,15,EMP0212,Debit Card,Completed,1997,980
ORD0003318,07/03/2024,20240307,CUS01699,6,EMP0116,Debit Card,Returned,1310,980
ORD0001955,07/03/2024,20240307,CUS00554,4,EMP0080,Cash,Completed,261,130
ORD0000005,07/03/2024,20240307,CUS00418,6,EMP0116,Fawry,Completed,9530,7800
ORD0004613,07/03/2024,20240307,CUS00027,13,,  Debit Card  ,Completed,520,240
ORD0011911,07/03/2024,20240307,CUS02172,2,EMP0035,InstaPay,Completed,1034,550
ORD0000717,07/03/2024,20240307,CUS02996,3,EMP0056,Debit Card,Completed,12600,12300
ORD0011639,07/03/2024,20240307,CUS02516,8,EMP0140,Fawry,Completed,876,450
ORD0009078,07/03/2024,20240307,CUS01422,5,EMP0110,  Debit Card  ,Completed,3458.5,2960
ORD0007409,08/03/2024,20240308,CUS01974,6,EMP0116,Vodafone Cash,Completed,5000,4000
ORD0003503,08/03/2024,20240308,CUS00183,4,EMP0082,Debit Card,Completed,450,220
ORD0003495,08/03/2024,20240308,CUS00955,14,EMP0194,Cash,Cancelled,1843,920
ORD0007546,08/03/2024,20240308,CUS01487,4,EMP0079,  Credit Card  ,Completed,11208,9720
ORD0000098,08/03/2024,20240308,CUS00444,1,EMP0021,Credit Card,Completed,965.5,520
ORD0000806,08/03/2024,20240308,CUS00001,14,EMP0196,InstaPay,Completed,9594,8360
ORD0000656,08/03/2024,20240308,CUS02533,2,EMP0036,InstaPay,Completed,441,220
ORD0007371,08/03/2024,20240308,CUS02934,3,EMP0076,Cash,Completed,1895,990
ORD0003528,08/03/2024,20240308,CUS02123,11,EMP0171,Debit Card,Completed,1644,810
ORD0009900,08/03/2024,20240308,CUS00224,1,EMP0007,Cash,Completed,104,60
ORD0008985,08/03/2024,20240308,CUS01092,4,EMP0081,Debit Card,Completed,202.5,130
ORD0008095,08/03/2024,20240308,CUS01409,4,EMP0089,Credit Card,Completed,378,200
ORD0003768,09/03/2024,20240309,CUS02794,2,EMP0032,Fawry,Completed,857,420
ORD0001429,09/03/2024,20240309,CUS00733,2,EMP0046,InstaPay,Completed,400,250
ORD0005653,09/03/2024,20240309,CUS02099,2,EMP0035,InstaPay,Completed,540,260
ORD0001294,09/03/2024,20240309,CUS01500,13,EMP0191,Fawry,Completed,204,110
ORD0000468,09/03/2024,20240309,CUS02359,7,EMP0134,Debit Card,Completed,1372,670
ORD0010516,09/03/2024,20240309,CUS02889,5,EMP0102,  Vodafone Cash  ,Completed,2516.5,1270
ORD0003190,09/03/2024,20240309,CUS01129,2,EMP0038,Cash,Completed,1333,670
ORD0005977,09/03/2024,20240309,CUS02840,3,EMP0075,Vodafone Cash,Completed,694,330
ORD0002702,10/03/2024,20240310,CUS00956,3,EMP0070,Credit Card,Completed,130,60
ORD0006006,10/03/2024,20240310,CUS00466,3,EMP0057,  Fawry  ,Completed,856,470
ORD0010819,10/03/2024,20240310,CUS02407,7,EMP0132,Fawry,Completed,490,230
ORD0001046,10/03/2024,20240310,CUS00006,4,EMP0081,Debit Card,Completed,26631.5,21100
ORD0008716,10/03/2024,20240310,CUS01051,4,EMP0090,Debit Card,Completed,1690,860
ORD0002877,10/03/2024,20240310,CUS01846,12,EMP0174,Debit Card,Completed,230,110
ORD0008455,10/03/2024,20240310,CUS02244,15,EMP0213,Credit Card,Completed,657,360
ORD0004987,11/03/2024,20240311,CUS00818,10,EMP0154,  Vodafone Cash  ,Completed,37794,32660
ORD0006595,11/03/2024,20240311,CUS02454,2,EMP0035,InstaPay,Completed,1880,920
ORD0010378,11/03/2024,20240311,CUS02925,14,EMP0203,Credit Card,Completed,300,150
ORD0001198,11/03/2024,20240311,CUS02506,3,EMP0073,  Fawry  ,Completed,300,150
ORD0009678,11/03/2024,20240311,CUS02413,10,EMP0156,  Fawry  ,Completed,30110.5,32000
ORD0010001,11/03/2024,20240311,CUS01842,15,EMP0206,Fawry,Completed,449,290
ORD0010627,11/03/2024,20240311,CUS01436,5,,Fawry,Completed,270,130
ORD0010758,11/03/2024,20240311,CUS02452,11,EMP0165,  Vodafone Cash  ,Completed,696,410
ORD0004488,11/03/2024,20240311,CUS00568,14,EMP0200,Fawry,Completed,976.5,540
ORD0002208,11/03/2024,20240311,CUS01312,4,EMP0081,  Debit Card  ,Completed,860,420
ORD0005628,11/03/2024,20240311,CUS00461,12,EMP0181,InstaPay,Completed,1720,840
ORD0008834,11/03/2024,20240311,CUS02790,13,EMP0193,Cash,Completed,210,100
ORD0000641,12/03/2024,20240312,CUS00317,2,EMP0051,Vodafone Cash,Completed,480,230
ORD0007160,12/03/2024,20240312,CUS00068,11,EMP0167,  Fawry  ,Completed,966,500
ORD0007208,12/03/2024,20240312,CUS00677,2,EMP0039,Vodafone Cash,Completed,648,330
ORD0009317,12/03/2024,20240312,CUS00393,4,EMP0088,InstaPay,Completed,2079.5,1100
ORD0006312,12/03/2024,20240312,CUS02844,3,EMP0072,InstaPay,Completed,216,130
ORD0004954,12/03/2024,20240312,CUS00425,1,EMP0001,  Cash  ,Completed,740,360
ORD0005630,12/03/2024,20240312,CUS00822,8,EMP0139,InstaPay,Completed,2690,1430
ORD0001318,12/03/2024,20240312,CUS01506,1,EMP0009,Vodafone Cash,Cancelled,288,150
ORD0006292,12/03/2024,20240312,CUS00952,5,EMP0108,Cash,Completed,870,460
ORD0009057,12/03/2024,20240312,CUS01261,11,EMP0166,  Cash  ,Completed,15704,12350
ORD0005229,12/03/2024,20240312,CUS02213,6,,  Fawry  ,Completed,475,240
ORD0010770,12/03/2024,20240312,CUS02281,2,EMP0047,Cash,Completed,480,230
ORD0000360,13/03/2024,20240313,CUS00153,7,EMP0135,Vodafone Cash,Cancelled,738,390
ORD0003043,13/03/2024,20240313,CUS01254,4,EMP0093,  InstaPay  ,Completed,1065,600
ORD0002830,13/03/2024,20240313,CUS02685,5,EMP0099,Cash,Completed,126,70
ORD0003151,13/03/2024,20240313,CUS02154,6,EMP0120,  InstaPay  ,Completed,240,120
ORD0010384,13/03/2024,20240313,CUS00683,4,EMP0081,Debit Card,Completed,1624.5,840
ORD0000017,13/03/2024,20240313,CUS01929,9,EMP0148,InstaPay,Returned,8285,6540
ORD0011049,13/03/2024,20240313,CUS01227,13,EMP0185,Credit Card,Completed,700,350
ORD0000335,13/03/2024,20240313,CUS02300,12,EMP0176,Vodafone Cash,Returned,447,250
ORD0009656,13/03/2024,20240313,CUS02827,2,EMP0049,Cash,Completed,150,70
ORD0011227,14/03/2024,20240314,CUS00642,5,EMP0096,  InstaPay  ,Cancelled,1800,1500
ORD0001775,14/03/2024,20240314,CUS00103,3,EMP0073,Credit Card,Completed,1104,550
ORD0005155,14/03/2024,20240314,CUS01667,11,EMP0168,Debit Card,Completed,520,250
ORD0011681,14/03/2024,20240314,CUS01335,5,EMP0110,Fawry,Completed,932,470
ORD0002038,14/03/2024,20240314,CUS02565,14,EMP0199,Debit Card,Completed,2622,1960
ORD0011419,14/03/2024,20240314,CUS01720,14,EMP0200,Debit Card,Completed,1872,1000
ORD0009575,14/03/2024,20240314,CUS02383,6,EMP0118,  Fawry  ,Returned,2090,1020
ORD0011097,14/03/2024,20240314,CUS02867,6,EMP0120,Debit Card,Completed,210,100
ORD0011164,14/03/2024,20240314,CUS02403,1,,  Credit Card  ,Completed,907,470
ORD0010276,14/03/2024,20240314,CUS01352,3,EMP0060,Fawry,Completed,6634.5,5380
ORD0001431,15/03/2024,20240315,CUS01704,8,EMP0144,InstaPay,Completed,221,120
ORD0010335,15/03/2024,20240315,CUS02155,4,EMP0092,Vodafone Cash,Completed,1950,1380
ORD0000495,15/03/2024,20240315,CUS01170,7,EMP0135,Cash,Completed,990,470
ORD0005354,15/03/2024,20240315,CUS01569,5,EMP0109,Fawry,Completed,1030,490
ORD0010207,15/03/2024,20240315,CUS00285,7,EMP0128,Cash,Completed,1746,880
ORD0003437,15/03/2024,20240315,CUS01183,5,EMP0098,Cash,Completed,1200,590
ORD0011520,15/03/2024,20240315,CUS00926,4,EMP0091,Cash,Completed,1398,740
ORD0006656,15/03/2024,20240315,CUS02254,6,EMP0120,InstaPay,Completed,17789,13710
ORD0007003,15/03/2024,20240315,CUS01774,2,EMP0050,Cash,Returned,698,340
ORD0006098,16/03/2024,20240316,CUS00774,1,EMP0019,  Debit Card  ,Completed,1226,610
ORD0008555,16/03/2024,20240316,CUS01612,6,EMP0122,Vodafone Cash,Completed,684,360
ORD0010046,16/03/2024,20240316,CUS02306,7,EMP0130,  InstaPay  ,Completed,1040,520
ORD0005980,16/03/2024,20240316,CUS00563,3,,Vodafone Cash,Completed,16620,14770
ORD0002642,16/03/2024,20240316,CUS02549,11,EMP0166,Debit Card,Returned,1390,720
ORD0010599,16/03/2024,20240316,CUS01620,1,EMP0005,Fawry,Completed,548.5,280
ORD0000012,16/03/2024,20240316,CUS01090,3,EMP0073,  Debit Card  ,Completed,2360,1160
ORD0003097,16/03/2024,20240316,CUS00466,1,EMP0011,Cash,Completed,1051,530
ORD0003541,16/03/2024,20240316,CUS00543,2,EMP0029,Fawry,Completed,1410,690
ORD0007267,16/03/2024,20240316,CUS01265,4,EMP0087,Cash,Completed,330.5,160
ORD0006701,16/03/2024,20240316,CUS00187,10,EMP0163,Fawry,Completed,470,220
ORD0001203,16/03/2024,20240316,CUS01925,1,EMP0020,Fawry,Completed,850,420
ORD0011471,17/03/2024,20240317,CUS01309,12,EMP0175,  Fawry  ,Completed,872.5,420
ORD0005786,17/03/2024,20240317,CUS00391,4,,Cash,Completed,380,180
ORD0008564,17/03/2024,20240317,CUS00571,4,EMP0080,  InstaPay  ,Completed,558.5,330
ORD0005806,17/03/2024,20240317,CUS01998,11,EMP0168,Cash,Completed,1773,950
ORD0008856,17/03/2024,20240317,CUS01707,1,EMP0019,Cash,Completed,4000,4000
ORD0004236,17/03/2024,20240317,CUS02583,4,EMP0084,Cash,Completed,1232,630
ORD0008437,17/03/2024,20240317,CUS00662,5,EMP0108,Fawry,Returned,11448,9680
ORD0003926,17/03/2024,20240317,CUS02043,1,EMP0014,Fawry,Completed,13455.5,10630
ORD0005919,17/03/2024,20240317,CUS02653,4,EMP0090,  Vodafone Cash  ,Completed,3984,2000
ORD0009259,17/03/2024,20240317,CUS00027,5,EMP0112,Debit Card,Completed,7740,8140
ORD0009897,17/03/2024,20240317,CUS01329,5,EMP0112,Credit Card,Completed,19309,15330
ORD0002280,17/03/2024,20240317,CUS00407,3,EMP0058,Vodafone Cash,Completed,747,410
ORD0000056,18/03/2024,20240318,CUS02933,14,EMP0202,Cash,Completed,240,120
ORD0009335,18/03/2024,20240318,CUS01879,3,EMP0074,Fawry,Completed,427.5,270
ORD0002325,18/03/2024,20240318,CUS00827,1,EMP0014,Debit Card,Completed,610,300
ORD0008753,18/03/2024,20240318,CUS01180,9,EMP0146,Cash,Completed,1869,960
ORD0001728,18/03/2024,20240318,CUS00437,12,EMP0179,Cash,Completed,495,260
ORD0008604,18/03/2024,20240318,CUS01427,11,EMP0166,  Debit Card  ,Completed,98,60
ORD0006807,18/03/2024,20240318,CUS02089,9,EMP0151,Fawry,Returned,1496,880
ORD0006722,18/03/2024,20240318,CUS02760,4,EMP0091,  Debit Card  ,Completed,220,100
ORD0000889,19/03/2024,20240319,CUS00242,7,EMP0135,Cash,Completed,722,370
ORD0003070,19/03/2024,20240319,CUS01395,2,EMP0039,InstaPay,Completed,39168.5,32810
ORD0010472,19/03/2024,20240319,CUS00004,6,EMP0117,Credit Card,Completed,7273,8160
ORD0011217,19/03/2024,20240319,CUS01248,1,EMP0009,InstaPay,Completed,192,120
ORD0009483,19/03/2024,20240319,CUS02503,2,EMP0033,Credit Card,Completed,720,360
ORD0003287,19/03/2024,20240319,CUS00272,12,EMP0176,  Debit Card  ,Completed,1550,920
ORD0003374,19/03/2024,20240319,CUS00450,13,EMP0185,InstaPay,Completed,631.5,340
ORD0006142,20/03/2024,20240320,CUS01433,2,EMP0046,Credit Card,Completed,5497,4810
ORD0002114,20/03/2024,20240320,CUS02798,8,EMP0144,Debit Card,Completed,416.5,230
ORD0008229,20/03/2024,20240320,CUS01603,2,EMP0033,Credit Card,Completed,907,470
ORD0005195,20/03/2024,20240320,CUS01912,3,EMP0066,Fawry,Completed,10900,11400
ORD0003352,20/03/2024,20240320,CUS00964,5,EMP0110,Vodafone Cash,Completed,475,240
ORD0005329,20/03/2024,20240320,CUS01659,12,EMP0182,Cash,Completed,1075.5,610
ORD0006081,20/03/2024,20240320,CUS01085,3,EMP0057,InstaPay,Completed,1460,750
ORD0005995,20/03/2024,20240320,CUS00948,3,EMP0072,Cash,Completed,2124,1400
ORD0008074,20/03/2024,20240320,CUS01271,1,EMP0011,Fawry,Completed,6160,4820
ORD0007754,20/03/2024,20240320,CUS01014,7,EMP0132,  Fawry  ,Completed,1583,1140
ORD0002351,20/03/2024,20240320,CUS00177,9,EMP0146,Vodafone Cash,Completed,16308,14340
ORD0010544,20/03/2024,20240320,CUS00445,12,EMP0174,Debit Card,Returned,2193,1110
ORD0004915,20/03/2024,20240320,CUS01197,1,EMP0024,InstaPay,Completed,618,330
ORD0009719,20/03/2024,20240320,CUS02848,8,EMP0144,Fawry,Returned,504,280
ORD0001410,20/03/2024,20240320,CUS01638,6,EMP0115,  InstaPay  ,Completed,2683.5,1520
ORD0000621,20/03/2024,20240320,CUS00299,7,EMP0131,  Credit Card  ,Completed,3733,1850
ORD0010951,20/03/2024,20240320,CUS01684,15,EMP0208,Vodafone Cash,Completed,2806,1400
ORD0003454,20/03/2024,20240320,CUS00796,3,EMP0076,Credit Card,Completed,1371,670
ORD0007326,21/03/2024,20240321,CUS00788,2,EMP0047,Debit Card,Completed,820,460
ORD0001572,21/03/2024,20240321,CUS02327,8,EMP0138,Credit Card,Completed,243,120
ORD0004326,21/03/2024,20240321,CUS00081,2,EMP0038,Debit Card,Completed,1408,1010
ORD0008143,21/03/2024,20240321,CUS00817,2,EMP0037,Debit Card,Returned,12650,9780
ORD0001610,21/03/2024,20240321,CUS02486,3,EMP0068,InstaPay,Completed,1499,870
ORD0008079,21/03/2024,20240321,CUS00856,1,EMP0019,Vodafone Cash,Completed,1525,880
ORD0011581,21/03/2024,20240321,CUS02246,5,EMP0098,Fawry,Returned,2822,1410
ORD0001747,21/03/2024,20240321,CUS02079,2,EMP0030,Credit Card,Completed,1045.5,530
ORD0003345,21/03/2024,20240321,CUS01257,4,EMP0085,InstaPay,Cancelled,7500,6000
ORD0002904,21/03/2024,20240321,CUS00889,3,EMP0073,Cash,Completed,85.5,40
ORD0003790,21/03/2024,20240321,CUS02586,5,EMP0095,  Debit Card  ,Completed,960,460
ORD0001774,21/03/2024,20240321,CUS01602,11,EMP0164,Cash,Cancelled,540,290
ORD0006275,22/03/2024,20240322,CUS00115,9,EMP0146,Credit Card,Completed,2291,1800
ORD0000527,22/03/2024,20240322,CUS00584,15,EMP0207,Fawry,Completed,1590,760
ORD0008797,22/03/2024,20240322,CUS02091,2,EMP0049,Vodafone Cash,Completed,1319,720
ORD0005654,22/03/2024,20240322,CUS02414,6,EMP0115,  Fawry  ,Completed,983,550
ORD0005188,22/03/2024,20240322,CUS02325,14,EMP0200,Cash,Cancelled,404,250
ORD0004679,22/03/2024,20240322,CUS00226,1,EMP0014,InstaPay,Completed,33188,31260
ORD0001265,22/03/2024,20240322,CUS02059,7,EMP0131,Vodafone Cash,Completed,14547,12110
ORD0001648,22/03/2024,20240322,CUS01630,2,EMP0044,  Vodafone Cash  ,Completed,1040,510
ORD0011363,22/03/2024,20240322,CUS01459,7,EMP0135,Debit Card,Completed,726.5,390
ORD0009572,22/03/2024,20240322,CUS01510,11,EMP0171,Cash,Completed,2538,1260
ORD0002163,22/03/2024,20240322,CUS02784,3,EMP0069,  Fawry  ,Completed,1278,660
ORD0001768,22/03/2024,20240322,CUS00436,1,EMP0019,InstaPay,Completed,4500,4800
ORD0010938,22/03/2024,20240322,CUS01473,10,EMP0162,  InstaPay  ,Completed,16954,14960
ORD0008242,22/03/2024,20240322,CUS00618,12,EMP0183,Credit Card,Returned,280,140
ORD0001106,22/03/2024,20240322,CUS01772,7,EMP0130,Credit Card,Returned,28760,24130
ORD0000790,23/03/2024,20240323,CUS00292,15,EMP0208,Fawry,Completed,130,60
ORD0010352,23/03/2024,20240323,CUS02941,2,EMP0037,InstaPay,Completed,380,180
ORD0006866,23/03/2024,20240323,CUS02044,1,EMP0003,  Credit Card  ,Returned,2460,1190
ORD0008551,23/03/2024,20240323,CUS00790,2,EMP0054,Fawry,Completed,1839,920
ORD0007469,23/03/2024,20240323,CUS02513,11,,Vodafone Cash,Completed,1066,530
ORD0002986,23/03/2024,20240323,CUS00335,1,,Credit Card,Completed,1782.5,930
ORD0006015,23/03/2024,20240323,CUS01401,2,EMP0046,  Fawry  ,Cancelled,1040,520
ORD0011796,23/03/2024,20240323,CUS02379,11,EMP0169,Vodafone Cash,Completed,13501,12340
ORD0005250,23/03/2024,20240323,CUS01716,11,EMP0168,Debit Card,Completed,260,130
ORD0011563,24/03/2024,20240324,CUS00204,4,EMP0085,Fawry,Completed,9994,9930
ORD0007527,24/03/2024,20240324,CUS02841,6,EMP0120,  Credit Card  ,Returned,853,420
ORD0003716,24/03/2024,20240324,CUS00465,4,EMP0084,Fawry,Completed,1416,870
ORD0003450,24/03/2024,20240324,CUS01972,5,EMP0104,Credit Card,Completed,940,440
ORD0002528,24/03/2024,20240324,CUS02231,1,EMP0016,Debit Card,Completed,2056,1060
ORD0006183,24/03/2024,20240324,CUS01278,1,,Cash,Completed,833.5,410
ORD0005799,24/03/2024,20240324,CUS01327,1,EMP0013,Credit Card,Completed,144,70
ORD0000494,24/03/2024,20240324,CUS01676,12,EMP0181,Fawry,Completed,765,450
ORD0002959,24/03/2024,20240324,CUS02281,10,EMP0153,InstaPay,Completed,120,70
ORD0001447,24/03/2024,20240324,CUS02521,2,EMP0039,Fawry,Completed,2181.5,1160
ORD0003429,24/03/2024,20240324,CUS02418,3,EMP0077,InstaPay,Completed,979,490
ORD0009884,25/03/2024,20240325,CUS01425,5,EMP0106,Cash,Completed,1661.5,870
ORD0011542,25/03/2024,20240325,CUS02965,6,EMP0126,InstaPay,Completed,17892,16570
ORD0005422,25/03/2024,20240325,CUS02211,2,EMP0043,Debit Card,Completed,150,70
ORD0004828,25/03/2024,20240325,CUS02921,3,EMP0062,Credit Card,Completed,736,400
ORD0000094,25/03/2024,20240325,CUS00052,11,EMP0166,  Debit Card  ,Completed,20250,19000
ORD0006560,25/03/2024,20240325,CUS01393,6,EMP0113,Cash,Completed,24652,19630
ORD0006362,26/03/2024,20240326,CUS00555,11,EMP0172,  Vodafone Cash  ,Completed,530,260
ORD0007828,26/03/2024,20240326,CUS02716,13,EMP0185,Fawry,Completed,1661.5,940
ORD0007859,26/03/2024,20240326,CUS00972,11,EMP0164,Vodafone Cash,Completed,720,420
ORD0006335,26/03/2024,20240326,CUS02670,4,EMP0085,  Vodafone Cash  ,Completed,1915.5,940
ORD0005604,26/03/2024,20240326,CUS00551,2,EMP0036,InstaPay,Completed,1273,700
ORD0009566,26/03/2024,20240326,CUS02519,10,EMP0160,Credit Card,Completed,123.5,60
ORD0005124,26/03/2024,20240326,CUS02703,7,EMP0131,InstaPay,Completed,36038,28720
ORD0010569,26/03/2024,20240326,CUS02550,14,EMP0201,InstaPay,Completed,11905,9810
ORD0005951,26/03/2024,20240326,CUS01235,3,EMP0078,Cash,Completed,320,160
ORD0003312,26/03/2024,20240326,CUS02056,5,EMP0104,Cash,Completed,1656,840
ORD0003057,26/03/2024,20240326,CUS00421,4,EMP0087,InstaPay,Completed,207,110
ORD0008190,26/03/2024,20240326,CUS01650,7,EMP0131,Fawry,Completed,1677.5,830
ORD0011091,27/03/2024,20240327,CUS01772,14,EMP0199,Vodafone Cash,Completed,11969.5,10550
ORD0000006,27/03/2024,20240327,CUS01574,11,EMP0172,Credit Card,Completed,288,180
ORD0001606,27/03/2024,20240327,CUS02617,13,EMP0189,Credit Card,Completed,6300,5600
ORD0001558,27/03/2024,20240327,CUS00440,8,EMP0142,  Cash  ,Cancelled,1089.5,610
ORD0010493,27/03/2024,20240327,CUS01373,2,EMP0044,Debit Card,Completed,98,60
ORD0005636,27/03/2024,20240327,CUS00346,11,EMP0171,Credit Card,Cancelled,1341,760
ORD0008644,27/03/2024,20240327,CUS00165,9,EMP0147,  Vodafone Cash  ,Completed,4064,2860
ORD0002957,27/03/2024,20240327,CUS00602,3,EMP0075,InstaPay,Completed,739.5,420
ORD0010961,27/03/2024,20240327,CUS01277,3,EMP0057,  Debit Card  ,Completed,430,210
ORD0007319,27/03/2024,20240327,CUS01044,8,EMP0137,InstaPay,Completed,1030,500
ORD0002985,27/03/2024,20240327,CUS02991,2,EMP0038,Credit Card,Completed,247,130
ORD0010602,27/03/2024,20240327,CUS01968,2,EMP0047,Debit Card,Completed,1260,650
ORD0000042,28/03/2024,20240328,CUS02171,15,EMP0216,InstaPay,Completed,27270,24300
ORD0004391,28/03/2024,20240328,CUS00287,7,EMP0128,Credit Card,Completed,830,410
ORD0011770,28/03/2024,20240328,CUS02841,1,EMP0001,InstaPay,Completed,320,140
ORD0002166,28/03/2024,20240328,CUS02205,15,EMP0215,Fawry,Completed,718,400
ORD0006143,28/03/2024,20240328,CUS02167,14,EMP0195,InstaPay,Returned,280,120
ORD0004974,28/03/2024,20240328,CUS01968,13,EMP0190,Cash,Returned,990,640
ORD0006445,28/03/2024,20240328,CUS00784,5,EMP0106,Credit Card,Completed,90,40
ORD0005171,28/03/2024,20240328,CUS00225,11,EMP0168,Cash,Completed,15582.5,11850
ORD0009125,28/03/2024,20240328,CUS01300,3,EMP0072,Credit Card,Completed,617.5,300
ORD0001580,28/03/2024,20240328,CUS00476,7,EMP0136,Debit Card,Completed,920,440
ORD0004514,29/03/2024,20240329,CUS02610,1,EMP0024,Credit Card,Completed,230,110
ORD0001048,29/03/2024,20240329,CUS01765,6,EMP0125,Credit Card,Completed,532,240
ORD0007881,29/03/2024,20240329,CUS01268,3,EMP0064,Credit Card,Completed,1010,490
ORD0005281,29/03/2024,20240329,CUS01134,3,EMP0065,  Vodafone Cash  ,Completed,2547,1290
ORD0010767,29/03/2024,20240329,CUS01854,1,EMP0001,InstaPay,Completed,351,180
ORD0008774,29/03/2024,20240329,CUS01828,2,EMP0030,Cash,Completed,666,330
ORD0001455,29/03/2024,20240329,CUS01260,12,EMP0175,Debit Card,Completed,119,60
ORD0004670,29/03/2024,20240329,CUS00321,3,EMP0075,Credit Card,Completed,1461,810
ORD0001810,29/03/2024,20240329,CUS02782,12,EMP0175,Debit Card,Completed,1584,830
ORD0010918,29/03/2024,20240329,CUS01410,9,EMP0149,Fawry,Returned,900,800
ORD0003978,29/03/2024,20240329,CUS01446,11,EMP0171,Credit Card,Completed,1065,520
ORD0006013,29/03/2024,20240329,CUS01586,1,EMP0001,  Debit Card  ,Returned,140,70
ORD0006846,29/03/2024,20240329,CUS00644,4,EMP0085,Vodafone Cash,Cancelled,1112,620
ORD0006935,30/03/2024,20240330,CUS02405,3,EMP0062,InstaPay,Completed,1577,820
ORD0005441,30/03/2024,20240330,CUS00051,3,EMP0059,Fawry,Completed,1023.5,540
ORD0008212,30/03/2024,20240330,CUS01791,8,EMP0143,Debit Card,Returned,333,180
ORD0004583,30/03/2024,20240330,CUS01560,1,EMP0023,Debit Card,Completed,828,450
ORD0005280,30/03/2024,20240330,CUS00663,1,,Debit Card,Completed,213,110
ORD0008873,30/03/2024,20240330,CUS01346,3,EMP0075,Cash,Completed,360,210
ORD0010020,30/03/2024,20240330,CUS02089,15,EMP0215,  Credit Card  ,Completed,4009.5,3230
ORD0002729,30/03/2024,20240330,CUS02596,2,,Credit Card,Completed,1345.5,760
ORD0008691,30/03/2024,20240330,CUS02063,3,EMP0063,Vodafone Cash,Returned,800,430
ORD0002595,31/03/2024,20240331,CUS02261,3,EMP0058,Cash,Completed,952,480
ORD0005935,31/03/2024,20240331,CUS01569,6,,InstaPay,Completed,861,430
ORD0002294,31/03/2024,20240331,CUS00618,1,EMP0009,Cash,Completed,1812,890
ORD0010362,31/03/2024,20240331,CUS02254,3,EMP0067,  Fawry  ,Completed,160,70
ORD0011750,31/03/2024,20240331,CUS01255,15,EMP0204,  Debit Card  ,Completed,2460.5,1340
ORD0007170,31/03/2024,20240331,CUS02345,4,EMP0081,Fawry,Completed,2578,1390
ORD0011042,31/03/2024,20240331,CUS02661,2,EMP0034,Vodafone Cash,Completed,119,70
ORD0007990,01/04/2024,20240401,CUS02895,8,EMP0144,Credit Card,Completed,296,180
ORD0006141,01/04/2024,20240401,CUS00081,4,EMP0085,Vodafone Cash,Completed,1448,740
ORD0002327,01/04/2024,20240401,CUS01316,1,EMP0011,Credit Card,Completed,1009,500
ORD0008619,01/04/2024,20240401,CUS02106,13,EMP0185,  Credit Card  ,Completed,384,230
ORD0011921,01/04/2024,20240401,CUS02324,9,EMP0151,Credit Card,Completed,788.5,410
ORD0004261,01/04/2024,20240401,CUS02037,2,EMP0038,  InstaPay  ,Completed,512.5,290
ORD0008174,01/04/2024,20240401,CUS01262,8,EMP0141,Credit Card,Completed,90,40
ORD0005336,01/04/2024,20240401,CUS01036,4,,Vodafone Cash,Completed,2261,1740
ORD0007320,02/04/2024,20240402,CUS01755,2,EMP0054,Fawry,Completed,160,70
ORD0001512,02/04/2024,20240402,CUS00271,4,EMP0088,Debit Card,Completed,712,380
ORD0000706,02/04/2024,20240402,CUS00084,12,EMP0182,Debit Card,Returned,10560,10500
ORD0001674,02/04/2024,20240402,CUS02415,1,EMP0012,  Debit Card  ,Completed,512,260
ORD0008772,02/04/2024,20240402,CUS01088,1,EMP0009,Credit Card,Completed,1749,950
ORD0000413,02/04/2024,20240402,CUS00992,1,EMP0025,Credit Card,Completed,365.5,210
ORD0005554,02/04/2024,20240402,CUS02663,4,EMP0079,Fawry,Completed,3223,1730
ORD0010764,02/04/2024,20240402,CUS01775,15,EMP0211,Cash,Completed,15690,13430
ORD0005922,02/04/2024,20240402,CUS02343,1,,Vodafone Cash,Completed,576,300
ORD0002617,02/04/2024,20240402,CUS01662,12,EMP0176,Cash,Completed,324,180
ORD0002964,02/04/2024,20240402,CUS01933,10,EMP0152,Credit Card,Completed,900,440
ORD0000404,02/04/2024,20240402,CUS00692,3,EMP0059,Vodafone Cash,Completed,218.5,110
ORD0011841,02/04/2024,20240402,CUS01037,2,EMP0045,InstaPay,Completed,142.5,70
ORD0009856,03/04/2024,20240403,CUS00557,2,EMP0045,InstaPay,Completed,612,320
ORD0002677,03/04/2024,20240403,CUS00821,6,EMP0122,InstaPay,Completed,1132,670
ORD0006334,03/04/2024,20240403,CUS02480,9,EMP0149,  Fawry  ,Completed,5372,5850
ORD0009044,03/04/2024,20240403,CUS00953,4,EMP0083,InstaPay,Completed,1996,1040
ORD0001604,03/04/2024,20240403,CUS01841,3,EMP0069,Fawry,Completed,1293,710
ORD0003371,03/04/2024,20240403,CUS00641,7,EMP0131,Vodafone Cash,Completed,504,250
ORD0000567,03/04/2024,20240403,CUS00411,6,EMP0115,Debit Card,Completed,472,290
ORD0009253,03/04/2024,20240403,CUS02402,10,EMP0155,Debit Card,Completed,399,200
ORD0000818,03/04/2024,20240403,CUS02582,11,EMP0169,Fawry,Completed,256.5,120
ORD0003551,03/04/2024,20240403,CUS02550,3,EMP0057,Credit Card,Completed,1355,710
ORD0002614,04/04/2024,20240404,CUS02347,2,EMP0032,InstaPay,Completed,225,120
ORD0009532,04/04/2024,20240404,CUS00981,7,EMP0130,InstaPay,Returned,1699,900
ORD0005795,04/04/2024,20240404,CUS00541,4,EMP0085,InstaPay,Returned,142.5,70
ORD0011815,04/04/2024,20240404,CUS02303,6,EMP0125,Cash,Returned,1135,590
ORD0001789,04/04/2024,20240404,CUS00420,5,EMP0103,Credit Card,Completed,392.5,200
ORD0002560,04/04/2024,20240404,CUS00837,7,EMP0127,Credit Card,Completed,11350,8970
ORD0006765,04/04/2024,20240404,CUS01455,12,EMP0174,Vodafone Cash,Cancelled,909,450
ORD0000021,04/04/2024,20240404,CUS00826,3,EMP0074,  Fawry  ,Completed,480,210
ORD0003575,04/04/2024,20240404,CUS01897,1,,Vodafone Cash,Completed,161,110
ORD0002673,04/04/2024,20240404,CUS01708,7,EMP0132,InstaPay,Completed,160,70
ORD0008116,04/04/2024,20240404,CUS00015,12,EMP0179,  Debit Card  ,Completed,1575,850
ORD0007866,04/04/2024,20240404,CUS01161,14,EMP0201,  Credit Card  ,Completed,549,300
ORD0004275,04/04/2024,20240404,CUS00302,4,EMP0084,Cash,Completed,286,140
ORD0005486,04/04/2024,20240404,CUS02128,10,EMP0159,  Cash  ,Completed,240,110
ORD0007126,05/04/2024,20240405,CUS00402,11,EMP0166,Debit Card,Completed,822,420
ORD0000851,05/04/2024,20240405,CUS02319,4,EMP0091,Fawry,Completed,670,320
ORD0006749,05/04/2024,20240405,CUS00820,1,EMP0021,  InstaPay  ,Completed,1130,560
ORD0011161,05/04/2024,20240405,CUS01035,1,EMP0007,Debit Card,Completed,306,180
ORD0007314,05/04/2024,20240405,CUS01469,1,EMP0026,InstaPay,Completed,2944,1620
ORD0011910,05/04/2024,20240405,CUS01009,1,EMP0008,InstaPay,Completed,4473,3310
ORD0009967,05/04/2024,20240405,CUS01444,4,EMP0094,Credit Card,Completed,10803.5,8450
ORD0000496,05/04/2024,20240405,CUS02934,2,EMP0030,Debit Card,Completed,437,220
ORD0000200,05/04/2024,20240405,CUS01320,4,EMP0090,InstaPay,Returned,1470,690
ORD0001555,05/04/2024,20240405,CUS01550,4,EMP0086,Fawry,Completed,1266,620
ORD0008422,05/04/2024,20240405,CUS02784,2,,Credit Card,Returned,1192,590
ORD0010118,05/04/2024,20240405,CUS01218,5,EMP0112,Vodafone Cash,Completed,812,420
ORD0004781,05/04/2024,20240405,CUS02624,4,EMP0083,Credit Card,Completed,2273.5,1270
ORD0011885,06/04/2024,20240406,CUS01808,4,EMP0092,Fawry,Completed,442,280
ORD0000757,06/04/2024,20240406,CUS00391,2,EMP0043,  Fawry  ,Completed,3895,2180
ORD0001779,06/04/2024,20240406,CUS01232,2,EMP0049,Debit Card,Returned,105,70
ORD0003001,06/04/2024,20240406,CUS01675,7,EMP0135,Vodafone Cash,Completed,3315,2000
ORD0011033,06/04/2024,20240406,CUS02186,12,EMP0177,Credit Card,Completed,940,460
ORD0008784,06/04/2024,20240406,CUS01665,9,EMP0145,  Fawry  ,Completed,1884,1000
ORD0000302,06/04/2024,20240406,CUS00867,15,EMP0207,Debit Card,Completed,1350,660
ORD0005076,06/04/2024,20240406,CUS00640,2,EMP0051,Debit Card,Returned,140,60
ORD0005933,06/04/2024,20240406,CUS02558,2,EMP0048,Credit Card,Completed,630,310
ORD0000569,06/04/2024,20240406,CUS02296,10,EMP0152,Debit Card,Completed,249,140
ORD0000139,06/04/2024,20240406,CUS01599,5,,  Vodafone Cash  ,Returned,2880,2800
ORD0006580,06/04/2024,20240406,CUS01906,2,EMP0029,InstaPay,Returned,18033,16580
ORD0006894,06/04/2024,20240406,CUS02932,9,EMP0145,Credit Card,Completed,2667,2040
ORD0006763,07/04/2024,20240407,CUS02914,15,,Cash,Completed,171,90
ORD0006003,07/04/2024,20240407,CUS00136,9,EMP0150,Vodafone Cash,Completed,3540,2950
ORD0003571,07/04/2024,20240407,CUS00605,6,EMP0113,  Cash  ,Completed,39646,33930
ORD0001269,07/04/2024,20240407,CUS02043,11,,Fawry,Completed,504,310
ORD0002762,07/04/2024,20240407,CUS00578,14,EMP0194,  Cash  ,Completed,396,220
ORD0003433,07/04/2024,20240407,CUS01067,12,EMP0180,Cash,Completed,444,210
ORD0010324,07/04/2024,20240407,CUS01239,4,EMP0083,Vodafone Cash,Completed,720,400
ORD0001293,07/04/2024,20240407,CUS00472,6,EMP0121,Cash,Completed,1338,670
ORD0002395,07/04/2024,20240407,CUS02829,9,EMP0149,  Debit Card  ,Completed,484.5,250
ORD0000112,07/04/2024,20240407,CUS00081,2,EMP0031,Cash,Completed,440,200
ORD0002543,07/04/2024,20240407,CUS01766,12,EMP0175,InstaPay,Completed,11493,8800
ORD0011455,07/04/2024,20240407,CUS00336,3,EMP0059,Credit Card,Completed,10090,8180
ORD0010194,08/04/2024,20240408,CUS02882,6,EMP0118,Credit Card,Completed,1924,1150
ORD0009146,08/04/2024,20240408,CUS00909,7,EMP0127,Debit Card,Completed,1197.5,610
ORD0010098,08/04/2024,20240408,CUS01883,1,,Vodafone Cash,Completed,475,250
ORD0010501,08/04/2024,20240408,CUS00478,2,EMP0032,  InstaPay  ,Completed,5516,2840
ORD0004333,08/04/2024,20240408,CUS01208,14,EMP0195,Vodafone Cash,Completed,1051,590
ORD0004281,08/04/2024,20240408,CUS02154,6,EMP0124,Vodafone Cash,Completed,105,70
ORD0009457,08/04/2024,20240408,CUS02593,2,EMP0054,Credit Card,Completed,105,70
ORD0007089,08/04/2024,20240408,CUS00519,10,EMP0159,Vodafone Cash,Completed,694,390
ORD0011963,08/04/2024,20240408,CUS02198,12,EMP0177,Vodafone Cash,Completed,992,550
ORD0006023,08/04/2024,20240408,CUS02082,5,EMP0097,Debit Card,Completed,2167.5,1260
ORD0006356,08/04/2024,20240408,CUS01950,10,EMP0155,InstaPay,Completed,736,410
ORD0007535,09/04/2024,20240409,CUS00488,6,EMP0120,  Credit Card  ,Completed,2585,1370
ORD0005450,09/04/2024,20240409,CUS01768,10,EMP0155,Cash,Completed,400,240
ORD0001190,09/04/2024,20240409,CUS00746,8,EMP0144,Vodafone Cash,Completed,275.5,130
ORD0005370,09/04/2024,20240409,CUS00143,1,,Debit Card,Completed,3993.5,1990
ORD0010012,09/04/2024,20240409,CUS00509,7,EMP0133,Debit Card,Returned,1607,860
ORD0002040,09/04/2024,20240409,CUS00410,13,EMP0187,Fawry,Completed,1340,660
ORD0009977,09/04/2024,20240409,CUS01774,1,EMP0027,InstaPay,Completed,5833,4820
ORD0001907,09/04/2024,20240409,CUS01657,14,EMP0196,Debit Card,Completed,160,70
ORD0003067,09/04/2024,20240409,CUS02271,5,EMP0111,InstaPay,Completed,312,180
ORD0006687,09/04/2024,20240409,CUS00395,3,EMP0069,Fawry,Completed,820,410
ORD0001259,09/04/2024,20240409,CUS02118,3,EMP0059,Debit Card,Completed,720,340
ORD0003090,09/04/2024,20240409,CUS01888,1,EMP0023,InstaPay,Completed,274,130
ORD0009804,09/04/2024,20240409,CUS02612,1,EMP0011,InstaPay,Completed,3337,1740
ORD0010597,10/04/2024,20240410,CUS02028,6,,Vodafone Cash,Returned,430,210
ORD0004220,10/04/2024,20240410,CUS02909,13,EMP0191,Credit Card,Completed,152,80
ORD0003902,10/04/2024,20240410,CUS00967,2,EMP0037,  Debit Card  ,Completed,17485.5,13370
ORD0005668,10/04/2024,20240410,CUS02427,2,EMP0053,Cash,Completed,1438.5,760
ORD0004748,10/04/2024,20240410,CUS01401,9,EMP0151,  Vodafone Cash  ,Cancelled,430,210
ORD0006128,10/04/2024,20240410,CUS00778,6,EMP0121,Fawry,Completed,1314,720
ORD0001433,10/04/2024,20240410,CUS00934,4,EMP0085,Fawry,Completed,351.5,180
ORD0006282,10/04/2024,20240410,CUS00744,14,EMP0198,Vodafone Cash,Completed,13118,12610
ORD0005034,10/04/2024,20240410,CUS01624,1,EMP0025,Debit Card,Completed,1782,920
ORD0001932,11/04/2024,20240411,CUS00244,3,EMP0068,InstaPay,Returned,306,160
ORD0011315,11/04/2024,20240411,CUS02814,10,EMP0162,  Fawry  ,Completed,654,310
ORD0006288,11/04/2024,20240411,CUS00628,11,EMP0173,Debit Card,Completed,480,230
ORD0006296,11/04/2024,20240411,CUS01531,13,EMP0192,  Cash  ,Returned,764,390
ORD0006892,11/04/2024,20240411,CUS02651,1,EMP0021,  Fawry  ,Completed,3293,1700
ORD0004577,11/04/2024,20240411,CUS00025,6,EMP0118,Cash,Completed,864.5,450
ORD0007863,11/04/2024,20240411,CUS02124,1,EMP0013,  Cash  ,Completed,510,300
ORD0010040,11/04/2024,20240411,CUS02003,11,EMP0165,  Fawry  ,Completed,11590,9800
ORD0010541,11/04/2024,20240411,CUS00013,4,EMP0082,Vodafone Cash,Returned,1212,620
ORD0009361,12/04/2024,20240412,CUS01220,10,EMP0161,InstaPay,Completed,1720,860
ORD0006228,12/04/2024,20240412,CUS02974,12,EMP0176,  Fawry  ,Completed,1405,740
ORD0000041,12/04/2024,20240412,CUS00092,2,EMP0033,InstaPay,Completed,2332,1190
ORD0007645,12/04/2024,20240412,CUS01323,2,EMP0032,Fawry,Completed,2040,1000
ORD0001868,12/04/2024,20240412,CUS00866,2,EMP0030,  Credit Card  ,Completed,1152,600
ORD0001634,12/04/2024,20240412,CUS00107,12,EMP0176,Credit Card,Returned,822,440
ORD0005479,13/04/2024,20240413,CUS00865,7,EMP0128,Debit Card,Completed,590,290
ORD0004605,13/04/2024,20240413,CUS00700,3,EMP0058,Credit Card,Completed,184,110
ORD0001010,13/04/2024,20240413,CUS02089,1,EMP0006,  Vodafone Cash  ,Completed,855,420
ORD0005971,13/04/2024,20240413,CUS00330,1,EMP0008,  Vodafone Cash  ,Completed,8671,6300
ORD0000172,13/04/2024,20240413,CUS00199,2,EMP0052,InstaPay,Completed,1222,610
ORD0004017,13/04/2024,20240413,CUS00210,2,EMP0051,  Vodafone Cash  ,Completed,610,300
ORD0006200,13/04/2024,20240413,CUS02965,6,EMP0116,Credit Card,Returned,1052,560
ORD0007581,13/04/2024,20240413,CUS01226,4,EMP0079,Debit Card,Completed,5351.5,4180
ORD0000377,13/04/2024,20240413,CUS02635,10,EMP0156,  Vodafone Cash  ,Completed,347.5,170
ORD0003537,13/04/2024,20240413,CUS02984,7,EMP0128,Fawry,Completed,560,280
ORD0009676,13/04/2024,20240413,CUS01273,10,EMP0160,Vodafone Cash,Completed,7070,8100
ORD0003136,13/04/2024,20240413,CUS01027,1,EMP0024,InstaPay,Completed,1760,860
ORD0000047,14/04/2024,20240414,CUS00542,4,EMP0084,Debit Card,Completed,750,480
ORD0005362,14/04/2024,20240414,CUS01003,1,EMP0011,Credit Card,Completed,18475,13980
ORD0001529,14/04/2024,20240414,CUS00167,6,EMP0121,InstaPay,Completed,19800,15800
ORD0011548,14/04/2024,20240414,CUS02126,6,EMP0115,Vodafone Cash,Completed,947,550
ORD0009562,14/04/2024,20240414,CUS02220,2,EMP0033,Cash,Completed,2375,2000
ORD0010132,14/04/2024,20240414,CUS02492,2,EMP0029,Cash,Returned,517,270
ORD0006922,14/04/2024,20240414,CUS01273,12,EMP0184,  Debit Card  ,Returned,2253.5,1200
ORD0000930,14/04/2024,20240414,CUS00052,1,EMP0027,Fawry,Completed,1848,910
ORD0011356,15/04/2024,20240415,CUS02377,4,EMP0084,Cash,Completed,170,90
ORD0002887,15/04/2024,20240415,CUS00662,6,EMP0113,Cash,Completed,2023,1090
ORD0011774,15/04/2024,20240415,CUS02409,5,EMP0105,Vodafone Cash,Completed,940,440
ORD0010686,15/04/2024,20240415,CUS00331,2,EMP0046,  Cash  ,Completed,560,280
ORD0004253,15/04/2024,20240415,CUS02335,2,EMP0042,Fawry,Cancelled,2269,1150
ORD0007244,15/04/2024,20240415,CUS02163,3,,Credit Card,Completed,1852.5,950
ORD0003953,15/04/2024,20240415,CUS02479,4,EMP0091,  Debit Card  ,Completed,10770,8400
ORD0002068,15/04/2024,20240415,CUS00901,3,EMP0059,InstaPay,Completed,637.5,360
ORD0000441,15/04/2024,20240415,CUS01653,3,EMP0063,Credit Card,Completed,1432,730
ORD0001343,15/04/2024,20240415,CUS02862,11,EMP0168,  InstaPay  ,Cancelled,1920,930
ORD0007222,15/04/2024,20240415,CUS00454,9,EMP0146,Fawry,Cancelled,21600,19200
ORD0005660,15/04/2024,20240415,CUS01879,12,EMP0174,  InstaPay  ,Completed,450,220
ORD0010928,15/04/2024,20240415,CUS02186,1,EMP0022,Cash,Completed,700,340
ORD0004586,15/04/2024,20240415,CUS00120,8,EMP0139,Debit Card,Completed,961,460
ORD0003679,16/04/2024,20240416,CUS02690,6,EMP0118,  Fawry  ,Completed,133,70
ORD0011416,16/04/2024,20240416,CUS01484,7,EMP0131,Cash,Completed,2856,1890
ORD0004453,16/04/2024,20240416,CUS01017,3,EMP0073,Fawry,Completed,42240,42000
ORD0001437,16/04/2024,20240416,CUS00570,3,EMP0067,  Debit Card  ,Completed,1072,640
ORD0001681,16/04/2024,20240416,CUS02269,3,EMP0074,Cash,Completed,180,80
ORD0000384,16/04/2024,20240416,CUS00749,2,EMP0037,Cash,Completed,622.5,280
ORD0004401,16/04/2024,20240416,CUS02251,1,EMP0010,Debit Card,Completed,189,100
ORD0009300,16/04/2024,20240416,CUS00069,3,EMP0065,Vodafone Cash,Completed,228,110
ORD0006762,16/04/2024,20240416,CUS00102,2,EMP0052,  Cash  ,Completed,706,380
ORD0004286,16/04/2024,20240416,CUS01657,5,EMP0095,Cash,Returned,5640,4270
ORD0000423,16/04/2024,20240416,CUS01184,10,EMP0162,Vodafone Cash,Cancelled,6925,4960
ORD0007689,16/04/2024,20240416,CUS02316,11,EMP0164,Cash,Returned,15300,12000
ORD0001879,16/04/2024,20240416,CUS02327,3,EMP0061,Fawry,Completed,1170,570
ORD0009514,16/04/2024,20240416,CUS02938,5,EMP0096,Credit Card,Completed,952,470
ORD0010254,17/04/2024,20240417,CUS00368,3,EMP0071,  Fawry  ,Returned,10212,9000
ORD0006559,17/04/2024,20240417,CUS01023,8,,Cash,Completed,16938,14960
ORD0001804,17/04/2024,20240417,CUS02353,2,EMP0036,Fawry,Completed,1013,510
ORD0002605,17/04/2024,20240417,CUS00686,1,EMP0017,Vodafone Cash,Completed,1440,700
ORD0001025,17/04/2024,20240417,CUS00450,7,EMP0132,InstaPay,Returned,2114,1070
ORD0011098,17/04/2024,20240417,CUS00296,15,EMP0207,InstaPay,Completed,95,40
ORD0002187,17/04/2024,20240417,CUS00636,8,EMP0137,Debit Card,Completed,412,210
ORD0005383,17/04/2024,20240417,CUS00701,7,,InstaPay,Completed,3604,1870
ORD0006789,17/04/2024,20240417,CUS00112,5,EMP0108,InstaPay,Completed,3590,2370
ORD0011275,17/04/2024,20240417,CUS02731,2,EMP0033,  Fawry  ,Completed,2537,1860
ORD0008800,17/04/2024,20240417,CUS01621,4,EMP0093,Vodafone Cash,Completed,1105,610
ORD0009691,17/04/2024,20240417,CUS00990,6,EMP0123,Debit Card,Completed,4930,4210
ORD0010630,17/04/2024,20240417,CUS01010,15,EMP0208,InstaPay,Completed,105,70
ORD0006732,17/04/2024,20240417,CUS02474,10,EMP0163,Debit Card,Completed,940,460
ORD0011061,18/04/2024,20240418,CUS01399,10,EMP0155,  Vodafone Cash  ,Completed,38955,36280
ORD0011586,18/04/2024,20240418,CUS02936,3,EMP0077,InstaPay,Completed,2700,2400
ORD0000314,18/04/2024,20240418,CUS01543,1,EMP0023,InstaPay,Completed,2496,1590
ORD0005619,18/04/2024,20240418,CUS00410,1,EMP0024,Debit Card,Completed,814,400
ORD0011509,18/04/2024,20240418,CUS02229,14,EMP0197,Fawry,Completed,744.5,370
ORD0007720,18/04/2024,20240418,CUS00149,2,EMP0053,Cash,Completed,1213,620
ORD0006084,18/04/2024,20240418,CUS01916,10,EMP0152,Cash,Completed,530.5,290
ORD0010389,18/04/2024,20240418,CUS02084,7,EMP0135,  Fawry  ,Completed,76.5,40
ORD0001145,19/04/2024,20240419,CUS00662,13,EMP0191,  Debit Card  ,Completed,1548,940
ORD0011293,19/04/2024,20240419,CUS02195,2,EMP0033,Cash,Completed,1501,790
ORD0002007,19/04/2024,20240419,CUS01856,10,EMP0158,InstaPay,Completed,770,380
ORD0011304,19/04/2024,20240419,CUS00287,2,EMP0052,Fawry,Returned,85,50
ORD0008837,19/04/2024,20240419,CUS02429,6,EMP0124,Cash,Completed,490,250
ORD0008726,19/04/2024,20240419,CUS00028,4,EMP0094,InstaPay,Completed,152,70
ORD0006085,19/04/2024,20240419,CUS02281,3,EMP0056,InstaPay,Completed,85,40
ORD0001395,19/04/2024,20240419,CUS00965,14,EMP0197,Cash,Completed,1070,530
ORD0009321,20/04/2024,20240420,CUS01035,4,EMP0085,Fawry,Completed,230,110
ORD0001697,20/04/2024,20240420,CUS02700,5,EMP0098,Fawry,Completed,24700,19340
ORD0000937,20/04/2024,20240420,CUS01650,4,,Debit Card,Completed,5310,4700
ORD0003091,20/04/2024,20240420,CUS00967,4,EMP0092,  Debit Card  ,Completed,460,220
ORD0009962,20/04/2024,20240420,CUS00060,1,EMP0006,InstaPay,Completed,432,230
ORD0010861,20/04/2024,20240420,CUS01936,3,EMP0071,Debit Card,Returned,1031,520
ORD0005569,20/04/2024,20240420,CUS00688,4,EMP0086,Fawry,Completed,1381.5,770
ORD0011925,20/04/2024,20240420,CUS00427,5,EMP0103,Credit Card,Completed,683,350
ORD0011995,21/04/2024,20240421,CUS00496,10,EMP0153,Cash,Completed,2774.5,1370
ORD0007526,21/04/2024,20240421,CUS01945,10,EMP0160,Vodafone Cash,Returned,144,80
ORD0011247,21/04/2024,20240421,CUS02976,1,EMP0012,Fawry,Completed,437,230
ORD0000989,21/04/2024,20240421,CUS00132,3,EMP0060,InstaPay,Completed,12628,10000
ORD0010127,21/04/2024,20240421,CUS01519,2,EMP0033,Vodafone Cash,Completed,330,160
ORD0003710,21/04/2024,20240421,CUS01954,13,EMP0188,Credit Card,Returned,755,440
ORD0004927,21/04/2024,20240421,CUS01989,12,EMP0176,Credit Card,Completed,5490,4900
ORD0010787,21/04/2024,20240421,CUS02013,8,EMP0137,Debit Card,Completed,1115,560
ORD0001204,21/04/2024,20240421,CUS00652,14,EMP0194,Cash,Completed,1912,970
ORD0004606,21/04/2024,20240421,CUS00911,7,EMP0130,Debit Card,Cancelled,18276,15770
ORD0007057,22/04/2024,20240422,CUS00291,4,EMP0080,Credit Card,Completed,774,370
ORD0010162,22/04/2024,20240422,CUS02571,6,EMP0123,  Credit Card  ,Completed,180,80
ORD0001795,22/04/2024,20240422,CUS00850,3,EMP0070,Cash,Returned,1965.5,1440
ORD0002311,22/04/2024,20240422,CUS01307,3,EMP0057,Debit Card,Completed,160,70
ORD0002264,22/04/2024,20240422,CUS00732,1,EMP0019,Credit Card,Completed,1854,1060
ORD0008370,22/04/2024,20240422,CUS02341,13,EMP0189,Cash,Completed,11200,9000
ORD0009954,22/04/2024,20240422,CUS00330,3,EMP0061,InstaPay,Completed,180,80
ORD0004485,22/04/2024,20240422,CUS00679,4,EMP0079,Credit Card,Completed,2046.5,1010
ORD0006392,22/04/2024,20240422,CUS01480,15,EMP0211,Fawry,Completed,520,250
ORD0003671,22/04/2024,20240422,CUS00006,3,EMP0075,Vodafone Cash,Completed,1713,960
ORD0010532,22/04/2024,20240422,CUS00949,4,EMP0086,Vodafone Cash,Completed,230,110
ORD0000564,22/04/2024,20240422,CUS02261,4,EMP0080,Vodafone Cash,Completed,2734,1470
ORD0004524,22/04/2024,20240422,CUS01953,9,EMP0148,Credit Card,Completed,5200,4090
ORD0004968,22/04/2024,20240422,CUS02665,1,EMP0024,  Fawry  ,Cancelled,6070,4530
ORD0005436,23/04/2024,20240423,CUS02625,2,EMP0046,Credit Card,Returned,615,280
ORD0011823,23/04/2024,20240423,CUS00099,3,EMP0062,InstaPay,Completed,11060,9840
ORD0007463,23/04/2024,20240423,CUS00879,15,EMP0216,Cash,Completed,171,80
ORD0000093,23/04/2024,20240423,CUS00755,4,EMP0089,Fawry,Completed,240,120
ORD0010183,23/04/2024,20240423,CUS01645,1,EMP0015,Fawry,Completed,71347,64720
ORD0008328,23/04/2024,20240423,CUS00714,1,EMP0002,Cash,Returned,915,510
ORD0006121,23/04/2024,20240423,CUS02929,12,EMP0179,Debit Card,Completed,1378,720
ORD0007197,23/04/2024,20240423,CUS01043,9,EMP0147,Credit Card,Completed,130,60
ORD0011104,23/04/2024,20240423,CUS02128,3,EMP0061,Debit Card,Completed,810,420
ORD0009397,23/04/2024,20240423,CUS01319,6,EMP0124,Vodafone Cash,Completed,2490,1230
ORD0010800,23/04/2024,20240423,CUS00630,11,EMP0171,  InstaPay  ,Completed,961.5,530
ORD0001693,23/04/2024,20240423,CUS02822,3,,Credit Card,Completed,5600,4500
ORD0001591,24/04/2024,20240424,CUS02161,6,EMP0116,Vodafone Cash,Completed,225,150
ORD0011621,24/04/2024,20240424,CUS01450,12,EMP0176,Debit Card,Completed,401,180
ORD0006422,24/04/2024,20240424,CUS00621,5,EMP0108,Fawry,Completed,150,70
ORD0000190,24/04/2024,20240424,CUS00736,10,EMP0159,InstaPay,Completed,53666,45130
ORD0007146,24/04/2024,20240424,CUS01267,10,EMP0162,  Credit Card  ,Completed,2930,1550
ORD0003945,24/04/2024,20240424,CUS00179,6,EMP0124,Fawry,Completed,1890,1050
ORD0007406,24/04/2024,20240424,CUS01521,2,EMP0035,Debit Card,Completed,1272,650
ORD0001136,25/04/2024,20240425,CUS00271,1,EMP0026,Cash,Completed,272,170
ORD0002044,25/04/2024,20240425,CUS00373,7,EMP0134,Credit Card,Completed,777,390
ORD0008903,25/04/2024,20240425,CUS00162,8,EMP0143,InstaPay,Completed,708.5,430
ORD0004729,25/04/2024,20240425,CUS02997,14,EMP0195,Debit Card,Returned,260,120
ORD0008197,25/04/2024,20240425,CUS01205,11,EMP0170,Debit Card,Completed,960,480
ORD0006547,25/04/2024,20240425,CUS00418,2,EMP0053,Cash,Completed,912,480
ORD0011524,25/04/2024,20240425,CUS02518,2,EMP0034,Fawry,Completed,750,380
ORD0006100,25/04/2024,20240425,CUS00072,3,EMP0073,Vodafone Cash,Completed,133,70
ORD0005708,25/04/2024,20240425,CUS00195,5,EMP0106,Credit Card,Completed,16822,14340
ORD0002936,26/04/2024,20240426,CUS00959,9,EMP0149,Debit Card,Completed,13523,10660
ORD0008038,26/04/2024,20240426,CUS02648,2,EMP0046,  InstaPay  ,Completed,387,210
ORD0001783,26/04/2024,20240426,CUS02134,6,EMP0121,Vodafone Cash,Completed,18221,14370
ORD0004192,26/04/2024,20240426,CUS02331,5,EMP0098,Fawry,Completed,450,210
ORD0010242,26/04/2024,20240426,CUS01598,1,EMP0027,Fawry,Completed,405,270
ORD0005376,26/04/2024,20240426,CUS01533,4,EMP0081,  Fawry  ,Returned,300,150
ORD0011405,26/04/2024,20240426,CUS00423,5,,InstaPay,Completed,1836,1020
ORD0010759,26/04/2024,20240426,CUS00093,2,EMP0035,Fawry,Cancelled,2151,1180
ORD0001587,26/04/2024,20240426,CUS02013,4,,Debit Card,Completed,13420,11270
ORD0000728,26/04/2024,20240426,CUS01599,1,EMP0002,Credit Card,Completed,240,140
ORD0003249,26/04/2024,20240426,CUS01565,9,EMP0149,Vodafone Cash,Completed,376,230
ORD0010051,26/04/2024,20240426,CUS02443,13,EMP0186,Credit Card,Completed,1408,720
ORD0009875,26/04/2024,20240426,CUS01137,14,EMP0195,Debit Card,Completed,2123,1080
ORD0003723,26/04/2024,20240426,CUS01482,11,,  Cash  ,Completed,1051.5,510
ORD0005170,26/04/2024,20240426,CUS01057,2,EMP0045,  Vodafone Cash  ,Completed,380,180
ORD0007050,26/04/2024,20240426,CUS00301,15,EMP0215,Credit Card,Completed,426,210
ORD0010478,26/04/2024,20240426,CUS01260,8,EMP0138,Fawry,Completed,536,300
ORD0007886,27/04/2024,20240427,CUS01864,8,EMP0138,Vodafone Cash,Completed,3400,1660
ORD0008948,27/04/2024,20240427,CUS01252,3,,Debit Card,Completed,140,70
ORD0005293,27/04/2024,20240427,CUS01581,1,EMP0017,Cash,Returned,144,70
ORD0011418,27/04/2024,20240427,CUS02896,6,EMP0116,InstaPay,Completed,1682,940
ORD0000820,27/04/2024,20240427,CUS00863,5,EMP0106,Fawry,Completed,1502,730
ORD0011152,27/04/2024,20240427,CUS00166,12,EMP0182,Vodafone Cash,Completed,236.5,110
ORD0006724,27/04/2024,20240427,CUS02958,9,EMP0148,  Debit Card  ,Completed,268,130
ORD0006079,27/04/2024,20240427,CUS00953,9,EMP0145,Debit Card,Completed,446.5,230
ORD0004205,27/04/2024,20240427,CUS01208,14,EMP0203,Cash,Completed,659,360
ORD0002728,27/04/2024,20240427,CUS00919,1,EMP0016,  Vodafone Cash  ,Completed,11830,9460
ORD0004006,28/04/2024,20240428,CUS01657,3,EMP0076,Credit Card,Completed,3852,2810
ORD0007030,28/04/2024,20240428,CUS01307,7,EMP0133,  Debit Card  ,Completed,1344,670
ORD0003238,28/04/2024,20240428,CUS01144,7,EMP0131,Vodafone Cash,Completed,2089,1050
ORD0005233,28/04/2024,20240428,CUS02899,11,EMP0171,  Credit Card  ,Completed,2380,1160
ORD0002474,28/04/2024,20240428,CUS01363,8,EMP0137,Credit Card,Completed,1299,650
ORD0000580,28/04/2024,20240428,CUS02561,5,EMP0112,Cash,Completed,370,180
ORD0006784,28/04/2024,20240428,CUS02804,14,EMP0202,InstaPay,Completed,1152,650
ORD0007401,28/04/2024,20240428,CUS01636,2,EMP0054,InstaPay,Completed,2552,1390
ORD0008727,28/04/2024,20240428,CUS00542,2,,Cash,Completed,140,70
ORD0003047,28/04/2024,20240428,CUS01404,1,EMP0010,Cash,Returned,15900,12700
ORD0005126,28/04/2024,20240428,CUS02419,1,EMP0017,InstaPay,Completed,351.5,180
ORD0010063,28/04/2024,20240428,CUS00663,2,EMP0046,Cash,Completed,1428,1000
ORD0009795,29/04/2024,20240429,CUS01087,4,EMP0092,Fawry,Completed,18360,16000
ORD0009109,29/04/2024,20240429,CUS02195,4,EMP0084,InstaPay,Returned,703,360
ORD0001530,29/04/2024,20240429,CUS02911,2,EMP0036,InstaPay,Completed,4340,2350
ORD0005671,29/04/2024,20240429,CUS01831,14,EMP0203,InstaPay,Completed,312,180
ORD0010034,29/04/2024,20240429,CUS00521,1,EMP0006,Fawry,Completed,1642.5,1090
ORD0010366,29/04/2024,20240429,CUS00264,6,EMP0126,InstaPay,Completed,3483.5,1800
ORD0002067,29/04/2024,20240429,CUS00103,4,EMP0079,InstaPay,Completed,616,380
ORD0001684,29/04/2024,20240429,CUS01524,3,EMP0069,  Cash  ,Completed,539,270
ORD0000304,29/04/2024,20240429,CUS02413,3,EMP0071,InstaPay,Completed,300,140
ORD0010545,30/04/2024,20240430,CUS01132,2,EMP0037,  InstaPay  ,Completed,1296,680
ORD0003894,30/04/2024,20240430,CUS01163,3,EMP0063,Credit Card,Completed,357,210
ORD0011783,30/04/2024,20240430,CUS01552,12,EMP0175,InstaPay,Completed,1080,680
ORD0001647,30/04/2024,20240430,CUS01924,8,EMP0144,Debit Card,Returned,3220,2090
ORD0004463,30/04/2024,20240430,CUS01994,13,EMP0190,Vodafone Cash,Completed,1150,550
ORD0003134,30/04/2024,20240430,CUS00262,1,EMP0003,Credit Card,Completed,10000,8000
ORD0002353,30/04/2024,20240430,CUS01784,3,EMP0058,Cash,Completed,1221,620
ORD0002000,30/04/2024,20240430,CUS00363,6,EMP0122,Debit Card,Completed,3790,2960
ORD0010036,01/05/2024,20240501,CUS00926,8,EMP0143,Debit Card,Returned,900,450
ORD0003567,01/05/2024,20240501,CUS01220,8,EMP0143,Cash,Completed,4129.5,2030
ORD0005156,01/05/2024,20240501,CUS02059,2,EMP0048,  Vodafone Cash  ,Returned,1051,550
ORD0007394,01/05/2024,20240501,CUS01058,5,EMP0102,Fawry,Completed,256,160
ORD0011117,01/05/2024,20240501,CUS02429,3,EMP0069,Debit Card,Completed,3171.5,1670
ORD0001436,01/05/2024,20240501,CUS01332,3,EMP0062,  Fawry  ,Completed,480,230
ORD0007939,01/05/2024,20240501,CUS01767,1,EMP0018,Debit Card,Completed,25290,21750
ORD0006461,01/05/2024,20240501,CUS01431,8,EMP0139,  Vodafone Cash  ,Completed,304,140
ORD0004522,02/05/2024,20240502,CUS02969,5,EMP0112,Debit Card,Completed,1440,720
ORD0006160,02/05/2024,20240502,CUS01410,4,EMP0092,Fawry,Completed,5576,4490
ORD0007361,02/05/2024,20240502,CUS02789,12,EMP0178,Vodafone Cash,Completed,320,160
ORD0010203,02/05/2024,20240502,CUS00445,6,EMP0121,  Debit Card  ,Completed,11800,9400
ORD0007961,02/05/2024,20240502,CUS01258,3,EMP0072,Fawry,Completed,10323,10730
ORD0001054,02/05/2024,20240502,CUS01605,6,EMP0125,Credit Card,Completed,948,510
ORD0000142,03/05/2024,20240503,CUS02112,13,EMP0190,InstaPay,Completed,701.5,350
ORD0001656,03/05/2024,20240503,CUS00817,2,EMP0050,Cash,Completed,13638,10940
ORD0008329,03/05/2024,20240503,CUS00607,11,EMP0173,Credit Card,Completed,2081,1160
ORD0002554,03/05/2024,20240503,CUS01908,6,EMP0122,InstaPay,Completed,1992,1040
ORD0001615,03/05/2024,20240503,CUS00710,2,EMP0044,  Cash  ,Returned,612,350
ORD0011103,03/05/2024,20240503,CUS02132,3,EMP0061,Debit Card,Completed,800,390
ORD0001939,03/05/2024,20240503,CUS02517,10,EMP0160,Cash,Completed,433.5,250
ORD0002316,03/05/2024,20240503,CUS01257,4,EMP0092,Cash,Completed,1120,560
ORD0002951,03/05/2024,20240503,CUS02437,2,EMP0045,Debit Card,Completed,140,70
ORD0004525,03/05/2024,20240503,CUS01108,3,EMP0066,Cash,Completed,813,380
ORD0010015,03/05/2024,20240503,CUS01725,14,EMP0197,Cash,Completed,323,180
ORD0009631,03/05/2024,20240503,CUS02163,5,EMP0102,Debit Card,Cancelled,765,420
ORD0011237,03/05/2024,20240503,CUS02550,14,EMP0201,Vodafone Cash,Completed,234,120
ORD0000182,03/05/2024,20240503,CUS00368,3,EMP0068,Debit Card,Completed,2197,1340
ORD0005724,03/05/2024,20240503,CUS02318,4,EMP0085,  Debit Card  ,Completed,2304,1240
ORD0003040,04/05/2024,20240504,CUS00490,12,EMP0178,Credit Card,Completed,176,100
ORD0001954,04/05/2024,20240504,CUS01644,8,EMP0140,Fawry,Completed,692,400
ORD0011391,04/05/2024,20240504,CUS00219,1,EMP0021,Debit Card,Completed,13578,10510
ORD0007427,04/05/2024,20240504,CUS02833,3,EMP0071,Cash,Completed,360,180
ORD0006816,04/05/2024,20240504,CUS02395,8,EMP0143,Vodafone Cash,Completed,600,280
ORD0010451,04/05/2024,20240504,CUS00574,10,EMP0160,Fawry,Cancelled,588.5,330
ORD0004359,05/05/2024,20240505,CUS02442,2,EMP0051,  Fawry  ,Completed,12309,9300
ORD0002130,05/05/2024,20240505,CUS01427,12,EMP0178,InstaPay,Completed,724,380
ORD0005853,05/05/2024,20240505,CUS01848,1,EMP0026,Debit Card,Completed,480,240
ORD0001683,05/05/2024,20240505,CUS01368,14,EMP0198,  Credit Card  ,Completed,864,480
ORD0004850,05/05/2024,20240505,CUS01029,1,EMP0013,InstaPay,Completed,27911,27320
ORD0004217,05/05/2024,20240505,CUS02716,6,EMP0118,Debit Card,Completed,126,60
ORD0001778,05/05/2024,20240505,CUS00633,3,EMP0065,  Debit Card  ,Completed,23294,18890
ORD0004811,05/05/2024,20240505,CUS01798,2,EMP0041,Debit Card,Completed,380,180
ORD0011339,05/05/2024,20240505,CUS01385,3,EMP0065,Vodafone Cash,Completed,14665,12240
ORD0002219,05/05/2024,20240505,CUS01210,2,EMP0043,Debit Card,Completed,230,110
ORD0000585,05/05/2024,20240505,CUS00770,4,EMP0088,Fawry,Completed,1429.5,840
ORD0011620,05/05/2024,20240505,CUS00214,5,EMP0100,Vodafone Cash,Completed,1440,710
ORD0005694,05/05/2024,20240505,CUS01983,1,EMP0011,Cash,Completed,688,360
ORD0002927,05/05/2024,20240505,CUS02069,10,,InstaPay,Completed,520,240
ORD0005091,05/05/2024,20240505,CUS00514,12,EMP0176,Vodafone Cash,Completed,871.5,470
ORD0002846,05/05/2024,20240505,CUS02571,2,EMP0053,InstaPay,Returned,1600,1400
ORD0008949,05/05/2024,20240505,CUS02139,5,EMP0095,Cash,Completed,189,100
ORD0004563,06/05/2024,20240506,CUS00812,1,EMP0002,Fawry,Completed,18524,15310
ORD0000298,06/05/2024,20240506,CUS00466,1,EMP0028,Vodafone Cash,Completed,513,260
ORD0007781,06/05/2024,20240506,CUS02368,14,EMP0203,InstaPay,Completed,1615,1290
ORD0009873,06/05/2024,20240506,CUS02657,3,EMP0074,InstaPay,Completed,230,110
ORD0009131,06/05/2024,20240506,CUS01488,6,EMP0115,InstaPay,Completed,180,80
ORD0002598,06/05/2024,20240506,CUS02392,8,EMP0143,InstaPay,Completed,905,470
ORD0009906,06/05/2024,20240506,CUS00536,6,EMP0125,  Debit Card  ,Completed,1463,1110
ORD0001340,06/05/2024,20240506,CUS00657,2,EMP0053,  Vodafone Cash  ,Completed,2534,1370
ORD0007615,06/05/2024,20240506,CUS01068,4,EMP0093,InstaPay,Completed,392,240
ORD0009304,06/05/2024,20240506,CUS02102,7,EMP0130,InstaPay,Completed,250,120
ORD0003052,06/05/2024,20240506,CUS02446,14,EMP0194,Vodafone Cash,Completed,960,480
ORD0011111,06/05/2024,20240506,CUS02605,11,EMP0172,Cash,Cancelled,382.5,220
ORD0005711,06/05/2024,20240506,CUS00445,11,EMP0171,Debit Card,Completed,300,140
ORD0010039,06/05/2024,20240506,CUS00299,7,EMP0135,Credit Card,Completed,39600,31500
ORD0007555,06/05/2024,20240506,CUS02500,10,EMP0155,Vodafone Cash,Completed,630,350
ORD0000561,07/05/2024,20240507,CUS00562,3,EMP0057,Cash,Completed,837,440
ORD0008878,07/05/2024,20240507,CUS00816,4,EMP0083,Cash,Completed,1752,870
ORD0010716,07/05/2024,20240507,CUS02059,2,EMP0037,Debit Card,Completed,775.5,420
ORD0010959,07/05/2024,20240507,CUS02235,7,EMP0135,Cash,Completed,342,180
ORD0009649,07/05/2024,20240507,CUS01254,8,EMP0138,Vodafone Cash,Completed,1005.5,650
ORD0011320,07/05/2024,20240507,CUS02777,1,EMP0002,Fawry,Cancelled,536,320
ORD0008944,07/05/2024,20240507,CUS02323,12,EMP0178,Vodafone Cash,Returned,1562,1440
ORD0002639,07/05/2024,20240507,CUS02751,1,EMP0006,  Credit Card  ,Completed,1639,990
ORD0010121,07/05/2024,20240507,CUS00993,7,EMP0134,InstaPay,Completed,452,230
ORD0000166,07/05/2024,20240507,CUS00191,5,EMP0111,Vodafone Cash,Completed,16518,12740
ORD0009234,07/05/2024,20240507,CUS00311,2,EMP0054,Vodafone Cash,Completed,3999,2100
ORD0003656,07/05/2024,20240507,CUS01079,4,EMP0081,InstaPay,Completed,1271.5,670
ORD0006044,07/05/2024,20240507,CUS02662,2,EMP0034,Fawry,Completed,836,410
ORD0011300,07/05/2024,20240507,CUS00494,8,EMP0141,Cash,Completed,363,200
ORD0005941,07/05/2024,20240507,CUS00487,4,EMP0085,Cash,Returned,2717.5,1470
ORD0001974,08/05/2024,20240508,CUS01013,8,EMP0144,Debit Card,Completed,771.5,450
ORD0004707,08/05/2024,20240508,CUS02634,5,EMP0107,Credit Card,Cancelled,128,80
ORD0010732,08/05/2024,20240508,CUS00942,3,EMP0061,InstaPay,Completed,680,360
ORD0005304,08/05/2024,20240508,CUS02106,2,EMP0048,Debit Card,Completed,2858.5,1750
ORD0008407,08/05/2024,20240508,CUS01291,2,EMP0040,InstaPay,Completed,790,390
ORD0010677,08/05/2024,20240508,CUS01610,3,EMP0058,Fawry,Returned,5920,5040
ORD0006486,08/05/2024,20240508,CUS02054,6,EMP0118,Credit Card,Returned,828,450
ORD0004971,08/05/2024,20240508,CUS02068,15,EMP0216,InstaPay,Completed,2768,1570
ORD0002156,08/05/2024,20240508,CUS02973,3,EMP0056,Credit Card,Returned,828,430
ORD0000344,08/05/2024,20240508,CUS00784,2,EMP0032,InstaPay,Returned,6000,4800
ORD0001986,09/05/2024,20240509,CUS00334,2,EMP0048,InstaPay,Returned,342,170
ORD0000831,09/05/2024,20240509,CUS01560,3,,  Cash  ,Completed,880,440
ORD0004497,09/05/2024,20240509,CUS02048,1,EMP0026,Vodafone Cash,Completed,5252,4140
ORD0003838,09/05/2024,20240509,CUS02622,6,EMP0123,Vodafone Cash,Returned,50397,40030
ORD0009122,09/05/2024,20240509,CUS02901,4,EMP0086,Fawry,Completed,700,390
ORD0000698,09/05/2024,20240509,CUS00453,7,EMP0132,  InstaPay  ,Completed,1850,1000
ORD0003349,09/05/2024,20240509,CUS01123,6,EMP0118,Cash,Completed,4504,2210
ORD0011701,09/05/2024,20240509,CUS01185,15,EMP0216,Debit Card,Completed,4513,3230
ORD0003660,09/05/2024,20240509,CUS02699,3,EMP0074,Credit Card,Completed,600,280
ORD0005435,09/05/2024,20240509,CUS02306,14,EMP0195,  Cash  ,Completed,576,340
ORD0010831,10/05/2024,20240510,CUS00973,4,EMP0083,Vodafone Cash,Completed,437,220
ORD0009965,10/05/2024,20240510,CUS01703,1,EMP0017,Credit Card,Completed,999,540
ORD0007258,10/05/2024,20240510,CUS01490,5,EMP0099,Credit Card,Completed,229.5,120
ORD0008539,10/05/2024,20240510,CUS01174,6,EMP0117,  Debit Card  ,Completed,488,300
ORD0003845,10/05/2024,20240510,CUS00671,13,EMP0186,Debit Card,Completed,729,390
ORD0004227,10/05/2024,20240510,CUS02716,12,EMP0176,Credit Card,Returned,2154,1190
ORD0001467,10/05/2024,20240510,CUS02152,1,EMP0022,Fawry,Returned,280,120
ORD0005777,10/05/2024,20240510,CUS00967,15,,Credit Card,Completed,2922,1450
ORD0006107,10/05/2024,20240510,CUS01937,2,EMP0048,Credit Card,Completed,1287,630
ORD0006328,11/05/2024,20240511,CUS01573,2,EMP0051,Debit Card,Completed,873,480
ORD0000505,11/05/2024,20240511,CUS01427,13,EMP0190,  Vodafone Cash  ,Completed,189,100
ORD0004469,11/05/2024,20240511,CUS01743,6,EMP0123,Cash,Completed,940,460
ORD0011010,11/05/2024,20240511,CUS01033,15,EMP0214,Fawry,Completed,160,70
ORD0006058,11/05/2024,20240511,CUS02523,2,,  Vodafone Cash  ,Completed,10314,10720
ORD0010903,11/05/2024,20240511,CUS00123,6,EMP0119,Fawry,Completed,720,340
ORD0010689,11/05/2024,20240511,CUS01307,3,EMP0078,Debit Card,Completed,550,270
ORD0007006,11/05/2024,20240511,CUS02763,12,EMP0175,Cash,Completed,1454,770
ORD0011274,11/05/2024,20240511,CUS01847,3,EMP0067,Debit Card,Completed,434,250
ORD0002246,12/05/2024,20240512,CUS01483,6,EMP0126,Vodafone Cash,Completed,662,310
ORD0010977,12/05/2024,20240512,CUS02961,6,EMP0120,  Fawry  ,Completed,270,130
ORD0002746,12/05/2024,20240512,CUS02006,8,EMP0139,Vodafone Cash,Completed,20559,18010
ORD0009738,12/05/2024,20240512,CUS01638,6,EMP0118,InstaPay,Completed,1950,990
ORD0009095,12/05/2024,20240512,CUS00883,6,EMP0126,  Debit Card  ,Completed,144,70
ORD0005979,12/05/2024,20240512,CUS00583,7,EMP0133,  InstaPay  ,Completed,300,140
ORD0006942,12/05/2024,20240512,CUS00968,1,EMP0026,Cash,Completed,1472.5,810
ORD0005226,12/05/2024,20240512,CUS00912,5,EMP0097,Fawry,Completed,12200,9800
ORD0006516,12/05/2024,20240512,CUS00316,2,EMP0031,  Vodafone Cash  ,Completed,396,220
ORD0003903,12/05/2024,20240512,CUS00008,1,EMP0022,Fawry,Completed,2615,1470
ORD0006408,12/05/2024,20240512,CUS01227,5,EMP0098,Credit Card,Completed,161.5,90
ORD0007478,12/05/2024,20240512,CUS01841,1,EMP0028,Fawry,Returned,936,500
ORD0005198,12/05/2024,20240512,CUS02719,3,EMP0073,Debit Card,Completed,960,460
ORD0004956,12/05/2024,20240512,CUS02945,5,EMP0112,Vodafone Cash,Completed,8981.5,8540
ORD0005347,12/05/2024,20240512,CUS00894,11,EMP0168,Debit Card,Completed,646,360
ORD0006234,12/05/2024,20240512,CUS00710,4,EMP0084,Vodafone Cash,Completed,557,320
ORD0004544,12/05/2024,20240512,CUS01281,15,EMP0206,  Debit Card  ,Returned,690,330
ORD0010754,13/05/2024,20240513,CUS00863,2,EMP0039,Debit Card,Completed,943,470
ORD0006921,13/05/2024,20240513,CUS00145,3,EMP0055,InstaPay,Completed,237.5,120
ORD0009520,13/05/2024,20240513,CUS01922,6,EMP0114,Debit Card,Cancelled,20200,16200
ORD0005946,13/05/2024,20240513,CUS02984,12,EMP0178,Fawry,Completed,980,480
ORD0009053,14/05/2024,20240514,CUS01858,7,EMP0132,InstaPay,Completed,1128,580
ORD0009116,14/05/2024,20240514,CUS00740,1,EMP0018,Debit Card,Completed,2016,1090
ORD0003394,14/05/2024,20240514,CUS01342,8,EMP0141,Fawry,Completed,908,530
ORD0005883,14/05/2024,20240514,CUS00025,1,EMP0022,Credit Card,Cancelled,30557.5,24280
ORD0007769,14/05/2024,20240514,CUS01975,5,EMP0101,Credit Card,Completed,470,240
ORD0008062,14/05/2024,20240514,CUS00977,1,EMP0005,Cash,Completed,1399,710
ORD0008280,14/05/2024,20240514,CUS00221,10,EMP0155,Credit Card,Completed,1596,830
ORD0005675,15/05/2024,20240515,CUS01575,1,EMP0002,Fawry,Returned,3705,1860
ORD0004843,15/05/2024,20240515,CUS00505,1,EMP0010,Fawry,Completed,11479.5,9000
ORD0008934,15/05/2024,20240515,CUS02400,2,EMP0031,  InstaPay  ,Completed,1728,920
ORD0005030,15/05/2024,20240515,CUS02119,11,EMP0172,Debit Card,Completed,738,390
ORD0002664,15/05/2024,20240515,CUS02615,6,EMP0119,Fawry,Completed,541.5,280
ORD0009722,15/05/2024,20240515,CUS02427,1,EMP0012,InstaPay,Completed,1759.5,970
ORD0000878,15/05/2024,20240515,CUS00742,12,EMP0182,Credit Card,Completed,1350,1130
ORD0003449,15/05/2024,20240515,CUS00478,1,EMP0006,Vodafone Cash,Completed,1189,650
ORD0011944,16/05/2024,20240516,CUS01846,3,EMP0071,Credit Card,Completed,1470,830
ORD0003525,16/05/2024,20240516,CUS01752,1,EMP0004,  Credit Card  ,Completed,3614,2140
ORD0004362,16/05/2024,20240516,CUS02664,4,EMP0080,  Vodafone Cash  ,Completed,624,300
ORD0005389,16/05/2024,20240516,CUS00256,6,EMP0126,Cash,Completed,485,270
ORD0006069,16/05/2024,20240516,CUS02929,1,EMP0019,Cash,Completed,570,270
ORD0009166,16/05/2024,20240516,CUS02995,6,EMP0122,Vodafone Cash,Completed,2393,1200
ORD0004352,16/05/2024,20240516,CUS00912,1,EMP0017,Debit Card,Completed,342,180
ORD0004276,16/05/2024,20240516,CUS00191,12,EMP0178,Vodafone Cash,Completed,460,220
ORD0003473,16/05/2024,20240516,CUS02933,7,,  Vodafone Cash  ,Completed,225,120
ORD0001008,16/05/2024,20240516,CUS02474,4,EMP0080,Credit Card,Completed,674,380
ORD0003767,16/05/2024,20240516,CUS01211,15,EMP0204,Cash,Completed,29820,24620
ORD0011897,16/05/2024,20240516,CUS02567,5,EMP0097,Vodafone Cash,Completed,1323,720
ORD0000280,16/05/2024,20240516,CUS00309,10,EMP0156,  Credit Card  ,Completed,774,400
ORD0007418,16/05/2024,20240516,CUS00321,1,EMP0016,Debit Card,Completed,44508,35650
ORD0011295,17/05/2024,20240517,CUS02037,10,EMP0155,Debit Card,Completed,280,130
ORD0010815,17/05/2024,20240517,CUS02281,6,EMP0114,Vodafone Cash,Completed,1728,920
ORD0001699,17/05/2024,20240517,CUS01847,1,EMP0016,Fawry,Completed,280,120
ORD0009785,17/05/2024,20240517,CUS02447,5,EMP0108,  Cash  ,Completed,216,110
ORD0007628,17/05/2024,20240517,CUS02984,5,EMP0098,Vodafone Cash,Completed,5824,4520
ORD0007348,17/05/2024,20240517,CUS01742,13,EMP0193,Debit Card,Completed,1404,760
ORD0001808,17/05/2024,20240517,CUS02016,14,EMP0199,Fawry,Cancelled,1170,1000
ORD0001400,17/05/2024,20240517,CUS00422,1,,  Vodafone Cash  ,Completed,140,70
ORD0005260,17/05/2024,20240517,CUS02046,11,EMP0169,Credit Card,Completed,816,460
ORD0009097,17/05/2024,20240517,CUS02200,2,EMP0043,Cash,Completed,142.5,70
ORD0007719,18/05/2024,20240518,CUS02841,1,EMP0003,  Cash  ,Completed,144,70
ORD0002205,18/05/2024,20240518,CUS02409,15,EMP0216,Fawry,Completed,1632,920
ORD0006054,18/05/2024,20240518,CUS02699,3,EMP0063,Fawry,Completed,621,300
ORD0001217,18/05/2024,20240518,CUS02896,1,EMP0006,  Fawry  ,Completed,833,480
ORD0011028,18/05/2024,20240518,CUS01360,1,EMP0022,InstaPay,Completed,2100,1120
ORD0011233,18/05/2024,20240518,CUS00566,2,EMP0053,Fawry,Completed,7806,6010
ORD0006174,18/05/2024,20240518,CUS00023,1,EMP0012,Vodafone Cash,Completed,595,340
ORD0006597,18/05/2024,20240518,CUS01261,5,,  Fawry  ,Cancelled,1439.5,760
ORD0007165,18/05/2024,20240518,CUS00116,13,EMP0188,Debit Card,Completed,869.5,470
ORD0011263,19/05/2024,20240519,CUS02132,4,EMP0092,Debit Card,Completed,10648,10270
ORD0008818,19/05/2024,20240519,CUS02379,2,EMP0034,Credit Card,Completed,1740,990
ORD0010151,19/05/2024,20240519,CUS01133,2,EMP0041,Cash,Completed,270,130
ORD0002378,19/05/2024,20240519,CUS00834,3,EMP0068,  Debit Card  ,Completed,3024.5,1550
ORD0001393,19/05/2024,20240519,CUS00893,7,EMP0136,Cash,Completed,1020,850
ORD0004697,19/05/2024,20240519,CUS00866,4,EMP0088,Fawry,Completed,904,440
ORD0006681,19/05/2024,20240519,CUS01334,5,EMP0109,InstaPay,Completed,2690.5,1880
ORD0008335,19/05/2024,20240519,CUS00383,2,EMP0038,InstaPay,Completed,245,170
ORD0009303,19/05/2024,20240519,CUS01799,3,EMP0070,  Vodafone Cash  ,Returned,150,70
ORD0008361,20/05/2024,20240520,CUS00660,10,EMP0155,Cash,Completed,701,370
ORD0000612,20/05/2024,20240520,CUS01763,2,EMP0040,InstaPay,Completed,12974,11050
ORD0001423,20/05/2024,20240520,CUS00301,6,,Cash,Completed,1349,790
ORD0008867,20/05/2024,20240520,CUS02602,1,EMP0015,InstaPay,Completed,127.5,70
ORD0010185,20/05/2024,20240520,CUS01001,5,EMP0110,  Credit Card  ,Completed,2000,1600
ORD0004675,20/05/2024,20240520,CUS02102,5,EMP0101,Credit Card,Completed,828,440
ORD0005928,20/05/2024,20240520,CUS02215,2,,InstaPay,Completed,999,500
ORD0006639,20/05/2024,20240520,CUS02150,4,EMP0086,Fawry,Completed,1350,690
ORD0005556,20/05/2024,20240520,CUS01449,8,EMP0137,InstaPay,Completed,1332,720
ORD0003385,20/05/2024,20240520,CUS01498,4,EMP0085,Credit Card,Completed,890,440
ORD0002842,21/05/2024,20240521,CUS01925,2,EMP0034,Cash,Completed,370,180
ORD0003274,21/05/2024,20240521,CUS01589,5,EMP0103,  Credit Card  ,Completed,1005.5,590
ORD0003698,21/05/2024,20240521,CUS00956,3,EMP0062,InstaPay,Completed,2321,1150
ORD0001509,21/05/2024,20240521,CUS00281,6,EMP0118,Fawry,Completed,496,260
ORD0008326,21/05/2024,20240521,CUS01765,3,EMP0070,Cash,Completed,6601.5,5610
ORD0009499,21/05/2024,20240521,CUS02416,10,EMP0161,  Credit Card  ,Completed,1230,590
ORD0002799,21/05/2024,20240521,CUS00048,14,EMP0200,Vodafone Cash,Completed,20026,16160
ORD0007934,21/05/2024,20240521,CUS02621,10,EMP0157,Debit Card,Completed,1524,790
ORD0005317,21/05/2024,20240521,CUS01256,12,EMP0177,InstaPay,Completed,133,60
ORD0011119,21/05/2024,20240521,CUS02058,15,EMP0207,  Fawry  ,Completed,280,140
ORD0010208,21/05/2024,20240521,CUS02429,11,EMP0170,InstaPay,Completed,2019,1060
ORD0003298,21/05/2024,20240521,CUS02637,1,EMP0007,Vodafone Cash,Completed,323,160
ORD0005256,21/05/2024,20240521,CUS02997,12,EMP0179,Cash,Completed,648,360
ORD0000714,22/05/2024,20240522,CUS02416,6,EMP0117,Debit Card,Completed,270,140
ORD0000400,22/05/2024,20240522,CUS00382,6,EMP0120,Vodafone Cash,Completed,292.5,180
ORD0001045,22/05/2024,20240522,CUS02141,4,EMP0093,  Cash  ,Completed,517.5,270
ORD0007355,22/05/2024,20240522,CUS01000,4,EMP0087,  Fawry  ,Completed,1352,650
ORD0001951,22/05/2024,20240522,CUS00747,4,EMP0088,InstaPay,Completed,2172,1160
ORD0002689,22/05/2024,20240522,CUS01833,2,EMP0046,Debit Card,Completed,570,270
ORD0008560,22/05/2024,20240522,CUS00554,12,EMP0182,Cash,Returned,1185,680
ORD0000991,22/05/2024,20240522,CUS01375,1,EMP0013,Fawry,Completed,856,500
ORD0010593,22/05/2024,20240522,CUS02752,13,EMP0192,Fawry,Completed,2708,1420
ORD0002386,22/05/2024,20240522,CUS00775,5,EMP0101,Fawry,Completed,100,40
ORD0002514,22/05/2024,20240522,CUS02066,8,EMP0144,Fawry,Completed,380,180
ORD0011777,22/05/2024,20240522,CUS00418,2,EMP0045,Debit Card,Completed,3200,1700
ORD0008324,22/05/2024,20240522,CUS02611,1,EMP0026,  Debit Card  ,Completed,460,220
ORD0003704,22/05/2024,20240522,CUS00085,3,EMP0067,Cash,Completed,130,60
ORD0007250,23/05/2024,20240523,CUS02190,1,EMP0020,InstaPay,Completed,1562,820
ORD0009885,23/05/2024,20240523,CUS00847,1,EMP0002,Fawry,Returned,620.5,360
ORD0002631,23/05/2024,20240523,CUS02321,10,EMP0157,Credit Card,Completed,2605,1360
ORD0004024,23/05/2024,20240523,CUS00361,11,EMP0171,Debit Card,Completed,442,250
ORD0001459,23/05/2024,20240523,CUS01326,4,EMP0090,Credit Card,Returned,1200,560
ORD0001114,23/05/2024,20240523,CUS01439,1,EMP0004,  Cash  ,Completed,6794,5540
ORD0011285,23/05/2024,20240523,CUS02154,4,EMP0082,Debit Card,Completed,1913,1020
ORD0007621,23/05/2024,20240523,CUS02334,3,EMP0074,Credit Card,Completed,2200,1050
ORD0006002,23/05/2024,20240523,CUS02788,5,EMP0098,Cash,Completed,60,40
ORD0000275,23/05/2024,20240523,CUS00513,11,EMP0169,Debit Card,Cancelled,20612,17500
ORD0002428,23/05/2024,20240523,CUS02175,2,EMP0047,Credit Card,Returned,1627,910
ORD0005655,23/05/2024,20240523,CUS00464,3,EMP0072,Fawry,Completed,10532,9350
ORD0003895,23/05/2024,20240523,CUS02359,5,EMP0105,  Vodafone Cash  ,Completed,1509,870
ORD0004100,23/05/2024,20240523,CUS02686,12,EMP0179,Cash,Completed,280,140
ORD0008063,23/05/2024,20240523,CUS00325,12,EMP0175,Credit Card,Completed,520,240
ORD0008296,24/05/2024,20240524,CUS00806,1,EMP0013,Vodafone Cash,Completed,180,80
ORD0002495,24/05/2024,20240524,CUS00976,4,EMP0094,InstaPay,Completed,32884,28800
ORD0009661,24/05/2024,20240524,CUS01910,2,EMP0045,Vodafone Cash,Completed,965,500
ORD0003188,24/05/2024,20240524,CUS00258,3,EMP0058,  InstaPay  ,Completed,875,520
ORD0011991,24/05/2024,20240524,CUS02117,14,EMP0199,  InstaPay  ,Completed,180,80
ORD0003973,24/05/2024,20240524,CUS01095,1,,Fawry,Completed,324,170
ORD0009302,24/05/2024,20240524,CUS00871,6,EMP0115,Debit Card,Completed,1125.5,600
ORD0004689,24/05/2024,20240524,CUS00798,3,EMP0066,Fawry,Completed,1232,760
ORD0011689,24/05/2024,20240524,CUS00029,14,EMP0197,  Cash  ,Completed,980,550
ORD0007242,25/05/2024,20240525,CUS00194,2,EMP0034,Debit Card,Completed,1185,570
ORD0000640,25/05/2024,20240525,CUS01009,2,EMP0047,Debit Card,Completed,280,140
ORD0004032,25/05/2024,20240525,CUS02819,3,EMP0057,Debit Card,Completed,2441,1260
ORD0010895,25/05/2024,20240525,CUS02627,5,EMP0095,Credit Card,Completed,19287,17360
ORD0010164,25/05/2024,20240525,CUS01794,1,EMP0023,InstaPay,Returned,1478,820
ORD0005291,25/05/2024,20240525,CUS00621,14,EMP0197,Fawry,Completed,427.5,270
ORD0000252,25/05/2024,20240525,CUS02978,1,EMP0025,  Vodafone Cash  ,Completed,2600,2000
ORD0007092,25/05/2024,20240525,CUS01844,2,EMP0035,  Fawry  ,Completed,2032,1020
ORD0007948,26/05/2024,20240526,CUS02420,13,EMP0192,Debit Card,Completed,5620,4250
ORD0002011,26/05/2024,20240526,CUS00085,2,EMP0054,InstaPay,Completed,1030,660
ORD0000716,26/05/2024,20240526,CUS00579,3,EMP0071,Debit Card,Completed,13410,11900
ORD0001032,26/05/2024,20240526,CUS00662,3,EMP0071,Credit Card,Completed,14900,11900
ORD0011344,26/05/2024,20240526,CUS00761,14,,Fawry,Completed,396,220
ORD0002620,26/05/2024,20240526,CUS02571,2,EMP0037,Cash,Completed,35807,33340
ORD0005292,26/05/2024,20240526,CUS02594,8,EMP0144,Cash,Completed,926,440
ORD0004619,26/05/2024,20240526,CUS00479,15,EMP0207,Cash,Completed,1418,700
ORD0002667,26/05/2024,20240526,CUS00658,8,EMP0144,  Fawry  ,Returned,1888,920
ORD0009055,26/05/2024,20240526,CUS02917,10,EMP0161,Debit Card,Completed,1018,540
ORD0005537,26/05/2024,20240526,CUS00338,1,,InstaPay,Completed,133,60
ORD0010721,26/05/2024,20240526,CUS01805,4,EMP0079,Credit Card,Completed,680,320
ORD0000693,26/05/2024,20240526,CUS00704,10,EMP0159,Credit Card,Completed,5271,4080
ORD0000124,26/05/2024,20240526,CUS02172,4,EMP0082,Credit Card,Completed,19679.5,15140
ORD0008416,26/05/2024,20240526,CUS00203,3,EMP0067,InstaPay,Completed,1128,590
ORD0005269,26/05/2024,20240526,CUS01673,6,EMP0119,Credit Card,Completed,1978,1020
ORD0009635,26/05/2024,20240526,CUS01238,9,EMP0149,Credit Card,Completed,352,220
ORD0003056,26/05/2024,20240526,CUS01794,5,EMP0098,InstaPay,Completed,272,170
ORD0010224,26/05/2024,20240526,CUS02912,13,,Credit Card,Completed,478,220
ORD0005332,27/05/2024,20240527,CUS00563,6,EMP0114,  InstaPay  ,Completed,916,490
ORD0003147,27/05/2024,20240527,CUS01718,5,EMP0101,Fawry,Returned,408,250
ORD0011655,27/05/2024,20240527,CUS02570,5,EMP0103,Vodafone Cash,Completed,2822,1550
ORD0001928,27/05/2024,20240527,CUS00258,2,EMP0049,Debit Card,Completed,1340,620
ORD0004295,27/05/2024,20240527,CUS02991,2,EMP0050,  Credit Card  ,Completed,5500,4840
ORD0010116,27/05/2024,20240527,CUS02817,5,EMP0103,Debit Card,Completed,970,480
ORD0003857,27/05/2024,20240527,CUS02521,7,EMP0131,Vodafone Cash,Completed,1140,560
ORD0010213,27/05/2024,20240527,CUS02988,2,EMP0042,Vodafone Cash,Completed,2308,1220
ORD0007922,27/05/2024,20240527,CUS02525,6,EMP0125,Debit Card,Completed,594,390
ORD0000256,28/05/2024,20240528,CUS02795,2,EMP0050,Vodafone Cash,Completed,12800,10300
ORD0006706,28/05/2024,20240528,CUS00627,2,EMP0039,Cash,Completed,540,280
ORD0006808,28/05/2024,20240528,CUS02194,7,EMP0130,Debit Card,Completed,570,270
ORD0007338,28/05/2024,20240528,CUS00055,4,EMP0084,Vodafone Cash,Completed,1200,1000
ORD0008161,28/05/2024,20240528,CUS01628,2,EMP0037,Debit Card,Completed,2030,1080
ORD0000549,28/05/2024,20240528,CUS01595,3,EMP0072,Fawry,Completed,370,180
ORD0005518,28/05/2024,20240528,CUS01886,13,EMP0190,Cash,Completed,2910,1400
ORD0010616,28/05/2024,20240528,CUS01687,10,EMP0158,InstaPay,Returned,423,230
ORD0002903,28/05/2024,20240528,CUS02448,1,,Fawry,Completed,946,500
ORD0003009,28/05/2024,20240528,CUS01697,7,EMP0135,InstaPay,Completed,1640,790
ORD0006862,28/05/2024,20240528,CUS02171,5,EMP0109,Credit Card,Completed,5016,4960
ORD0005150,29/05/2024,20240529,CUS01974,2,EMP0049,Cash,Completed,1278.5,640
ORD0007753,29/05/2024,20240529,CUS02956,6,EMP0119,Vodafone Cash,Completed,189,100
ORD0006669,29/05/2024,20240529,CUS00997,8,EMP0140,  Credit Card  ,Completed,306,160
ORD0006691,29/05/2024,20240529,CUS02238,14,EMP0196,Fawry,Completed,549,300
ORD0004448,29/05/2024,20240529,CUS02482,2,EMP0031,InstaPay,Completed,144,70
ORD0003554,29/05/2024,20240529,CUS02803,1,EMP0009,Cash,Returned,18637,15570
ORD0009716,29/05/2024,20240529,CUS00318,1,EMP0004,Credit Card,Returned,477,230
ORD0010744,29/05/2024,20240529,CUS01476,7,EMP0133,Credit Card,Completed,676,380
ORD0001257,29/05/2024,20240529,CUS01263,15,EMP0213,Fawry,Completed,2004,1030
ORD0005008,30/05/2024,20240530,CUS00626,2,EMP0047,  Debit Card  ,Completed,531,280
ORD0006660,30/05/2024,20240530,CUS00448,11,EMP0169,  Credit Card  ,Completed,2600,1290
ORD0002297,30/05/2024,20240530,CUS02030,4,EMP0085,Credit Card,Completed,1740,840
ORD0003376,30/05/2024,20240530,CUS01225,1,EMP0015,  Debit Card  ,Completed,1506,820
ORD0009729,30/05/2024,20240530,CUS00874,6,,Debit Card,Completed,13724,11200
ORD0006397,30/05/2024,20240530,CUS01025,1,EMP0012,Fawry,Completed,39835,45170
ORD0003291,30/05/2024,20240530,CUS00846,2,EMP0047,  Debit Card  ,Completed,45172.5,35950
ORD0009482,30/05/2024,20240530,CUS02120,12,EMP0175,Credit Card,Completed,1780.5,930
ORD0002884,30/05/2024,20240530,CUS02336,15,EMP0208,Fawry,Completed,480,270
ORD0008845,31/05/2024,20240531,CUS02546,15,EMP0207,  Cash  ,Completed,2156,1100
ORD0001746,31/05/2024,20240531,CUS02350,1,EMP0002,Cash,Completed,1472,720
ORD0009409,31/05/2024,20240531,CUS00816,15,EMP0210,InstaPay,Completed,84,60
ORD0007159,01/06/2024,20240601,CUS01128,13,EMP0188,Vodafone Cash,Completed,266,140
ORD0001464,01/06/2024,20240601,CUS01835,1,EMP0009,Credit Card,Completed,1411,690
ORD0001298,01/06/2024,20240601,CUS00232,2,,Debit Card,Completed,510,240
ORD0003904,01/06/2024,20240601,CUS02398,7,EMP0130,Vodafone Cash,Completed,2022,1060
ORD0005158,01/06/2024,20240601,CUS00060,3,EMP0065,InstaPay,Completed,768,410
ORD0000186,01/06/2024,20240601,CUS00001,5,EMP0104,InstaPay,Returned,217.5,140
ORD0005374,01/06/2024,20240601,CUS00366,10,EMP0161,  Credit Card  ,Completed,17140,19160
ORD0006094,01/06/2024,20240601,CUS01307,8,EMP0144,Credit Card,Returned,2535,1290
ORD0010027,01/06/2024,20240601,CUS01300,1,EMP0027,InstaPay,Completed,7500,8000
ORD0005931,01/06/2024,20240601,CUS00785,4,EMP0094,Debit Card,Completed,1846,950
ORD0005790,01/06/2024,20240601,CUS00358,7,EMP0136,Fawry,Completed,234,130
ORD0004618,01/06/2024,20240601,CUS01600,10,EMP0162,InstaPay,Completed,52800,42000
ORD0001161,01/06/2024,20240601,CUS02565,5,EMP0106,  Fawry  ,Cancelled,1890,930
ORD0004924,01/06/2024,20240601,CUS01259,1,EMP0015,  InstaPay  ,Completed,13107,10460
ORD0003178,01/06/2024,20240601,CUS00345,2,EMP0029,Debit Card,Cancelled,384,230
ORD0003674,01/06/2024,20240601,CUS00168,1,EMP0026,Vodafone Cash,Completed,2845.5,1690
ORD0002557,01/06/2024,20240601,CUS00932,1,EMP0010,Vodafone Cash,Completed,1414.5,770
ORD0007925,02/06/2024,20240602,CUS00430,10,EMP0158,  InstaPay  ,Completed,629,370
ORD0011735,02/06/2024,20240602,CUS00004,5,EMP0109,Credit Card,Completed,1269,650
ORD0011144,02/06/2024,20240602,CUS02932,4,EMP0088,Fawry,Returned,2409,1340
ORD0010181,02/06/2024,20240602,CUS02578,1,EMP0005,Debit Card,Completed,210,100
ORD0010370,02/06/2024,20240602,CUS00801,5,EMP0101,InstaPay,Completed,966,520
ORD0002932,02/06/2024,20240602,CUS02929,3,EMP0065,Credit Card,Completed,1387,710
ORD0007352,02/06/2024,20240602,CUS02465,8,EMP0143,Cash,Completed,33578,29180
ORD0006583,02/06/2024,20240602,CUS02370,2,EMP0033,  Vodafone Cash  ,Completed,112.5,70
ORD0001877,02/06/2024,20240602,CUS02274,6,EMP0113,Credit Card,Completed,216,120
ORD0010435,02/06/2024,20240602,CUS02662,4,EMP0088,  Cash  ,Completed,2210,2000
ORD0000429,02/06/2024,20240602,CUS02642,12,EMP0179,Fawry,Completed,2058,1090
ORD0009925,03/06/2024,20240603,CUS02949,4,EMP0081,Vodafone Cash,Completed,5310,4700
ORD0010271,03/06/2024,20240603,CUS02351,2,EMP0041,Vodafone Cash,Completed,1700,820
ORD0009511,03/06/2024,20240603,CUS00150,3,EMP0065,InstaPay,Returned,420,230
ORD0000332,03/06/2024,20240603,CUS00770,9,EMP0148,Vodafone Cash,Completed,592,360
ORD0007106,03/06/2024,20240603,CUS01457,2,EMP0052,InstaPay,Completed,15270,12080
ORD0009903,03/06/2024,20240603,CUS01162,1,EMP0001,Cash,Completed,712,350
ORD0002103,03/06/2024,20240603,CUS00244,6,EMP0114,Debit Card,Returned,40500,36000
ORD0008457,03/06/2024,20240603,CUS00535,4,EMP0083,Debit Card,Completed,280,130
ORD0009286,03/06/2024,20240603,CUS01783,10,EMP0156,Credit Card,Completed,18491,15240
ORD0005831,03/06/2024,20240603,CUS02414,3,EMP0055,Cash,Cancelled,545.5,340
ORD0004839,03/06/2024,20240603,CUS00981,3,EMP0068,  Cash  ,Completed,1800,920
ORD0008969,03/06/2024,20240603,CUS01787,2,EMP0040,  InstaPay  ,Completed,740.5,420
ORD0000095,04/06/2024,20240604,CUS00095,2,EMP0029,  Vodafone Cash  ,Returned,657.5,340
ORD0008717,04/06/2024,20240604,CUS00085,1,EMP0004,  Debit Card  ,Completed,37620,31800
ORD0005222,04/06/2024,20240604,CUS00228,2,EMP0035,Cash,Completed,140,70
ORD0006992,04/06/2024,20240604,CUS00384,3,EMP0064,Cash,Completed,710,350
ORD0004840,04/06/2024,20240604,CUS01870,12,EMP0183,Vodafone Cash,Completed,340,150
ORD0009874,04/06/2024,20240604,CUS00504,1,EMP0018,Credit Card,Completed,1773.5,940
ORD0009025,04/06/2024,20240604,CUS02822,4,EMP0085,Fawry,Completed,436.5,220
ORD0007979,04/06/2024,20240604,CUS01967,4,,Credit Card,Completed,128,70
ORD0007994,04/06/2024,20240604,CUS00952,5,EMP0101,InstaPay,Completed,2240,1130
ORD0001108,04/06/2024,20240604,CUS02828,1,,  Vodafone Cash  ,Completed,90,40
ORD0010502,04/06/2024,20240604,CUS02677,7,EMP0131,  InstaPay  ,Completed,1224,590
ORD0006943,04/06/2024,20240604,CUS02852,1,EMP0002,Cash,Completed,1600,780
ORD0009479,04/06/2024,20240604,CUS02420,3,EMP0068,  Credit Card  ,Returned,1584,880
ORD0008304,04/06/2024,20240604,CUS02225,1,EMP0020,Credit Card,Completed,280,140
ORD0007083,05/06/2024,20240605,CUS02911,7,EMP0133,  InstaPay  ,Completed,1182.5,630
ORD0000474,05/06/2024,20240605,CUS00031,8,EMP0140,Credit Card,Completed,152,70
ORD0004291,05/06/2024,20240605,CUS02278,9,EMP0147,  InstaPay  ,Completed,314.5,180
ORD0000503,05/06/2024,20240605,CUS02123,15,EMP0207,  Vodafone Cash  ,Completed,576,280
ORD0010081,05/06/2024,20240605,CUS01581,3,,Vodafone Cash,Completed,2801.5,1450
ORD0005247,05/06/2024,20240605,CUS01775,2,EMP0030,Cash,Returned,15725,14800
ORD0001132,05/06/2024,20240605,CUS00677,2,EMP0054,Fawry,Returned,957,480
ORD0007481,05/06/2024,20240605,CUS01418,2,EMP0050,Credit Card,Completed,1694.5,870
ORD0002315,05/06/2024,20240605,CUS00659,5,EMP0111,  Fawry  ,Completed,252,120
ORD0004853,05/06/2024,20240605,CUS00040,10,EMP0158,Debit Card,Completed,6500,5200
ORD0002141,05/06/2024,20240605,CUS00953,6,EMP0124,Cash,Completed,846,470
ORD0009734,06/06/2024,20240606,CUS01357,2,EMP0031,Vodafone Cash,Completed,1564.5,930
ORD0004895,06/06/2024,20240606,CUS02346,5,EMP0110,  Vodafone Cash  ,Returned,12025,9320
ORD0002330,06/06/2024,20240606,CUS00885,5,,Vodafone Cash,Completed,888,430
ORD0005384,06/06/2024,20240606,CUS00152,12,EMP0178,Cash,Completed,7337,5140
ORD0005932,06/06/2024,20240606,CUS02818,2,EMP0050,Credit Card,Completed,119,70
ORD0006096,06/06/2024,20240606,CUS00411,12,EMP0178,Fawry,Completed,2585,1300
ORD0001243,06/06/2024,20240606,CUS01303,10,EMP0157,Debit Card,Completed,13200,11140
ORD0003133,06/06/2024,20240606,CUS02775,5,EMP0106,Fawry,Completed,943.5,540
ORD0011645,06/06/2024,20240606,CUS01521,10,EMP0154,Fawry,Completed,1956,1070
ORD0000108,06/06/2024,20240606,CUS01043,1,EMP0013,InstaPay,Completed,1872,960
ORD0008371,06/06/2024,20240606,CUS02718,14,EMP0202,Fawry,Cancelled,711,360
ORD0006726,06/06/2024,20240606,CUS01775,14,EMP0194,  Debit Card  ,Returned,864,480
ORD0002363,06/06/2024,20240606,CUS01659,5,EMP0099,  Vodafone Cash  ,Completed,684,350
ORD0006281,07/06/2024,20240607,CUS00431,4,EMP0094,  Cash  ,Completed,170,80
ORD0001225,07/06/2024,20240607,CUS00603,6,EMP0114,Debit Card,Completed,90,40
ORD0000278,07/06/2024,20240607,CUS02282,5,EMP0098,Fawry,Returned,500,230
ORD0004288,07/06/2024,20240607,CUS02112,3,EMP0062,  Credit Card  ,Completed,1011,500
ORD0010143,07/06/2024,20240607,CUS00240,3,EMP0061,InstaPay,Completed,288,150
ORD0007491,07/06/2024,20240607,CUS02111,2,EMP0041,Vodafone Cash,Cancelled,896,550
ORD0000504,07/06/2024,20240607,CUS02425,1,EMP0027,Credit Card,Completed,897,480
ORD0008778,07/06/2024,20240607,CUS01891,5,EMP0099,Credit Card,Completed,14472,10590
ORD0006893,07/06/2024,20240607,CUS02194,11,EMP0169,Debit Card,Completed,600,300
ORD0009443,07/06/2024,20240607,CUS01531,13,EMP0186,Debit Card,Completed,362,220
ORD0000964,08/06/2024,20240608,CUS01833,6,,  Cash  ,Completed,58610.5,51480
ORD0006091,08/06/2024,20240608,CUS00160,4,EMP0083,  Cash  ,Completed,2035,1490
ORD0011135,08/06/2024,20240608,CUS00051,8,EMP0143,Fawry,Completed,10310,8950
ORD0008244,08/06/2024,20240608,CUS02510,4,EMP0093,Credit Card,Completed,972,480
ORD0010372,08/06/2024,20240608,CUS00509,2,EMP0051,InstaPay,Completed,1620,780
ORD0000748,08/06/2024,20240608,CUS02770,4,EMP0094,Cash,Completed,1762,950
ORD0002505,08/06/2024,20240608,CUS02288,3,EMP0070,Debit Card,Completed,885,530
ORD0004029,08/06/2024,20240608,CUS00709,3,EMP0064,Cash,Completed,927,480
ORD0001901,08/06/2024,20240608,CUS02425,1,EMP0018,InstaPay,Completed,304,180
ORD0002047,08/06/2024,20240608,CUS00412,5,EMP0109,  Fawry  ,Completed,252,140
ORD0002786,08/06/2024,20240608,CUS02584,13,,  InstaPay  ,Completed,31900,29810
ORD0010591,08/06/2024,20240608,CUS00801,2,EMP0048,Debit Card,Completed,810,400
ORD0005476,09/06/2024,20240609,CUS00067,8,EMP0144,  Credit Card  ,Completed,2480,1220
ORD0002313,09/06/2024,20240609,CUS00921,13,EMP0186,  Credit Card  ,Returned,247,120
ORD0006497,09/06/2024,20240609,CUS01269,5,EMP0107,Cash,Completed,2695.5,1460
ORD0001307,09/06/2024,20240609,CUS02512,5,EMP0106,Debit Card,Completed,696,360
ORD0007373,09/06/2024,20240609,CUS00879,5,EMP0106,Vodafone Cash,Completed,337.5,210
ORD0006010,09/06/2024,20240609,CUS00541,6,EMP0116,Fawry,Completed,1590,780
ORD0000365,09/06/2024,20240609,CUS00104,14,EMP0199,Vodafone Cash,Completed,515.5,290
ORD0006066,09/06/2024,20240609,CUS00849,4,EMP0086,Fawry,Completed,460,230
ORD0003468,09/06/2024,20240609,CUS00717,1,EMP0002,  Credit Card  ,Completed,9804.5,8960
ORD0004528,09/06/2024,20240609,CUS00040,5,,Vodafone Cash,Completed,504,300
ORD0005895,09/06/2024,20240609,CUS01851,1,EMP0004,Credit Card,Completed,5697,4380
ORD0010173,09/06/2024,20240609,CUS02557,4,EMP0081,InstaPay,Completed,2539.5,1400
ORD0000188,09/06/2024,20240609,CUS01342,3,EMP0078,Debit Card,Completed,18369,16300
ORD0005251,09/06/2024,20240609,CUS02611,13,EMP0191,Vodafone Cash,Completed,1041,580
ORD0002890,10/06/2024,20240610,CUS03000,4,EMP0090,InstaPay,Completed,1707,870
ORD0010159,10/06/2024,20240610,CUS01224,13,EMP0191,InstaPay,Completed,1190,680
ORD0007669,10/06/2024,20240610,CUS00245,8,EMP0137,Fawry,Completed,668,360
ORD0001079,10/06/2024,20240610,CUS01775,10,EMP0154,InstaPay,Completed,660,300
ORD0010290,10/06/2024,20240610,CUS02722,2,EMP0051,InstaPay,Completed,399,200
ORD0001417,10/06/2024,20240610,CUS02524,4,EMP0086,Cash,Completed,1350,980
ORD0000246,10/06/2024,20240610,CUS00090,2,EMP0054,Fawry,Completed,11129.5,8830
ORD0007790,10/06/2024,20240610,CUS02701,3,EMP0068,Debit Card,Completed,996,530
ORD0010405,10/06/2024,20240610,CUS00136,2,EMP0034,Vodafone Cash,Completed,270,130
ORD0005576,10/06/2024,20240610,CUS02171,1,EMP0021,Fawry,Completed,2464.5,1240
ORD0011225,10/06/2024,20240610,CUS01159,5,EMP0109,Credit Card,Returned,380,180
ORD0011960,10/06/2024,20240610,CUS01195,4,EMP0085,Cash,Completed,11642,9050
ORD0002222,10/06/2024,20240610,CUS02642,4,EMP0082,  Vodafone Cash  ,Completed,1120,560
ORD0010440,10/06/2024,20240610,CUS02921,4,EMP0083,Fawry,Completed,660,440
ORD0008700,10/06/2024,20240610,CUS02680,1,EMP0005,Fawry,Returned,1333,870
ORD0004133,10/06/2024,20240610,CUS01258,7,EMP0134,Vodafone Cash,Completed,1983,1020
ORD0007985,10/06/2024,20240610,CUS02518,3,EMP0075,Debit Card,Completed,144,70
ORD0004179,10/06/2024,20240610,CUS02464,2,EMP0053,Debit Card,Completed,216,120
ORD0009357,10/06/2024,20240610,CUS02488,11,EMP0164,  Debit Card  ,Completed,1535.5,750
ORD0005313,10/06/2024,20240610,CUS00222,1,EMP0007,  Cash  ,Completed,645,330
ORD0007763,10/06/2024,20240610,CUS00416,8,EMP0137,Debit Card,Completed,990.5,520
ORD0007639,11/06/2024,20240611,CUS01918,10,EMP0162,  Cash  ,Completed,1064,530
ORD0008816,11/06/2024,20240611,CUS02167,5,EMP0096,Cash,Completed,351.5,180
ORD0004737,11/06/2024,20240611,CUS01726,13,EMP0188,InstaPay,Completed,11590,9800
ORD0005145,11/06/2024,20240611,CUS00444,14,EMP0202,InstaPay,Completed,126,60
ORD0002529,11/06/2024,20240611,CUS01766,4,EMP0086,Vodafone Cash,Returned,2333,1240
ORD0003381,11/06/2024,20240611,CUS00500,6,,Credit Card,Completed,332.5,170
ORD0011387,11/06/2024,20240611,CUS02239,11,EMP0167,Debit Card,Completed,232,120
ORD0011763,11/06/2024,20240611,CUS01338,1,EMP0014,Credit Card,Cancelled,215,120
ORD0009955,11/06/2024,20240611,CUS00398,4,EMP0089,Fawry,Cancelled,37705.5,31840
ORD0003028,11/06/2024,20240611,CUS01459,1,EMP0015,Credit Card,Completed,2328,1280
ORD0009721,12/06/2024,20240612,CUS01865,6,EMP0116,Cash,Completed,840,410
ORD0005344,12/06/2024,20240612,CUS00067,4,EMP0092,Debit Card,Completed,127.5,70
ORD0007072,12/06/2024,20240612,CUS00832,11,EMP0171,Credit Card,Completed,420,210
ORD0002783,12/06/2024,20240612,CUS00754,6,,InstaPay,Completed,838.5,420
ORD0004117,12/06/2024,20240612,CUS01090,11,EMP0171,Fawry,Completed,1409,860
ORD0011543,12/06/2024,20240612,CUS02339,2,EMP0035,Credit Card,Returned,204,120
ORD0006119,12/06/2024,20240612,CUS01767,14,EMP0200,Debit Card,Completed,160,80
ORD0004199,12/06/2024,20240612,CUS00559,14,EMP0202,  Cash  ,Completed,71276.5,59700
ORD0010672,12/06/2024,20240612,CUS02422,1,EMP0010,Debit Card,Completed,17170,16200
ORD0000970,12/06/2024,20240612,CUS01312,4,EMP0086,Fawry,Completed,4857,2870
ORD0009776,12/06/2024,20240612,CUS02435,4,EMP0085,Fawry,Completed,5900,4700
ORD0004507,12/06/2024,20240612,CUS00568,4,EMP0080,Credit Card,Completed,1278,700
ORD0001072,12/06/2024,20240612,CUS01903,8,EMP0142,Vodafone Cash,Completed,12000,12800
ORD0003204,12/06/2024,20240612,CUS01835,7,EMP0131,InstaPay,Cancelled,390,180
ORD0011882,12/06/2024,20240612,CUS02430,2,EMP0029,Debit Card,Completed,396,200
ORD0005670,12/06/2024,20240612,CUS01027,11,EMP0166,Vodafone Cash,Completed,61424.5,48530
ORD0011006,12/06/2024,20240612,CUS01322,13,EMP0188,Credit Card,Completed,595.5,320
ORD0007625,12/06/2024,20240612,CUS02662,14,EMP0203,  Cash  ,Completed,1984,990
ORD0011361,13/06/2024,20240613,CUS01930,14,EMP0199,  Debit Card  ,Cancelled,248,130
ORD0000520,13/06/2024,20240613,CUS02029,2,EMP0050,Cash,Completed,2629.5,1600
ORD0008684,13/06/2024,20240613,CUS00765,3,EMP0068,Cash,Completed,969,510
ORD0005012,13/06/2024,20240613,CUS01295,4,EMP0087,Debit Card,Completed,2151,1470
ORD0008822,13/06/2024,20240613,CUS01952,7,EMP0128,Credit Card,Completed,31567,25410
ORD0006190,13/06/2024,20240613,CUS02738,11,EMP0169,  Cash  ,Cancelled,570,270
ORD0006189,13/06/2024,20240613,CUS00565,14,EMP0198,Credit Card,Completed,26209,22000
ORD0005733,14/06/2024,20240614,CUS02658,2,EMP0044,Credit Card,Completed,189,100
ORD0011670,14/06/2024,20240614,CUS00544,4,EMP0079,Vodafone Cash,Completed,342,160
ORD0009021,14/06/2024,20240614,CUS01865,4,EMP0094,Credit Card,Completed,1851,900
ORD0004820,14/06/2024,20240614,CUS00597,6,EMP0119,  Fawry  ,Completed,1406,780
ORD0011916,14/06/2024,20240614,CUS01338,1,EMP0024,  Vodafone Cash  ,Completed,390,180
ORD0011321,14/06/2024,20240614,CUS02539,2,EMP0033,Debit Card,Completed,4250,4000
ORD0006294,14/06/2024,20240614,CUS02117,6,EMP0123,Vodafone Cash,Cancelled,2985,1590
ORD0003989,14/06/2024,20240614,CUS00360,2,EMP0045,  Debit Card  ,Completed,720,390
ORD0005588,14/06/2024,20240614,CUS02469,10,EMP0157,Vodafone Cash,Completed,1089,530
ORD0011832,14/06/2024,20240614,CUS01211,5,EMP0112,Fawry,Completed,414,220
ORD0006064,14/06/2024,20240614,CUS02561,4,EMP0086,Cash,Completed,979,530
ORD0008650,14/06/2024,20240614,CUS02264,11,EMP0167,Fawry,Completed,5138,2680
ORD0003941,14/06/2024,20240614,CUS00721,11,EMP0170,InstaPay,Completed,695,390
ORD0002471,15/06/2024,20240615,CUS00885,8,EMP0142,Vodafone Cash,Completed,300,200
ORD0003365,15/06/2024,20240615,CUS01199,4,EMP0082,  Vodafone Cash  ,Completed,720,350
ORD0011497,15/06/2024,20240615,CUS00245,10,EMP0157,Credit Card,Completed,765,420
ORD0005140,15/06/2024,20240615,CUS00348,3,EMP0077,Credit Card,Completed,588,310
ORD0008632,15/06/2024,20240615,CUS00416,13,EMP0191,Vodafone Cash,Completed,770,440
ORD0009841,15/06/2024,20240615,CUS02701,12,EMP0184,  Vodafone Cash  ,Completed,12599.5,10000
ORD0003721,15/06/2024,20240615,CUS02451,10,,Debit Card,Completed,160,70
ORD0004020,15/06/2024,20240615,CUS01964,10,EMP0155,Vodafone Cash,Completed,7200,5600
ORD0004193,15/06/2024,20240615,CUS01666,5,EMP0105,  Credit Card  ,Completed,2204,1110
ORD0008048,16/06/2024,20240616,CUS00049,4,EMP0094,  Cash  ,Completed,1989,1140
ORD0006878,16/06/2024,20240616,CUS01378,3,EMP0078,InstaPay,Completed,1720,840
ORD0002643,16/06/2024,20240616,CUS01332,3,EMP0057,Fawry,Cancelled,3050,1520
ORD0001583,16/06/2024,20240616,CUS02054,10,EMP0160,Vodafone Cash,Completed,440,220
ORD0005596,16/06/2024,20240616,CUS01490,5,EMP0096,  Credit Card  ,Completed,360,220
ORD0000191,16/06/2024,20240616,CUS02906,3,EMP0058,Debit Card,Completed,1920,950
ORD0004062,16/06/2024,20240616,CUS01928,5,EMP0099,Fawry,Completed,2263,1220
ORD0005502,16/06/2024,20240616,CUS01969,3,EMP0068,InstaPay,Completed,653,340
ORD0002488,16/06/2024,20240616,CUS00406,7,EMP0130,Cash,Completed,21280,17800
ORD0009642,16/06/2024,20240616,CUS00863,8,EMP0142,Debit Card,Completed,2080,1000
ORD0007460,16/06/2024,20240616,CUS01238,5,EMP0096,  InstaPay  ,Completed,1248,780
ORD0006509,16/06/2024,20240616,CUS02633,3,EMP0078,Credit Card,Completed,1140,570
ORD0011772,16/06/2024,20240616,CUS00554,12,EMP0182,Fawry,Completed,3240,1810
ORD0005257,16/06/2024,20240616,CUS01886,2,EMP0036,Cash,Returned,1200,590
ORD0004795,17/06/2024,20240617,CUS00163,9,EMP0147,Debit Card,Completed,5241,4180
ORD0008030,17/06/2024,20240617,CUS01514,1,EMP0008,InstaPay,Completed,855,410
ORD0011236,17/06/2024,20240617,CUS02053,15,EMP0207,  Vodafone Cash  ,Completed,1600,780
ORD0007031,17/06/2024,20240617,CUS01549,1,EMP0023,Cash,Completed,590,290
ORD0009731,17/06/2024,20240617,CUS02896,2,EMP0050,Vodafone Cash,Completed,608,280
ORD0003095,17/06/2024,20240617,CUS00315,2,EMP0038,Vodafone Cash,Completed,897,550
ORD0005120,17/06/2024,20240617,CUS01109,5,EMP0110,Debit Card,Completed,1152,630
ORD0001047,17/06/2024,20240617,CUS02333,3,EMP0058,Debit Card,Completed,114,60
ORD0008761,17/06/2024,20240617,CUS01821,8,EMP0139,Vodafone Cash,Cancelled,536,280
ORD0004159,17/06/2024,20240617,CUS00773,3,EMP0057,  Fawry  ,Completed,475,280
ORD0009124,17/06/2024,20240617,CUS02346,15,EMP0204,Vodafone Cash,Completed,680,600
ORD0001040,17/06/2024,20240617,CUS01569,6,EMP0117,Vodafone Cash,Completed,300,140
ORD0001271,17/06/2024,20240617,CUS00861,7,EMP0127,InstaPay,Cancelled,90,60
ORD0001696,17/06/2024,20240617,CUS00200,12,EMP0176,Cash,Completed,1674,920
ORD0007454,17/06/2024,20240617,CUS02113,13,EMP0190,  Vodafone Cash  ,Completed,74932,59880
ORD0000195,17/06/2024,20240617,CUS02509,3,EMP0071,  Vodafone Cash  ,Completed,1728,1080
ORD0003487,17/06/2024,20240617,CUS01750,14,EMP0197,Credit Card,Completed,140,70
ORD0003064,18/06/2024,20240618,CUS02206,6,EMP0116,  Debit Card  ,Completed,528,280
ORD0008975,18/06/2024,20240618,CUS02620,2,EMP0032,Vodafone Cash,Completed,494,240
ORD0002715,18/06/2024,20240618,CUS02079,8,EMP0140,Debit Card,Completed,16142,12670
ORD0001733,18/06/2024,20240618,CUS00822,9,EMP0151,Vodafone Cash,Completed,10530,7840
ORD0002056,18/06/2024,20240618,CUS02383,7,EMP0135,Fawry,Completed,19500,20020
ORD0000258,18/06/2024,20240618,CUS02121,2,EMP0051,Credit Card,Completed,240,140
ORD0006797,18/06/2024,20240618,CUS01991,13,EMP0190,Vodafone Cash,Completed,690,330
ORD0008566,18/06/2024,20240618,CUS00063,2,EMP0050,Cash,Completed,18525,15600
ORD0010652,18/06/2024,20240618,CUS00834,2,EMP0033,Debit Card,Completed,300,150
ORD0011797,18/06/2024,20240618,CUS02025,3,EMP0058,Fawry,Completed,740,360
ORD0011326,18/06/2024,20240618,CUS00551,12,EMP0179,  InstaPay  ,Completed,142.5,70
ORD0001476,18/06/2024,20240618,CUS01771,5,EMP0105,Credit Card,Completed,826,430
ORD0007221,18/06/2024,20240618,CUS01456,8,EMP0143,Debit Card,Completed,150,70
ORD0005058,19/06/2024,20240619,CUS00427,2,EMP0034,Fawry,Completed,1962.5,980
ORD0006109,19/06/2024,20240619,CUS02003,2,EMP0043,Vodafone Cash,Returned,1356,740
ORD0007045,19/06/2024,20240619,CUS01651,10,EMP0160,Fawry,Completed,600,500
ORD0003166,19/06/2024,20240619,CUS02740,5,EMP0112,Vodafone Cash,Completed,1542,780
ORD0011417,19/06/2024,20240619,CUS02185,9,EMP0145,Vodafone Cash,Completed,302,150
ORD0002856,19/06/2024,20240619,CUS00684,10,EMP0159,Cash,Completed,5000,4000
ORD0006111,19/06/2024,20240619,CUS01642,14,,InstaPay,Completed,742,440
ORD0011976,19/06/2024,20240619,CUS00005,6,EMP0121,Debit Card,Completed,1340,670
ORD0002070,20/06/2024,20240620,CUS02114,1,EMP0026,Debit Card,Completed,440,210
ORD0000399,20/06/2024,20240620,CUS02780,2,EMP0041,InstaPay,Completed,2000,960
ORD0004800,20/06/2024,20240620,CUS02194,2,EMP0054,Debit Card,Completed,171,90
ORD0000381,20/06/2024,20240620,CUS02937,3,EMP0056,Vodafone Cash,Completed,11561.5,9580
ORD0005217,20/06/2024,20240620,CUS00086,6,EMP0116,Vodafone Cash,Completed,22680,17630
ORD0002682,20/06/2024,20240620,CUS02315,5,EMP0104,Debit Card,Completed,2507.5,1680
ORD0007841,20/06/2024,20240620,CUS02775,12,EMP0174,Debit Card,Completed,2113,1160
ORD0008445,20/06/2024,20240620,CUS02062,5,EMP0095,Fawry,Completed,1555.5,1360
ORD0007623,20/06/2024,20240620,CUS00501,6,EMP0121,Vodafone Cash,Completed,844,420
ORD0001535,20/06/2024,20240620,CUS02034,6,EMP0123,Cash,Completed,266,120
ORD0011773,21/06/2024,20240621,CUS00317,4,,Credit Card,Completed,390,240
ORD0000856,21/06/2024,20240621,CUS01089,1,EMP0004,Credit Card,Completed,10200,8100
ORD0003685,21/06/2024,20240621,CUS00617,8,,  Fawry  ,Cancelled,1868.5,940
ORD0007414,21/06/2024,20240621,CUS01227,3,EMP0075,Credit Card,Completed,1797,960
ORD0009614,21/06/2024,20240621,CUS01162,3,EMP0066,Vodafone Cash,Completed,765,420
ORD0008008,21/06/2024,20240621,CUS02746,12,EMP0184,  Fawry  ,Completed,313.5,160
ORD0000294,21/06/2024,20240621,CUS00083,5,EMP0106,Cash,Cancelled,324,180
ORD0005779,21/06/2024,20240621,CUS01345,10,EMP0156,Debit Card,Completed,595,350
ORD0008667,21/06/2024,20240621,CUS00456,6,EMP0125,Cash,Completed,210,100
ORD0007551,21/06/2024,20240621,CUS01754,4,EMP0090,Debit Card,Completed,740,400
ORD0003540,21/06/2024,20240621,CUS02164,6,EMP0123,InstaPay,Completed,1404,750
ORD0009637,21/06/2024,20240621,CUS02441,9,EMP0145,  InstaPay  ,Completed,1200,580
ORD0002817,21/06/2024,20240621,CUS01837,1,EMP0009,InstaPay,Completed,480,230
ORD0005856,22/06/2024,20240622,CUS00976,1,EMP0027,  Credit Card  ,Completed,1452,830
ORD0004856,22/06/2024,20240622,CUS00679,4,EMP0082,  Debit Card  ,Completed,238,170
ORD0002943,22/06/2024,20240622,CUS02359,1,EMP0024,Vodafone Cash,Completed,460,220
ORD0002590,22/06/2024,20240622,CUS00746,7,EMP0128,Debit Card,Completed,5479,4280
ORD0009952,22/06/2024,20240622,CUS02568,12,EMP0178,Cash,Completed,9320,8140
ORD0006326,22/06/2024,20240622,CUS00513,14,EMP0196,  InstaPay  ,Returned,11740,11160
ORD0007098,22/06/2024,20240622,CUS00789,9,EMP0150,InstaPay,Completed,680,320
ORD0011873,22/06/2024,20240622,CUS00496,3,EMP0071,Debit Card,Completed,719,390
ORD0009029,23/06/2024,20240623,CUS01608,4,EMP0087,InstaPay,Completed,795,510
ORD0008507,23/06/2024,20240623,CUS02296,12,EMP0183,Credit Card,Completed,710,340
ORD0007387,23/06/2024,20240623,CUS02345,1,EMP0019,Debit Card,Completed,4760,4080
ORD0007290,23/06/2024,20240623,CUS00169,2,EMP0032,Credit Card,Completed,1040,560
ORD0001909,23/06/2024,20240623,CUS00956,9,,InstaPay,Returned,350,170
ORD0001364,23/06/2024,20240623,CUS01071,5,EMP0102,InstaPay,Cancelled,41268,32650
ORD0006936,23/06/2024,20240623,CUS01180,1,EMP0017,Fawry,Completed,1912,960
ORD0002341,23/06/2024,20240623,CUS02849,11,EMP0165,Fawry,Completed,2592.5,1300
ORD0006745,23/06/2024,20240623,CUS01194,2,EMP0039,  Credit Card  ,Completed,1040,490
ORD0010410,23/06/2024,20240623,CUS02769,11,EMP0172,Vodafone Cash,Completed,450.5,230
ORD0003323,23/06/2024,20240623,CUS00100,5,EMP0109,InstaPay,Completed,2064.5,1190
ORD0001870,24/06/2024,20240624,CUS02609,11,EMP0170,InstaPay,Cancelled,1353,670
ORD0008871,24/06/2024,20240624,CUS01447,15,EMP0210,Debit Card,Completed,33660,31500
ORD0009618,24/06/2024,20240624,CUS00391,1,EMP0026,Credit Card,Completed,1010,500
ORD0008571,24/06/2024,20240624,CUS00143,3,,  Credit Card  ,Returned,136,70
ORD0003294,24/06/2024,20240624,CUS01085,3,EMP0075,Cash,Returned,408,210
ORD0001976,24/06/2024,20240624,CUS01129,4,EMP0089,Credit Card,Completed,853,440
ORD0006604,24/06/2024,20240624,CUS02652,1,EMP0011,  Debit Card  ,Completed,272,140
ORD0006673,24/06/2024,20240624,CUS02122,4,EMP0093,Fawry,Completed,16296,12680
ORD0010658,24/06/2024,20240624,CUS01951,4,EMP0093,InstaPay,Completed,823.5,450
ORD0009196,24/06/2024,20240624,CUS00645,4,EMP0079,Vodafone Cash,Completed,370,180
ORD0005745,24/06/2024,20240624,CUS02370,5,EMP0097,Cash,Cancelled,2619.5,1380
ORD0006759,24/06/2024,20240624,CUS00694,2,EMP0035,Vodafone Cash,Completed,4590,4000
ORD0011489,24/06/2024,20240624,CUS02904,2,EMP0038,Credit Card,Completed,1833,900
ORD0010665,25/06/2024,20240625,CUS01143,4,EMP0079,Fawry,Completed,437,230
ORD0001095,25/06/2024,20240625,CUS00455,3,EMP0057,Debit Card,Completed,130,60
ORD0002089,25/06/2024,20240625,CUS01278,6,EMP0120,  Vodafone Cash  ,Completed,10434,8120
ORD0008673,25/06/2024,20240625,CUS02887,2,EMP0042,Credit Card,Completed,2000,1600
ORD0011035,25/06/2024,20240625,CUS02465,6,EMP0119,Debit Card,Completed,465.5,240
ORD0001427,25/06/2024,20240625,CUS00589,2,EMP0031,  Credit Card  ,Completed,1243,620
ORD0004247,25/06/2024,20240625,CUS00700,7,,  InstaPay  ,Cancelled,513,260
ORD0003186,26/06/2024,20240626,CUS02398,11,EMP0166,Credit Card,Completed,958,510
ORD0007344,26/06/2024,20240626,CUS01416,8,EMP0138,Fawry,Completed,1920,1020
ORD0008356,26/06/2024,20240626,CUS00811,1,EMP0006,Fawry,Completed,1391.5,730
ORD0010123,26/06/2024,20240626,CUS01724,1,EMP0006,InstaPay,Completed,306,160
ORD0002914,26/06/2024,20240626,CUS01151,4,EMP0090,Vodafone Cash,Completed,144,80
ORD0006407,26/06/2024,20240626,CUS01542,2,EMP0044,Fawry,Completed,790,390
ORD0004911,26/06/2024,20240626,CUS00408,12,EMP0183,InstaPay,Completed,11393,10440
ORD0007819,26/06/2024,20240626,CUS02754,2,EMP0034,Fawry,Completed,513,280
ORD0004381,26/06/2024,20240626,CUS00439,4,EMP0080,  Vodafone Cash  ,Cancelled,690,340
ORD0007360,26/06/2024,20240626,CUS01065,7,EMP0127,  Vodafone Cash  ,Completed,1568,780
ORD0009941,26/06/2024,20240626,CUS02760,3,EMP0073,Vodafone Cash,Completed,9128.5,8320
ORD0011699,26/06/2024,20240626,CUS01152,2,EMP0044,Cash,Completed,900,440
ORD0007047,26/06/2024,20240626,CUS00697,2,EMP0051,  Cash  ,Returned,408,220
ORD0004441,26/06/2024,20240626,CUS02497,7,EMP0133,Credit Card,Completed,1580.5,1160
ORD0007465,26/06/2024,20240626,CUS02647,2,,Debit Card,Completed,1908,1080
ORD0002530,27/06/2024,20240627,CUS02216,3,EMP0078,Fawry,Returned,1846,980
ORD0010147,27/06/2024,20240627,CUS00163,14,EMP0195,Fawry,Completed,31684,27580
ORD0006556,27/06/2024,20240627,CUS00394,11,EMP0171,Credit Card,Completed,1066.5,620
ORD0007480,27/06/2024,20240627,CUS01847,3,,  Vodafone Cash  ,Completed,16923,13460
ORD0005934,27/06/2024,20240627,CUS01036,7,EMP0133,Debit Card,Completed,150,70
ORD0011807,27/06/2024,20240627,CUS02950,3,EMP0069,Debit Card,Completed,1280,780
ORD0009767,27/06/2024,20240627,CUS01252,7,EMP0135,InstaPay,Completed,2108.5,1040
ORD0004324,27/06/2024,20240627,CUS01980,8,EMP0141,Cash,Completed,1020,480
ORD0009063,27/06/2024,20240627,CUS02142,6,EMP0121,Credit Card,Completed,1780,880
ORD0010113,27/06/2024,20240627,CUS01356,1,EMP0028,Debit Card,Completed,260,130
ORD0004016,27/06/2024,20240627,CUS00902,12,EMP0184,Credit Card,Completed,414,220
ORD0006494,27/06/2024,20240627,CUS00645,2,EMP0054,Cash,Completed,420,210
ORD0000871,28/06/2024,20240628,CUS02515,4,EMP0090,InstaPay,Completed,3708,2160
ORD0004351,28/06/2024,20240628,CUS01381,3,EMP0072,Cash,Completed,2000,1600
ORD0005739,28/06/2024,20240628,CUS02917,1,EMP0024,Debit Card,Completed,2174,1140
ORD0007574,28/06/2024,20240628,CUS02363,3,EMP0065,Credit Card,Completed,682,370
ORD0011158,28/06/2024,20240628,CUS00484,6,,Vodafone Cash,Completed,1008,600
ORD0002479,28/06/2024,20240628,CUS00799,10,EMP0154,Cash,Completed,738,400
ORD0007226,28/06/2024,20240628,CUS02212,5,EMP0106,Vodafone Cash,Completed,360,170
ORD0005361,28/06/2024,20240628,CUS02824,11,EMP0170,Debit Card,Cancelled,770,380
ORD0010283,28/06/2024,20240628,CUS00393,6,EMP0124,  Credit Card  ,Returned,720,600
ORD0004008,28/06/2024,20240628,CUS01820,1,,Fawry,Returned,285,140
ORD0010996,28/06/2024,20240628,CUS01463,4,EMP0084,Debit Card,Completed,379,190
ORD0006782,28/06/2024,20240628,CUS00620,4,EMP0082,  InstaPay  ,Completed,850,420
ORD0001463,28/06/2024,20240628,CUS02167,15,EMP0205,Vodafone Cash,Completed,10900,8700
ORD0000815,29/06/2024,20240629,CUS00516,2,EMP0031,Vodafone Cash,Completed,15416,13200
ORD0005258,29/06/2024,20240629,CUS02708,15,EMP0205,InstaPay,Returned,117,60
ORD0006474,29/06/2024,20240629,CUS02521,2,EMP0051,Cash,Completed,1200,600
ORD0007591,29/06/2024,20240629,CUS01706,10,EMP0155,Debit Card,Completed,12989,11780
ORD0000528,29/06/2024,20240629,CUS02881,10,EMP0162,InstaPay,Completed,153,80
ORD0006004,30/06/2024,20240630,CUS00182,4,EMP0085,Credit Card,Completed,374,220
ORD0000759,30/06/2024,20240630,CUS02753,4,EMP0085,Cash,Completed,969,500
ORD0010533,30/06/2024,20240630,CUS00389,4,EMP0084,Credit Card,Returned,11132.5,10810
ORD0003266,30/06/2024,20240630,CUS01849,5,EMP0112,Vodafone Cash,Cancelled,270,130
ORD0010070,30/06/2024,20240630,CUS02107,8,EMP0143,Debit Card,Completed,1192.5,580
ORD0004136,30/06/2024,20240630,CUS00720,9,EMP0145,Credit Card,Completed,309,180
ORD0008016,30/06/2024,20240630,CUS00441,13,EMP0188,InstaPay,Completed,474,270
ORD0001146,30/06/2024,20240630,CUS00555,7,EMP0135,InstaPay,Completed,480,230
ORD0004739,30/06/2024,20240630,CUS02467,7,EMP0130,InstaPay,Completed,382.5,240
ORD0004732,30/06/2024,20240630,CUS02400,2,EMP0042,Debit Card,Returned,3216,2260
ORD0007656,30/06/2024,20240630,CUS01159,14,EMP0200,Credit Card,Completed,4122.5,3250
ORD0000779,30/06/2024,20240630,CUS02776,7,EMP0131,Cash,Completed,648,360
ORD0009203,01/07/2024,20240701,CUS00009,1,EMP0005,Fawry,Completed,3348,2460
ORD0010788,01/07/2024,20240701,CUS01435,1,EMP0008,  Credit Card  ,Completed,937.5,540
ORD0011518,01/07/2024,20240701,CUS02719,4,EMP0087,  Vodafone Cash  ,Completed,288,150
ORD0009491,01/07/2024,20240701,CUS02503,11,EMP0173,Cash,Completed,195.5,110
ORD0011827,01/07/2024,20240701,CUS00289,5,EMP0102,  Cash  ,Completed,519,300
ORD0007594,01/07/2024,20240701,CUS00009,2,EMP0040,InstaPay,Completed,1057.5,570
ORD0002866,01/07/2024,20240701,CUS02100,4,EMP0089,Fawry,Completed,288,140
ORD0010984,01/07/2024,20240701,CUS01825,3,EMP0070,Debit Card,Completed,1380,690
ORD0008177,01/07/2024,20240701,CUS02372,6,EMP0116,Debit Card,Completed,2580,1810
ORD0004994,01/07/2024,20240701,CUS01077,3,,Credit Card,Completed,364,200
ORD0009961,01/07/2024,20240701,CUS00353,1,EMP0027,Vodafone Cash,Completed,6022,4760
ORD0010941,01/07/2024,20240701,CUS00310,2,EMP0032,Credit Card,Completed,7424,5590
ORD0006561,01/07/2024,20240701,CUS01714,11,EMP0173,Credit Card,Returned,32885,26020
ORD0007975,01/07/2024,20240701,CUS00232,9,EMP0145,Vodafone Cash,Completed,906,540
ORD0007545,01/07/2024,20240701,CUS00242,13,EMP0191,Fawry,Completed,2963.5,1550
ORD0004935,02/07/2024,20240702,CUS01283,2,EMP0034,Cash,Completed,2347,1980
ORD0002572,02/07/2024,20240702,CUS00388,1,EMP0028,Credit Card,Completed,630,300
ORD0009269,02/07/2024,20240702,CUS00116,6,EMP0120,InstaPay,Completed,323,160
ORD0002787,02/07/2024,20240702,CUS00118,3,EMP0062,Credit Card,Returned,1367.5,700
ORD0005492,02/07/2024,20240702,CUS00351,1,EMP0016,Fawry,Completed,675,360
ORD0010093,02/07/2024,20240702,CUS00592,2,EMP0029,  Credit Card  ,Returned,9044.5,7010
ORD0011197,02/07/2024,20240702,CUS01026,2,EMP0040,Credit Card,Returned,11626,10140
ORD0002485,02/07/2024,20240702,CUS00501,8,EMP0139,Fawry,Completed,3572,3020
ORD0001694,02/07/2024,20240702,CUS00364,5,EMP0100,Fawry,Completed,640,320
ORD0011660,02/07/2024,20240702,CUS00873,15,EMP0210,Debit Card,Cancelled,14937,12710
ORD0004380,02/07/2024,20240702,CUS00781,1,EMP0005,Credit Card,Completed,243,130
ORD0009694,02/07/2024,20240702,CUS00729,11,EMP0164,Cash,Completed,756,400
ORD0008425,02/07/2024,20240702,CUS02351,11,EMP0170,InstaPay,Completed,225,140
ORD0011906,02/07/2024,20240702,CUS00178,11,EMP0167,Cash,Completed,3260,2520
ORD0009724,03/07/2024,20240703,CUS01153,13,EMP0185,Cash,Completed,1244,690
ORD0009390,03/07/2024,20240703,CUS02805,2,EMP0030,  InstaPay  ,Returned,2413,1870
ORD0006279,03/07/2024,20240703,CUS00455,1,EMP0020,Credit Card,Returned,231,140
ORD0003738,03/07/2024,20240703,CUS01178,1,EMP0026,Vodafone Cash,Returned,252,140
ORD0004141,03/07/2024,20240703,CUS00671,14,EMP0198,Debit Card,Returned,587,290
ORD0008451,03/07/2024,20240703,CUS01471,2,EMP0051,InstaPay,Completed,432,230
ORD0007131,03/07/2024,20240703,CUS01020,15,EMP0205,InstaPay,Completed,76,40
ORD0006207,03/07/2024,20240703,CUS02193,5,EMP0105,Credit Card,Completed,1348,650
ORD0003497,03/07/2024,20240703,CUS02948,3,EMP0066,  Credit Card  ,Completed,648,360
ORD0007471,04/07/2024,20240704,CUS02238,6,EMP0113,Credit Card,Completed,1064,570
ORD0003792,04/07/2024,20240704,CUS02233,3,EMP0059,  Cash  ,Completed,4471,3890
ORD0008965,04/07/2024,20240704,CUS01473,5,EMP0109,Cash,Completed,19405,17290
ORD0011977,04/07/2024,20240704,CUS00787,5,EMP0108,  Vodafone Cash  ,Completed,25750,22940
ORD0007369,04/07/2024,20240704,CUS02171,6,EMP0121,Cash,Completed,1789,930
ORD0008676,04/07/2024,20240704,CUS01393,2,EMP0048,InstaPay,Completed,1571.5,800
ORD0005215,04/07/2024,20240704,CUS01862,3,EMP0071,InstaPay,Completed,457.5,300
ORD0001435,04/07/2024,20240704,CUS02063,1,EMP0026,Cash,Completed,1232,760
ORD0002281,04/07/2024,20240704,CUS00673,15,EMP0212,  InstaPay  ,Completed,2002,1130
ORD0009946,04/07/2024,20240704,CUS00271,3,EMP0073,Fawry,Completed,608,280
ORD0005646,04/07/2024,20240704,CUS01421,4,EMP0094,Cash,Returned,1288.5,810
ORD0011894,04/07/2024,20240704,CUS00223,10,EMP0156,  Fawry  ,Completed,243,120
ORD0008686,05/07/2024,20240705,CUS00577,4,EMP0088,Cash,Completed,14560,11490
ORD0011994,05/07/2024,20240705,CUS01538,4,EMP0090,Credit Card,Returned,17246,13310
ORD0006309,05/07/2024,20240705,CUS01817,2,EMP0037,Cash,Returned,190,90
ORD0010656,05/07/2024,20240705,CUS01134,15,EMP0205,Fawry,Completed,1385.5,700
ORD0006778,05/07/2024,20240705,CUS00444,15,EMP0205,  Cash  ,Completed,43642,44140
ORD0003972,05/07/2024,20240705,CUS01213,6,EMP0121,Fawry,Completed,342,160
ORD0000299,05/07/2024,20240705,CUS02771,3,EMP0065,Debit Card,Returned,865,490
ORD0010777,05/07/2024,20240705,CUS00494,4,EMP0085,Credit Card,Completed,540,280
ORD0002712,05/07/2024,20240705,CUS02765,14,EMP0197,  Debit Card  ,Completed,622,300
ORD0010833,05/07/2024,20240705,CUS00384,8,EMP0143,Vodafone Cash,Completed,1915,1100
ORD0001922,05/07/2024,20240705,CUS01435,9,EMP0145,Debit Card,Returned,1000,800
ORD0010888,05/07/2024,20240705,CUS01574,1,EMP0028,  Credit Card  ,Completed,1150,570
ORD0007097,05/07/2024,20240705,CUS00495,6,EMP0120,InstaPay,Cancelled,285,140
ORD0009802,06/07/2024,20240706,CUS02783,1,EMP0002,Fawry,Completed,359,170
ORD0006416,06/07/2024,20240706,CUS00286,1,EMP0003,Debit Card,Cancelled,820,360
ORD0010625,06/07/2024,20240706,CUS01716,4,EMP0082,  Cash  ,Returned,126,70
ORD0011928,06/07/2024,20240706,CUS00955,4,EMP0091,InstaPay,Cancelled,1518,790
ORD0000573,06/07/2024,20240706,CUS01894,11,EMP0170,InstaPay,Returned,280,130
ORD0001174,06/07/2024,20240706,CUS02627,5,EMP0097,Cash,Completed,14832,13830
ORD0008164,07/07/2024,20240707,CUS01549,10,EMP0155,Cash,Completed,13187,9910
ORD0009423,07/07/2024,20240707,CUS01005,2,EMP0046,Cash,Completed,27432,21680
ORD0003392,07/07/2024,20240707,CUS01726,4,EMP0090,Fawry,Completed,924,640
ORD0002747,07/07/2024,20240707,CUS02098,8,EMP0140,Debit Card,Completed,1548,880
ORD0008597,07/07/2024,20240707,CUS02470,5,EMP0111,Fawry,Completed,399.5,230
ORD0008385,07/07/2024,20240707,CUS02611,3,EMP0065,Cash,Completed,324,170
ORD0010430,07/07/2024,20240707,CUS01512,3,EMP0074,InstaPay,Completed,2094,1150
ORD0000264,07/07/2024,20240707,CUS02293,1,EMP0009,Vodafone Cash,Completed,1396,700
ORD0011302,07/07/2024,20240707,CUS00586,7,EMP0134,Credit Card,Cancelled,142.5,70
ORD0006299,07/07/2024,20240707,CUS02049,14,EMP0196,  Fawry  ,Completed,717,410
ORD0000416,07/07/2024,20240707,CUS02791,6,EMP0113,  Vodafone Cash  ,Completed,600,280
ORD0011942,07/07/2024,20240707,CUS01151,2,EMP0053,Fawry,Completed,25080,21000
ORD0009249,07/07/2024,20240707,CUS01187,2,EMP0045,Debit Card,Returned,600,270
ORD0008925,07/07/2024,20240707,CUS00508,3,EMP0069,  Debit Card  ,Completed,90,40
ORD0006851,07/07/2024,20240707,CUS02204,7,EMP0135,Credit Card,Returned,160,70
ORD0009736,07/07/2024,20240707,CUS02799,4,EMP0088,Credit Card,Completed,507,340
ORD0000563,07/07/2024,20240707,CUS01569,1,EMP0015,Fawry,Completed,1045,540
ORD0009325,08/07/2024,20240708,CUS02207,2,EMP0035,Credit Card,Completed,548,280
ORD0001379,08/07/2024,20240708,CUS00797,2,,Fawry,Completed,3077.5,1520
ORD0010863,08/07/2024,20240708,CUS01648,3,EMP0077,Vodafone Cash,Completed,698.5,390
ORD0008514,08/07/2024,20240708,CUS02488,3,EMP0075,Credit Card,Completed,204,120
ORD0010645,08/07/2024,20240708,CUS01083,7,EMP0132,  Fawry  ,Completed,2704,1340
ORD0005178,08/07/2024,20240708,CUS01228,9,EMP0149,Vodafone Cash,Completed,119,70
ORD0009024,08/07/2024,20240708,CUS00891,15,EMP0209,  InstaPay  ,Cancelled,1156,680
ORD0000722,09/07/2024,20240709,CUS00110,11,EMP0173,Cash,Completed,357,250
ORD0006558,09/07/2024,20240709,CUS02341,5,EMP0108,Debit Card,Completed,9476,8630
ORD0006690,09/07/2024,20240709,CUS00700,11,EMP0167,Debit Card,Completed,960,480
ORD0004349,09/07/2024,20240709,CUS01303,8,EMP0139,Fawry,Completed,135,70
ORD0009529,09/07/2024,20240709,CUS00238,6,EMP0123,Debit Card,Completed,2231.5,1440
ORD0009475,09/07/2024,20240709,CUS01866,8,,InstaPay,Completed,2640,2380
ORD0008078,09/07/2024,20240709,CUS01171,3,EMP0060,Credit Card,Completed,531,260
ORD0004339,09/07/2024,20240709,CUS01986,7,EMP0127,InstaPay,Cancelled,1047,540
ORD0009228,09/07/2024,20240709,CUS02767,1,EMP0013,Cash,Completed,17384,15150
ORD0008340,09/07/2024,20240709,CUS01774,4,EMP0083,Debit Card,Returned,285,140
ORD0003295,09/07/2024,20240709,CUS01731,12,EMP0181,  Debit Card  ,Completed,720,360
ORD0007015,09/07/2024,20240709,CUS01980,5,EMP0109,Fawry,Completed,700,340
ORD0011802,09/07/2024,20240709,CUS01907,11,EMP0166,Cash,Completed,2412,1280
ORD0008082,10/07/2024,20240710,CUS00895,3,EMP0065,Vodafone Cash,Completed,1678,1290
ORD0010414,10/07/2024,20240710,CUS02368,2,EMP0048,Credit Card,Completed,2550,1270
ORD0001208,10/07/2024,20240710,CUS00309,5,EMP0111,InstaPay,Completed,300,150
ORD0000230,10/07/2024,20240710,CUS00998,2,EMP0039,Vodafone Cash,Completed,660,310
ORD0000442,10/07/2024,20240710,CUS00820,5,EMP0100,  Fawry  ,Completed,7440.5,5520
ORD0002797,10/07/2024,20240710,CUS00998,1,EMP0015,InstaPay,Completed,776,400
ORD0004857,10/07/2024,20240710,CUS00792,4,EMP0084,Vodafone Cash,Completed,440,210
ORD0006785,11/07/2024,20240711,CUS01711,5,EMP0111,Fawry,Returned,20628,16310
ORD0001495,11/07/2024,20240711,CUS02447,9,EMP0148,  Cash  ,Completed,243,120
ORD0002046,11/07/2024,20240711,CUS01949,6,EMP0118,  Debit Card  ,Completed,672,420
ORD0009188,11/07/2024,20240711,CUS02355,6,EMP0122,Debit Card,Completed,1593,850
ORD0004187,11/07/2024,20240711,CUS01112,6,EMP0119,Cash,Completed,144,80
ORD0007791,11/07/2024,20240711,CUS02683,10,EMP0152,Debit Card,Completed,405,260
ORD0009023,11/07/2024,20240711,CUS02851,12,,Vodafone Cash,Completed,261,140
ORD0003048,11/07/2024,20240711,CUS00240,5,EMP0103,Credit Card,Completed,22410,19800
ORD0008470,11/07/2024,20240711,CUS00172,12,EMP0183,Vodafone Cash,Completed,3208,1700
ORD0003476,11/07/2024,20240711,CUS02473,13,EMP0186,Credit Card,Cancelled,108,60
ORD0011666,11/07/2024,20240711,CUS00989,5,EMP0101,  Debit Card  ,Completed,990,470
ORD0010247,11/07/2024,20240711,CUS01451,3,EMP0061,Vodafone Cash,Completed,1291,880
ORD0011441,11/07/2024,20240711,CUS00283,3,,  Cash  ,Completed,1568,790
ORD0003382,11/07/2024,20240711,CUS02972,5,,  Debit Card  ,Completed,752,360
ORD0005657,11/07/2024,20240711,CUS02920,5,EMP0108,Debit Card,Completed,477,260
ORD0005337,12/07/2024,20240712,CUS01027,14,EMP0199,  InstaPay  ,Completed,2267,1160
ORD0000163,12/07/2024,20240712,CUS01875,3,EMP0060,Vodafone Cash,Returned,1366,700
ORD0005544,12/07/2024,20240712,CUS02266,7,EMP0136,InstaPay,Completed,150,70
ORD0003329,12/07/2024,20240712,CUS02657,4,EMP0087,Fawry,Cancelled,160,70
ORD0005131,12/07/2024,20240712,CUS01924,10,EMP0158,Credit Card,Completed,732,390
ORD0003049,12/07/2024,20240712,CUS00537,11,,  Cash  ,Completed,350,170
ORD0009805,12/07/2024,20240712,CUS02211,11,EMP0168,  Cash  ,Completed,3240,2800
ORD0008921,12/07/2024,20240712,CUS01715,11,EMP0166,Cash,Completed,606,320
ORD0008162,12/07/2024,20240712,CUS01624,3,EMP0069,  Vodafone Cash  ,Returned,119,70
ORD0003971,12/07/2024,20240712,CUS01389,2,EMP0032,Fawry,Completed,12460,14200
ORD0004627,12/07/2024,20240712,CUS01772,12,EMP0184,Vodafone Cash,Completed,545,330
ORD0006286,13/07/2024,20240713,CUS02544,9,EMP0145,Debit Card,Completed,3080,1520
ORD0007070,13/07/2024,20240713,CUS00748,13,EMP0187,  InstaPay  ,Completed,874.5,510
ORD0010752,13/07/2024,20240713,CUS01192,3,EMP0066,Debit Card,Completed,498,240
ORD0008982,13/07/2024,20240713,CUS00701,1,EMP0028,Credit Card,Completed,300,140
ORD0002257,13/07/2024,20240713,CUS01345,1,EMP0020,InstaPay,Completed,14826,12280
ORD0011515,14/07/2024,20240714,CUS00894,4,EMP0081,Fawry,Completed,170,100
ORD0004034,14/07/2024,20240714,CUS00201,6,EMP0120,  Vodafone Cash  ,Returned,1962,950
ORD0008000,14/07/2024,20240714,CUS01395,6,EMP0125,InstaPay,Returned,24768,25880
ORD0007554,14/07/2024,20240714,CUS00694,6,EMP0117,Credit Card,Completed,360,170
ORD0000880,14/07/2024,20240714,CUS02810,2,EMP0047,InstaPay,Completed,1090,530
ORD0009770,14/07/2024,20240714,CUS01758,3,EMP0069,InstaPay,Completed,1595.5,800
ORD0001649,14/07/2024,20240714,CUS00733,12,EMP0182,Fawry,Returned,14775,12190
ORD0001120,14/07/2024,20240714,CUS01502,9,,  InstaPay  ,Completed,790,380
ORD0002247,14/07/2024,20240714,CUS00124,11,,InstaPay,Completed,826,420
ORD0009764,14/07/2024,20240714,CUS02633,6,EMP0119,Cash,Cancelled,1641,820
ORD0001254,15/07/2024,20240715,CUS00817,5,EMP0097,Vodafone Cash,Completed,3816,3320
ORD0009090,15/07/2024,20240715,CUS00692,5,EMP0109,Debit Card,Completed,11880,10500
ORD0010900,15/07/2024,20240715,CUS02506,1,,Fawry,Completed,2986,1470
ORD0004267,15/07/2024,20240715,CUS01415,2,EMP0040,InstaPay,Cancelled,432,260
ORD0008701,15/07/2024,20240715,CUS01378,1,EMP0027,Credit Card,Completed,459,240
ORD0011798,15/07/2024,20240715,CUS01348,2,EMP0034,Vodafone Cash,Completed,1590,790
ORD0004219,15/07/2024,20240715,CUS00371,14,EMP0196,Fawry,Completed,936,500
ORD0010385,15/07/2024,20240715,CUS00281,4,EMP0083,  Credit Card  ,Completed,3900,3000
ORD0000326,15/07/2024,20240715,CUS02741,10,EMP0152,Cash,Completed,140,70
ORD0009082,15/07/2024,20240715,CUS00835,7,EMP0134,Debit Card,Completed,380,180
ORD0005893,15/07/2024,20240715,CUS00789,15,EMP0206,InstaPay,Completed,52910.5,42060
ORD0007609,15/07/2024,20240715,CUS01283,10,EMP0159,InstaPay,Completed,1500,1200
ORD0009850,15/07/2024,20240715,CUS00948,5,EMP0097,  Vodafone Cash  ,Completed,1062,580
ORD0005214,15/07/2024,20240715,CUS00695,6,EMP0125,InstaPay,Completed,1660.5,880
ORD0004667,15/07/2024,20240715,CUS02445,7,EMP0130,Credit Card,Completed,8224,6550
ORD0010517,15/07/2024,20240715,CUS02906,4,EMP0090,Vodafone Cash,Completed,2337,1260
ORD0001770,16/07/2024,20240716,CUS00268,3,EMP0075,Fawry,Completed,952,550
ORD0009374,16/07/2024,20240716,CUS00802,3,EMP0074,Debit Card,Completed,412,210
ORD0004623,16/07/2024,20240716,CUS02845,2,EMP0030,Debit Card,Completed,7863,7760
ORD0009726,16/07/2024,20240716,CUS02355,13,EMP0185,  InstaPay  ,Completed,760,360
ORD0009789,16/07/2024,20240716,CUS02318,4,EMP0087,Cash,Completed,921,520
ORD0003032,16/07/2024,20240716,CUS02288,3,EMP0063,Debit Card,Completed,1573,730
ORD0005572,16/07/2024,20240716,CUS01147,4,EMP0087,  Credit Card  ,Completed,52800,42000
ORD0011208,17/07/2024,20240717,CUS01407,12,EMP0184,Debit Card,Completed,1277,670
ORD0005953,17/07/2024,20240717,CUS01008,1,EMP0005,  Fawry  ,Completed,90,40
ORD0003197,17/07/2024,20240717,CUS02514,2,EMP0042,  Cash  ,Completed,320,140
ORD0000933,18/07/2024,20240718,CUS01659,6,EMP0116,  Credit Card  ,Completed,1923,970
ORD0008382,18/07/2024,20240718,CUS02213,10,EMP0160,InstaPay,Completed,855,440
ORD0006498,18/07/2024,20240718,CUS02196,4,EMP0083,Fawry,Completed,721,410
ORD0001461,18/07/2024,20240718,CUS01510,4,EMP0085,Fawry,Returned,15494,12200
ORD0010432,18/07/2024,20240718,CUS00426,14,EMP0195,  InstaPay  ,Completed,1425,1200
ORD0011528,18/07/2024,20240718,CUS00879,3,EMP0072,Fawry,Completed,8585,8100
ORD0006703,18/07/2024,20240718,CUS00356,9,EMP0145,  Debit Card  ,Completed,340,160
ORD0004949,18/07/2024,20240718,CUS00097,14,EMP0199,Debit Card,Completed,305,180
ORD0008298,18/07/2024,20240718,CUS01700,1,EMP0024,Cash,Cancelled,420,200
ORD0010802,18/07/2024,20240718,CUS00148,1,EMP0017,Debit Card,Completed,1188,640
ORD0005309,18/07/2024,20240718,CUS02429,4,EMP0088,Fawry,Completed,3936,2970
ORD0003566,19/07/2024,20240719,CUS02861,3,EMP0069,Credit Card,Completed,1730,910
ORD0003184,19/07/2024,20240719,CUS00396,14,EMP0195,Credit Card,Completed,6105,4940
ORD0004162,19/07/2024,20240719,CUS00413,4,EMP0094,  Cash  ,Completed,33970,31650
ORD0003527,19/07/2024,20240719,CUS01636,1,EMP0001,Cash,Completed,1403.5,790
ORD0011892,19/07/2024,20240719,CUS01299,4,EMP0092,InstaPay,Completed,614,350
ORD0011615,19/07/2024,20240719,CUS02078,5,EMP0095,InstaPay,Completed,204,120
ORD0003515,19/07/2024,20240719,CUS00406,5,EMP0111,Debit Card,Completed,72,40
ORD0011269,19/07/2024,20240719,CUS01573,13,EMP0189,Vodafone Cash,Returned,33133.5,26350
ORD0000492,19/07/2024,20240719,CUS02342,6,EMP0118,Credit Card,Completed,578,320
ORD0003488,19/07/2024,20240719,CUS02133,3,EMP0071,Vodafone Cash,Completed,1056,510
ORD0002181,20/07/2024,20240720,CUS02797,4,EMP0083,Cash,Completed,570,270
ORD0004921,20/07/2024,20240720,CUS02310,7,EMP0134,Fawry,Completed,924,510
ORD0009670,20/07/2024,20240720,CUS00018,1,EMP0007,Debit Card,Completed,680,320
ORD0004113,20/07/2024,20240720,CUS01032,4,EMP0089,InstaPay,Completed,2495,1820
ORD0000927,20/07/2024,20240720,CUS02169,6,EMP0116,Cash,Completed,683,350
ORD0008998,20/07/2024,20240720,CUS02234,3,,Fawry,Completed,1540,760
ORD0009356,20/07/2024,20240720,CUS02592,2,EMP0029,  InstaPay  ,Completed,510,280
ORD0009598,21/07/2024,20240721,CUS01252,4,EMP0094,Vodafone Cash,Completed,14565,11230
ORD0008464,21/07/2024,20240721,CUS01743,3,EMP0072,Vodafone Cash,Completed,630,310
ORD0004656,21/07/2024,20240721,CUS02633,10,EMP0159,Debit Card,Returned,3049,1830
ORD0002290,21/07/2024,20240721,CUS02191,9,EMP0149,InstaPay,Completed,7607.5,5800
ORD0010691,21/07/2024,20240721,CUS01270,5,EMP0102,Vodafone Cash,Completed,60374,48020
ORD0000901,21/07/2024,20240721,CUS01389,4,EMP0082,Fawry,Completed,365,190
ORD0006320,21/07/2024,20240721,CUS00553,9,EMP0146,  Fawry  ,Completed,326,150
ORD0010687,21/07/2024,20240721,CUS01509,6,EMP0113,InstaPay,Completed,1362,690
ORD0005461,21/07/2024,20240721,CUS00784,14,EMP0195,Debit Card,Returned,2927,1470
ORD0006542,21/07/2024,20240721,CUS02481,3,EMP0060,Fawry,Completed,1147.5,570
ORD0006001,21/07/2024,20240721,CUS01734,13,EMP0191,Credit Card,Completed,818.5,390
ORD0010109,21/07/2024,20240721,CUS01227,14,EMP0196,Vodafone Cash,Completed,500,250
ORD0009705,21/07/2024,20240721,CUS00036,2,EMP0052,InstaPay,Completed,480,230
ORD0007484,21/07/2024,20240721,CUS01917,2,EMP0047,  Fawry  ,Completed,992.5,870
ORD0003006,21/07/2024,20240721,CUS02202,14,EMP0194,Vodafone Cash,Completed,778.5,450
ORD0010084,22/07/2024,20240722,CUS02280,8,EMP0139,Debit Card,Returned,1890,1230
ORD0009739,22/07/2024,20240722,CUS01548,13,EMP0189,  InstaPay  ,Completed,288,140
ORD0011310,22/07/2024,20240722,CUS01228,2,EMP0036,Vodafone Cash,Completed,680,600
ORD0003173,22/07/2024,20240722,CUS01576,1,EMP0017,Cash,Cancelled,2399,1700
ORD0006431,22/07/2024,20240722,CUS01700,11,EMP0166,Debit Card,Returned,17575,14800
ORD0004103,22/07/2024,20240722,CUS02437,14,EMP0200,Vodafone Cash,Completed,468,250
ORD0006251,22/07/2024,20240722,CUS00891,1,EMP0028,InstaPay,Completed,740,360
ORD0004026,22/07/2024,20240722,CUS01417,5,EMP0103,InstaPay,Completed,204,120
ORD0007957,22/07/2024,20240722,CUS00086,4,EMP0087,InstaPay,Cancelled,468,260
ORD0009461,22/07/2024,20240722,CUS02601,2,EMP0041,  Cash  ,Completed,352,210
ORD0009584,22/07/2024,20240722,CUS01424,11,EMP0166,Vodafone Cash,Completed,775,380
ORD0007992,23/07/2024,20240723,CUS02076,6,EMP0118,Debit Card,Completed,25080,21000
ORD0000892,23/07/2024,20240723,CUS02323,5,EMP0105,  Cash  ,Completed,1804,970
ORD0007019,23/07/2024,20240723,CUS02573,1,EMP0009,Vodafone Cash,Completed,1080,530
ORD0001189,23/07/2024,20240723,CUS01985,8,EMP0138,Cash,Completed,351.5,180
ORD0008108,23/07/2024,20240723,CUS00493,5,EMP0107,Debit Card,Completed,342,170
ORD0007764,23/07/2024,20240723,CUS02666,2,EMP0031,Vodafone Cash,Completed,3243,1710
ORD0000449,23/07/2024,20240723,CUS01042,6,EMP0124,Credit Card,Completed,2695,2160
ORD0009428,23/07/2024,20240723,CUS01319,6,EMP0114,InstaPay,Completed,15725,16440
ORD0001755,23/07/2024,20240723,CUS01875,12,EMP0180,InstaPay,Completed,297.5,150
ORD0010282,23/07/2024,20240723,CUS00598,1,EMP0018,  Fawry  ,Completed,714,360
ORD0004658,23/07/2024,20240723,CUS01543,7,EMP0132,Cash,Completed,360,180
ORD0010245,24/07/2024,20240724,CUS00107,9,EMP0149,Cash,Completed,468,260
ORD0003083,24/07/2024,20240724,CUS01106,3,EMP0063,  Fawry  ,Completed,1040,520
ORD0004813,24/07/2024,20240724,CUS01663,1,EMP0012,  Cash  ,Completed,780,390
ORD0009769,24/07/2024,20240724,CUS02287,3,EMP0076,Cash,Returned,10640,8900
ORD0000711,24/07/2024,20240724,CUS01568,1,EMP0004,Fawry,Completed,1310,700
ORD0009400,24/07/2024,20240724,CUS01998,2,EMP0054,  Vodafone Cash  ,Returned,1449.5,850
ORD0003707,24/07/2024,20240724,CUS00368,13,EMP0187,Debit Card,Completed,558,300
ORD0008988,24/07/2024,20240724,CUS02481,2,EMP0029,InstaPay,Completed,135,80
ORD0010246,25/07/2024,20240725,CUS02212,8,,  Vodafone Cash  ,Completed,1888,1030
ORD0011980,25/07/2024,20240725,CUS01631,9,EMP0148,Debit Card,Completed,357,180
ORD0004648,25/07/2024,20240725,CUS01202,2,EMP0046,Credit Card,Completed,2080,1020
ORD0002538,25/07/2024,20240725,CUS01933,12,,InstaPay,Completed,870,440
ORD0003561,25/07/2024,20240725,CUS02562,2,EMP0054,InstaPay,Completed,432,200
ORD0008240,25/07/2024,20240725,CUS01835,3,EMP0055,InstaPay,Completed,150,70
ORD0002922,25/07/2024,20240725,CUS01915,14,EMP0198,  Cash  ,Completed,889.5,460
ORD0009498,25/07/2024,20240725,CUS00362,5,EMP0106,InstaPay,Completed,3624,1910
ORD0009702,25/07/2024,20240725,CUS02987,2,EMP0031,Debit Card,Completed,280,140
ORD0010158,25/07/2024,20240725,CUS02424,1,EMP0022,  Cash  ,Returned,207,110
ORD0006959,25/07/2024,20240725,CUS02885,7,EMP0132,Fawry,Completed,1110,540
ORD0007810,25/07/2024,20240725,CUS00182,6,EMP0114,Fawry,Completed,238,140
ORD0003618,26/07/2024,20240726,CUS01211,3,EMP0060,Cash,Completed,1080,720
ORD0003509,26/07/2024,20240726,CUS01101,12,EMP0180,Cash,Completed,229.5,130
ORD0000558,26/07/2024,20240726,CUS00981,5,EMP0109,Debit Card,Completed,1930,980
ORD0006447,26/07/2024,20240726,CUS02323,15,EMP0212,Fawry,Completed,2963.5,1800
ORD0005352,26/07/2024,20240726,CUS00435,1,EMP0018,InstaPay,Completed,16120,12810
ORD0008248,26/07/2024,20240726,CUS02555,3,EMP0073,InstaPay,Completed,699,390
ORD0009753,26/07/2024,20240726,CUS00075,2,EMP0035,Vodafone Cash,Completed,140,70
ORD0003386,26/07/2024,20240726,CUS00482,7,EMP0136,InstaPay,Completed,1427.5,750
ORD0001331,26/07/2024,20240726,CUS01253,3,EMP0074,Vodafone Cash,Returned,456,230
ORD0009322,26/07/2024,20240726,CUS02323,14,EMP0198,Vodafone Cash,Completed,26641,20830
ORD0001670,26/07/2024,20240726,CUS01156,8,EMP0138,Debit Card,Completed,230,110
ORD0010255,26/07/2024,20240726,CUS00286,2,EMP0052,Debit Card,Returned,153,80
ORD0000229,26/07/2024,20240726,CUS02660,1,EMP0022,Vodafone Cash,Completed,1089,630
ORD0000117,26/07/2024,20240726,CUS01168,9,EMP0149,InstaPay,Completed,700,330
ORD0010328,27/07/2024,20240727,CUS01869,3,EMP0065,Cash,Completed,256,150
ORD0002104,27/07/2024,20240727,CUS02591,3,EMP0072,Vodafone Cash,Completed,240,120
ORD0004719,27/07/2024,20240727,CUS00978,4,EMP0093,Credit Card,Returned,8010,7100
ORD0002457,27/07/2024,20240727,CUS02469,3,EMP0066,InstaPay,Completed,21240,18800
ORD0004565,27/07/2024,20240727,CUS02166,5,EMP0098,Cash,Completed,3970.5,2060
ORD0001737,27/07/2024,20240727,CUS00727,5,EMP0108,Vodafone Cash,Completed,2419,1210
ORD0007158,27/07/2024,20240727,CUS01279,2,EMP0036,Credit Card,Completed,902.5,470
ORD0003788,27/07/2024,20240727,CUS01088,11,EMP0168,Cash,Completed,673.5,340
ORD0008208,27/07/2024,20240727,CUS00386,2,EMP0029,  Debit Card  ,Completed,402,250
ORD0000704,27/07/2024,20240727,CUS01122,12,EMP0174,Vodafone Cash,Completed,795,440
ORD0000063,27/07/2024,20240727,CUS00747,6,EMP0113,Fawry,Completed,280,170
ORD0004515,27/07/2024,20240727,CUS01522,6,EMP0120,Cash,Completed,7841,5490
ORD0000649,28/07/2024,20240728,CUS00766,6,EMP0119,  Vodafone Cash  ,Completed,1080,510
ORD0006685,28/07/2024,20240728,CUS02144,5,EMP0105,Vodafone Cash,Completed,13410,11900
ORD0011767,28/07/2024,20240728,CUS02192,4,EMP0085,  Vodafone Cash  ,Completed,540,260
ORD0009515,28/07/2024,20240728,CUS01162,11,EMP0171,Cash,Completed,184,110
ORD0005787,28/07/2024,20240728,CUS00973,5,EMP0110,  Vodafone Cash  ,Completed,1200,600
ORD0002304,28/07/2024,20240728,CUS02659,13,EMP0186,Credit Card,Completed,2288,1170
ORD0006204,28/07/2024,20240728,CUS02627,5,EMP0106,Vodafone Cash,Completed,533,270
ORD0005141,29/07/2024,20240729,CUS02104,1,EMP0001,  Fawry  ,Completed,2725.5,1430
ORD0006341,29/07/2024,20240729,CUS01015,8,EMP0141,  Vodafone Cash  ,Cancelled,1914,1050
ORD0011288,29/07/2024,20240729,CUS01618,12,EMP0180,Credit Card,Completed,18180.5,13920
ORD0004251,29/07/2024,20240729,CUS02785,12,EMP0177,Vodafone Cash,Completed,210,100
ORD0010953,29/07/2024,20240729,CUS00362,15,EMP0212,Cash,Completed,891,510
ORD0011668,29/07/2024,20240729,CUS01672,5,EMP0095,Cash,Returned,1612,880
ORD0003327,29/07/2024,20240729,CUS00920,14,EMP0202,Vodafone Cash,Returned,1088,570
ORD0007155,29/07/2024,20240729,CUS02027,11,EMP0167,  Fawry  ,Completed,360,180
ORD0011200,29/07/2024,20240729,CUS02684,6,,Vodafone Cash,Completed,333,180
ORD0001069,29/07/2024,20240729,CUS01759,8,EMP0141,Vodafone Cash,Completed,4680,4100
ORD0008908,29/07/2024,20240729,CUS02735,5,EMP0100,InstaPay,Completed,1338,700
ORD0004135,29/07/2024,20240729,CUS00572,5,EMP0110,  InstaPay  ,Completed,387,220
ORD0008259,30/07/2024,20240730,CUS01442,13,EMP0193,Credit Card,Completed,328,180
ORD0000131,30/07/2024,20240730,CUS01362,11,EMP0173,Credit Card,Completed,1639.5,860
ORD0007521,30/07/2024,20240730,CUS00766,5,EMP0100,  InstaPay  ,Completed,2080,1000
ORD0010429,30/07/2024,20240730,CUS02173,2,,InstaPay,Cancelled,120,80
ORD0005690,30/07/2024,20240730,CUS02081,2,EMP0053,Vodafone Cash,Completed,10310,9420
ORD0003734,30/07/2024,20240730,CUS02413,3,EMP0067,Credit Card,Completed,1494,820
ORD0002091,30/07/2024,20240730,CUS00825,1,EMP0027,Credit Card,Cancelled,2820,1390
ORD0006805,30/07/2024,20240730,CUS01610,6,EMP0114,Vodafone Cash,Completed,606,310
ORD0001689,30/07/2024,20240730,CUS02031,5,EMP0096,Vodafone Cash,Completed,1632,820
ORD0010849,30/07/2024,20240730,CUS02377,5,EMP0109,Vodafone Cash,Returned,480,220
ORD0009200,30/07/2024,20240730,CUS02427,8,EMP0139,Credit Card,Completed,15133,12400
ORD0008148,30/07/2024,20240730,CUS01470,3,EMP0071,  Cash  ,Cancelled,1443,830
ORD0003481,30/07/2024,20240730,CUS00315,6,EMP0119,  Cash  ,Completed,465,240
ORD0003975,30/07/2024,20240730,CUS01538,5,EMP0101,Vodafone Cash,Returned,2744,1430
ORD0004356,31/07/2024,20240731,CUS02159,10,EMP0155,Credit Card,Completed,772,400
ORD0000255,31/07/2024,20240731,CUS02042,3,EMP0064,Debit Card,Completed,882,420
ORD0000987,31/07/2024,20240731,CUS00618,1,EMP0025,Cash,Completed,144,70
ORD0002524,31/07/2024,20240731,CUS01134,4,EMP0094,Credit Card,Completed,44202,35110
ORD0003611,31/07/2024,20240731,CUS01600,12,EMP0174,InstaPay,Completed,530,280
ORD0010418,31/07/2024,20240731,CUS00149,14,EMP0203,Cash,Completed,1080,540
ORD0007726,31/07/2024,20240731,CUS02251,4,EMP0084,Fawry,Completed,2047.5,1020
ORD0011955,31/07/2024,20240731,CUS00582,6,EMP0123,Fawry,Completed,11175,11900
ORD0009748,01/08/2024,20240801,CUS00189,10,EMP0156,Vodafone Cash,Completed,13480,10670
ORD0011553,01/08/2024,20240801,CUS00683,10,EMP0160,InstaPay,Completed,450,240
ORD0009284,01/08/2024,20240801,CUS02896,4,EMP0083,  InstaPay  ,Completed,10982,9000
ORD0006863,01/08/2024,20240801,CUS01958,14,EMP0200,Credit Card,Completed,610,300
ORD0007851,01/08/2024,20240801,CUS02256,5,EMP0104,  Debit Card  ,Completed,1117,590
ORD0003700,01/08/2024,20240801,CUS01583,3,EMP0064,Cash,Completed,1351.5,770
ORD0005015,01/08/2024,20240801,CUS02196,8,EMP0141,Debit Card,Completed,85.5,40
ORD0004961,01/08/2024,20240801,CUS00186,12,EMP0182,Cash,Completed,400,200
ORD0007520,01/08/2024,20240801,CUS00479,8,EMP0139,  Cash  ,Completed,1140,600
ORD0007771,02/08/2024,20240802,CUS02714,4,EMP0090,InstaPay,Completed,1410,750
ORD0008260,02/08/2024,20240802,CUS02380,3,EMP0078,Vodafone Cash,Completed,1204,640
ORD0010329,02/08/2024,20240802,CUS01947,3,EMP0065,Debit Card,Completed,2295,1210
ORD0004478,02/08/2024,20240802,CUS00780,1,EMP0024,Credit Card,Completed,948,540
ORD0006971,02/08/2024,20240802,CUS00111,1,EMP0023,Cash,Completed,15515,12460
ORD0001441,02/08/2024,20240802,CUS02643,12,EMP0175,  Debit Card  ,Completed,288,140
ORD0004087,02/08/2024,20240802,CUS02158,7,EMP0134,Cash,Completed,18870,15500
ORD0004093,02/08/2024,20240802,CUS02818,8,EMP0142,  Debit Card  ,Completed,680,390
ORD0007683,02/08/2024,20240802,CUS00161,2,EMP0042,Credit Card,Completed,1660,820
ORD0008789,02/08/2024,20240802,CUS01168,4,EMP0094,Vodafone Cash,Completed,4815,2410
ORD0001001,02/08/2024,20240802,CUS01113,6,EMP0126,Vodafone Cash,Completed,3207,1770
ORD0004649,02/08/2024,20240802,CUS01080,3,EMP0076,Debit Card,Completed,22603.5,17840
ORD0002750,02/08/2024,20240802,CUS02948,8,EMP0140,Cash,Completed,756,420
ORD0001050,02/08/2024,20240802,CUS01202,2,EMP0043,Cash,Completed,11100,9900
ORD0000150,02/08/2024,20240802,CUS01493,4,EMP0087,InstaPay,Completed,498,280
ORD0007835,03/08/2024,20240803,CUS02634,5,EMP0105,  Fawry  ,Completed,195.5,110
ORD0000397,03/08/2024,20240803,CUS02158,11,EMP0172,InstaPay,Completed,16568,13800
ORD0001182,03/08/2024,20240803,CUS01438,7,EMP0134,  Vodafone Cash  ,Completed,1158.5,580
ORD0009580,03/08/2024,20240803,CUS02771,1,EMP0008,Cash,Completed,81,40
ORD0000625,03/08/2024,20240803,CUS01383,2,EMP0048,Debit Card,Completed,520.5,290
ORD0009727,03/08/2024,20240803,CUS00014,11,EMP0173,Fawry,Completed,960,530
ORD0010480,04/08/2024,20240804,CUS01868,12,EMP0180,Credit Card,Completed,608,280
ORD0000231,04/08/2024,20240804,CUS01994,5,,InstaPay,Returned,720,360
ORD0009640,04/08/2024,20240804,CUS01810,10,EMP0161,Vodafone Cash,Returned,4425,4700
ORD0009944,04/08/2024,20240804,CUS02699,10,EMP0161,Cash,Completed,629,360
ORD0006016,04/08/2024,20240804,CUS02477,1,EMP0013,Vodafone Cash,Completed,723,370
ORD0003791,04/08/2024,20240804,CUS01554,11,EMP0164,Debit Card,Returned,1934,950
ORD0011964,04/08/2024,20240804,CUS02248,1,EMP0016,Cash,Completed,406.5,210
ORD0006237,04/08/2024,20240804,CUS01152,1,EMP0023,Vodafone Cash,Completed,12070,10330
ORD0003215,04/08/2024,20240804,CUS00375,10,EMP0163,Vodafone Cash,Completed,1302,790
ORD0011371,05/08/2024,20240805,CUS02726,12,EMP0177,  Cash  ,Completed,420,200
ORD0005726,05/08/2024,20240805,CUS02114,9,EMP0151,Debit Card,Completed,1437,710
ORD0003113,05/08/2024,20240805,CUS02224,13,EMP0192,InstaPay,Completed,490,230
ORD0006263,05/08/2024,20240805,CUS02989,8,EMP0139,  Fawry  ,Completed,370,180
ORD0002106,05/08/2024,20240805,CUS01377,1,EMP0005,Vodafone Cash,Completed,2192,2180
ORD0003616,05/08/2024,20240805,CUS01475,9,EMP0146,Cash,Completed,170,80
ORD0011464,05/08/2024,20240805,CUS00575,1,EMP0024,Cash,Completed,180,80
ORD0005813,05/08/2024,20240805,CUS00191,12,,Fawry,Returned,11071,8790
ORD0001534,05/08/2024,20240805,CUS01765,3,EMP0068,Debit Card,Completed,270,140
ORD0008360,05/08/2024,20240805,CUS01232,6,EMP0126,Cash,Completed,504,330
ORD0000849,06/08/2024,20240806,CUS02910,9,EMP0147,Credit Card,Completed,1174.5,580
ORD0008990,06/08/2024,20240806,CUS00554,14,,  Cash  ,Completed,1210.5,760
ORD0001096,06/08/2024,20240806,CUS00539,4,EMP0092,Vodafone Cash,Completed,548,310
ORD0004232,06/08/2024,20240806,CUS02422,4,EMP0084,Fawry,Completed,16840,15470
ORD0003841,06/08/2024,20240806,CUS01495,13,EMP0191,Debit Card,Completed,2836.5,1400
ORD0000176,06/08/2024,20240806,CUS01956,2,EMP0035,  Fawry  ,Completed,300,140
ORD0008461,06/08/2024,20240806,CUS01414,2,EMP0039,  Credit Card  ,Completed,1958,1000
ORD0001915,06/08/2024,20240806,CUS01635,2,EMP0051,Vodafone Cash,Completed,140,60
ORD0007108,06/08/2024,20240806,CUS02135,5,EMP0108,InstaPay,Completed,500,250
ORD0008467,06/08/2024,20240806,CUS01926,1,EMP0025,Debit Card,Completed,884,440
ORD0001608,06/08/2024,20240806,CUS02854,2,,Cash,Completed,420,200
ORD0003756,06/08/2024,20240806,CUS01687,4,EMP0085,Debit Card,Completed,144,70
ORD0002881,06/08/2024,20240806,CUS01149,2,,InstaPay,Completed,360,160
ORD0009058,06/08/2024,20240806,CUS02975,4,EMP0094,InstaPay,Completed,756,400
ORD0004011,07/08/2024,20240807,CUS01847,2,EMP0036,InstaPay,Completed,11699,11110
ORD0008947,07/08/2024,20240807,CUS00144,3,EMP0070,Cash,Returned,480,240
ORD0009437,07/08/2024,20240807,CUS02236,5,EMP0095,  Fawry  ,Completed,2128,1570
ORD0004067,07/08/2024,20240807,CUS01790,1,EMP0025,Debit Card,Completed,550,320
ORD0007537,07/08/2024,20240807,CUS02033,3,EMP0069,Credit Card,Completed,576,320
ORD0011743,07/08/2024,20240807,CUS00997,11,EMP0173,  Debit Card  ,Returned,1322.5,730
ORD0002277,07/08/2024,20240807,CUS02064,2,EMP0046,InstaPay,Completed,1332,740
ORD0010153,08/08/2024,20240808,CUS02332,1,EMP0021,  Cash  ,Completed,140,60
ORD0004018,08/08/2024,20240808,CUS02519,1,EMP0001,Credit Card,Completed,260,120
ORD0005179,08/08/2024,20240808,CUS00914,1,EMP0010,Cash,Completed,1416,870
ORD0009330,08/08/2024,20240808,CUS02766,2,,InstaPay,Completed,1640,790
ORD0011073,08/08/2024,20240808,CUS00814,3,EMP0057,  Vodafone Cash  ,Completed,1297,660
ORD0011842,08/08/2024,20240808,CUS02995,3,EMP0060,Credit Card,Completed,2880,2800
ORD0005789,08/08/2024,20240808,CUS02431,1,EMP0002,  InstaPay  ,Returned,19800,21200
ORD0008610,08/08/2024,20240808,CUS00230,3,EMP0058,Cash,Completed,716.5,440
ORD0004287,08/08/2024,20240808,CUS02481,5,EMP0101,  Cash  ,Cancelled,443.5,200
ORD0009364,09/08/2024,20240809,CUS00879,1,EMP0017,Credit Card,Completed,990,500
ORD0007004,09/08/2024,20240809,CUS02244,6,EMP0116,Credit Card,Completed,150,70
ORD0001843,09/08/2024,20240809,CUS00336,3,EMP0076,  InstaPay  ,Completed,480,220
ORD0002343,09/08/2024,20240809,CUS01281,1,EMP0020,Fawry,Completed,256.5,130
ORD0006043,09/08/2024,20240809,CUS00137,15,EMP0211,Cash,Completed,2187,1200
ORD0006982,09/08/2024,20240809,CUS00288,6,EMP0121,Vodafone Cash,Completed,350,170
ORD0007644,10/08/2024,20240810,CUS01621,14,EMP0198,InstaPay,Completed,142.5,70
ORD0007321,10/08/2024,20240810,CUS00749,5,EMP0102,  Vodafone Cash  ,Completed,290,140
ORD0002924,10/08/2024,20240810,CUS02506,7,EMP0135,Debit Card,Completed,470,230
ORD0011474,10/08/2024,20240810,CUS02138,12,EMP0174,Fawry,Completed,2553,1320
ORD0003243,10/08/2024,20240810,CUS01541,5,EMP0107,Debit Card,Completed,285,140
ORD0006987,10/08/2024,20240810,CUS00553,3,EMP0056,Vodafone Cash,Completed,680,320
ORD0009976,10/08/2024,20240810,CUS02717,8,EMP0142,InstaPay,Completed,150,70
ORD0009068,10/08/2024,20240810,CUS01418,15,EMP0211,InstaPay,Completed,19940,15580
ORD0010812,10/08/2024,20240810,CUS00836,1,EMP0004,  InstaPay  ,Completed,102,60
ORD0000380,10/08/2024,20240810,CUS00027,8,EMP0141,  InstaPay  ,Completed,2592,1600
ORD0009144,11/08/2024,20240811,CUS00082,2,EMP0037,  Fawry  ,Completed,414,220
ORD0010273,11/08/2024,20240811,CUS00949,2,EMP0043,  Debit Card  ,Returned,7983,7320
ORD0009450,11/08/2024,20240811,CUS00614,3,EMP0062,Credit Card,Completed,6597.5,5770
ORD0002037,11/08/2024,20240811,CUS00600,6,EMP0125,Credit Card,Completed,288,170
ORD0011330,11/08/2024,20240811,CUS02220,2,EMP0037,Cash,Completed,1130,550
ORD0006734,11/08/2024,20240811,CUS02655,10,EMP0153,Credit Card,Completed,852.5,470
ORD0010540,11/08/2024,20240811,CUS02009,3,EMP0070,  Credit Card  ,Completed,666,330
ORD0009096,11/08/2024,20240811,CUS00096,2,EMP0039,Vodafone Cash,Cancelled,2862,1670
ORD0006254,11/08/2024,20240811,CUS02911,3,EMP0056,Fawry,Completed,673,400
ORD0011659,11/08/2024,20240811,CUS02232,2,EMP0029,InstaPay,Completed,17418,15180
ORD0007195,11/08/2024,20240811,CUS00908,2,EMP0036,  Vodafone Cash  ,Completed,1462.5,760
ORD0000431,11/08/2024,20240811,CUS00791,6,EMP0117,Fawry,Completed,1747,1020
ORD0002275,11/08/2024,20240811,CUS00917,4,EMP0091,InstaPay,Cancelled,26700,21300
ORD0005470,12/08/2024,20240812,CUS00995,1,EMP0016,Cash,Cancelled,740,360
ORD0009813,12/08/2024,20240812,CUS01312,3,EMP0068,Vodafone Cash,Completed,1387,720
ORD0001332,12/08/2024,20240812,CUS00288,1,EMP0011,Cash,Completed,681,350
ORD0003565,12/08/2024,20240812,CUS02005,2,EMP0035,InstaPay,Completed,1738.5,900
ORD0003221,12/08/2024,20240812,CUS00316,11,EMP0164,InstaPay,Completed,655.5,340
ORD0009546,12/08/2024,20240812,CUS01388,1,EMP0010,Debit Card,Completed,1197.5,580
ORD0010394,12/08/2024,20240812,CUS01403,12,EMP0177,  Vodafone Cash  ,Completed,1214,590
ORD0009645,12/08/2024,20240812,CUS00033,3,EMP0063,Cash,Completed,1459,730
ORD0004825,12/08/2024,20240812,CUS02666,4,EMP0088,Fawry,Completed,24525,26100
ORD0008125,12/08/2024,20240812,CUS02785,1,EMP0023,Cash,Completed,306,160
ORD0007875,12/08/2024,20240812,CUS02926,13,EMP0191,Vodafone Cash,Completed,2080.5,1210
ORD0010205,13/08/2024,20240813,CUS00586,5,EMP0109,Credit Card,Completed,160,70
ORD0005700,13/08/2024,20240813,CUS02154,6,EMP0125,InstaPay,Returned,494,240
ORD0009250,13/08/2024,20240813,CUS00474,14,EMP0195,Debit Card,Completed,4850,3630
ORD0004665,13/08/2024,20240813,CUS01234,3,,  Cash  ,Completed,492,280
ORD0002961,13/08/2024,20240813,CUS02296,4,EMP0083,Credit Card,Completed,1281,900
ORD0006403,13/08/2024,20240813,CUS01181,6,EMP0123,Debit Card,Completed,18732.5,14950
ORD0006154,13/08/2024,20240813,CUS00189,5,EMP0101,Cash,Completed,598,360
ORD0011450,13/08/2024,20240813,CUS00731,14,EMP0201,  Vodafone Cash  ,Completed,816,440
ORD0003619,13/08/2024,20240813,CUS01450,5,EMP0105,InstaPay,Completed,100,40
ORD0000401,13/08/2024,20240813,CUS02364,1,EMP0020,  Fawry  ,Completed,152,70
ORD0008858,13/08/2024,20240813,CUS01973,3,EMP0060,Cash,Completed,510.5,270
ORD0001629,14/08/2024,20240814,CUS01633,7,,InstaPay,Completed,1440,880
ORD0003360,14/08/2024,20240814,CUS02423,8,EMP0138,Credit Card,Completed,2433.5,1250
ORD0002001,14/08/2024,20240814,CUS00898,4,EMP0089,  Debit Card  ,Completed,1412,700
ORD0009890,14/08/2024,20240814,CUS01115,10,EMP0162,Fawry,Completed,1970,980
ORD0006414,14/08/2024,20240814,CUS00142,1,EMP0003,Vodafone Cash,Completed,900,450
ORD0007699,14/08/2024,20240814,CUS01878,9,EMP0148,InstaPay,Completed,262.5,170
ORD0004534,14/08/2024,20240814,CUS01757,5,,  Cash  ,Completed,1600,940
ORD0002958,14/08/2024,20240814,CUS01135,3,EMP0078,Credit Card,Completed,306,170
ORD0006203,14/08/2024,20240814,CUS02768,6,EMP0118,Credit Card,Completed,440,200
ORD0007227,14/08/2024,20240814,CUS00406,8,EMP0137,InstaPay,Completed,322,220
ORD0000707,14/08/2024,20240814,CUS00823,9,EMP0148,  Cash  ,Completed,510,280
ORD0006674,14/08/2024,20240814,CUS02921,2,EMP0039,Fawry,Completed,470,230
ORD0003207,14/08/2024,20240814,CUS00098,2,EMP0046,Fawry,Completed,607.5,350
ORD0002100,15/08/2024,20240815,CUS00725,1,EMP0009,  Cash  ,Completed,18810,14950
ORD0003816,15/08/2024,20240815,CUS02724,1,EMP0016,Vodafone Cash,Completed,300,140
ORD0005723,15/08/2024,20240815,CUS00442,2,EMP0039,  Debit Card  ,Returned,2932,2260
ORD0008151,15/08/2024,20240815,CUS01163,1,EMP0004,Cash,Completed,90,40
ORD0006521,15/08/2024,20240815,CUS00363,3,EMP0067,Cash,Completed,360,170
ORD0006441,15/08/2024,20240815,CUS02460,2,EMP0054,Fawry,Completed,819,420
ORD0010916,15/08/2024,20240815,CUS02948,10,EMP0158,Credit Card,Completed,238,140
ORD0006574,15/08/2024,20240815,CUS02568,1,EMP0007,Debit Card,Completed,1920,930
ORD0007529,15/08/2024,20240815,CUS00401,13,EMP0192,Credit Card,Completed,418,200
ORD0001971,15/08/2024,20240815,CUS02108,4,EMP0088,InstaPay,Completed,1050,540
ORD0005943,15/08/2024,20240815,CUS02953,12,EMP0176,Vodafone Cash,Completed,4131,3330
ORD0008410,15/08/2024,20240815,CUS01399,4,EMP0087,Credit Card,Completed,260,120
ORD0007511,15/08/2024,20240815,CUS02313,1,EMP0021,  Fawry  ,Completed,15000,12000
ORD0006209,15/08/2024,20240815,CUS01489,10,EMP0153,Credit Card,Completed,12165.5,10640
ORD0003411,15/08/2024,20240815,CUS01634,1,EMP0013,Debit Card,Completed,456,230
ORD0010551,15/08/2024,20240815,CUS01118,3,EMP0055,  Cash  ,Completed,365,170
ORD0007240,15/08/2024,20240815,CUS02198,3,EMP0063,  Debit Card  ,Completed,2482,1270
ORD0002954,15/08/2024,20240815,CUS02252,6,EMP0126,  InstaPay  ,Cancelled,8945,6730
ORD0005867,16/08/2024,20240816,CUS02436,4,EMP0094,Credit Card,Completed,476,280
ORD0009794,16/08/2024,20240816,CUS01591,14,,Vodafone Cash,Returned,480,210
ORD0007684,16/08/2024,20240816,CUS00397,9,EMP0147,  Debit Card  ,Completed,420,200
ORD0000513,16/08/2024,20240816,CUS00807,15,EMP0212,Vodafone Cash,Completed,28461,23890
ORD0007082,16/08/2024,20240816,CUS01256,6,EMP0116,InstaPay,Completed,16855,13900
ORD0010071,16/08/2024,20240816,CUS01349,4,EMP0091,  Vodafone Cash  ,Completed,3792,1980
ORD0001952,16/08/2024,20240816,CUS02775,1,EMP0013,Credit Card,Completed,10822,8470
ORD0000444,16/08/2024,20240816,CUS00700,15,EMP0204,Fawry,Returned,150,70
ORD0010377,16/08/2024,20240816,CUS02634,13,EMP0188,Credit Card,Completed,3489,1860
ORD0005912,16/08/2024,20240816,CUS01336,10,EMP0163,Fawry,Completed,360,160
ORD0000212,16/08/2024,20240816,CUS02642,8,EMP0137,InstaPay,Completed,221,130
ORD0009299,16/08/2024,20240816,CUS02202,1,EMP0011,Debit Card,Completed,630,300
ORD0005541,17/08/2024,20240817,CUS02714,6,EMP0118,Debit Card,Completed,3257.5,1810
ORD0008585,17/08/2024,20240817,CUS02238,7,EMP0133,  Vodafone Cash  ,Completed,224,140
ORD0002883,17/08/2024,20240817,CUS00007,3,EMP0057,Debit Card,Returned,9045,7320
ORD0002224,17/08/2024,20240817,CUS01282,3,EMP0069,Fawry,Completed,951,500
ORD0007796,17/08/2024,20240817,CUS01831,3,EMP0059,Cash,Completed,1928,960
ORD0004076,17/08/2024,20240817,CUS02911,2,EMP0049,Fawry,Completed,5038,4150
ORD0007601,17/08/2024,20240817,CUS00175,2,,Cash,Completed,241.5,140
ORD0010264,18/08/2024,20240818,CUS02154,9,EMP0145,InstaPay,Completed,640,320
ORD0004963,18/08/2024,20240818,CUS00223,1,EMP0023,Debit Card,Completed,189,100
ORD0004190,18/08/2024,20240818,CUS01818,6,EMP0125,Vodafone Cash,Completed,14156.5,12650
ORD0009347,18/08/2024,20240818,CUS00889,2,,InstaPay,Completed,130,60
ORD0005248,18/08/2024,20240818,CUS02667,6,EMP0113,Credit Card,Returned,20689,16700
ORD0008967,18/08/2024,20240818,CUS00008,12,EMP0184,  Vodafone Cash  ,Completed,750.5,380
ORD0001625,18/08/2024,20240818,CUS00012,14,EMP0196,  Vodafone Cash  ,Completed,2210,1130
ORD0007436,18/08/2024,20240818,CUS01863,3,EMP0058,Cash,Completed,140,60
ORD0007584,18/08/2024,20240818,CUS01617,5,EMP0107,Cash,Completed,640,280
ORD0005967,18/08/2024,20240818,CUS02010,6,EMP0118,InstaPay,Completed,228,120
ORD0004446,18/08/2024,20240818,CUS00128,8,,Credit Card,Completed,1700,830
ORD0008279,18/08/2024,20240818,CUS02681,11,EMP0165,Cash,Returned,238,120
ORD0004474,18/08/2024,20240818,CUS01042,5,EMP0096,InstaPay,Completed,931,510
ORD0007549,18/08/2024,20240818,CUS00821,3,EMP0057,Credit Card,Completed,1260,680
ORD0008207,18/08/2024,20240818,CUS02747,10,EMP0158,Cash,Completed,480,220
ORD0009110,18/08/2024,20240818,CUS01720,2,EMP0052,InstaPay,Completed,430,200
ORD0010701,19/08/2024,20240819,CUS02625,14,EMP0195,InstaPay,Completed,1320.5,670
ORD0008848,19/08/2024,20240819,CUS01356,11,EMP0171,Vodafone Cash,Completed,4546.5,2300
ORD0006050,19/08/2024,20240819,CUS01611,5,EMP0109,Vodafone Cash,Completed,560,390
ORD0004784,19/08/2024,20240819,CUS02626,1,EMP0028,  Cash  ,Cancelled,634.5,360
ORD0000850,19/08/2024,20240819,CUS02792,1,EMP0026,InstaPay,Completed,90,40
ORD0005343,19/08/2024,20240819,CUS02272,2,EMP0046,Fawry,Completed,1440,1400
ORD0000080,19/08/2024,20240819,CUS00702,14,EMP0196,Fawry,Completed,1870.5,1070
ORD0011393,19/08/2024,20240819,CUS02006,1,EMP0023,Vodafone Cash,Completed,229.5,120
ORD0001826,19/08/2024,20240819,CUS00880,2,EMP0047,Cash,Completed,461.5,230
ORD0004684,19/08/2024,20240819,CUS02066,5,EMP0101,Credit Card,Returned,468,260
ORD0011021,19/08/2024,20240819,CUS02138,11,EMP0168,Fawry,Completed,675,360
ORD0004645,19/08/2024,20240819,CUS00362,2,EMP0037,Vodafone Cash,Completed,12540,10500
ORD0009570,19/08/2024,20240819,CUS01226,1,EMP0018,Cash,Returned,5414.5,4930
ORD0001620,19/08/2024,20240819,CUS01923,12,EMP0182,  Cash  ,Completed,8799,6800
ORD0010141,19/08/2024,20240819,CUS02364,14,EMP0194,Vodafone Cash,Returned,747,410
ORD0011262,19/08/2024,20240819,CUS02046,11,EMP0167,Debit Card,Completed,8339.5,6260
ORD0003262,20/08/2024,20240820,CUS00467,12,EMP0177,Credit Card,Completed,306,170
ORD0003132,20/08/2024,20240820,CUS02243,10,EMP0162,Vodafone Cash,Completed,408,220
ORD0000277,20/08/2024,20240820,CUS02363,12,EMP0174,Debit Card,Completed,396,220
ORD0003684,20/08/2024,20240820,CUS01983,3,EMP0058,Debit Card,Completed,396,220
ORD0001997,20/08/2024,20240820,CUS01758,1,EMP0026,Cash,Completed,306,160
ORD0000947,20/08/2024,20240820,CUS02717,7,EMP0134,InstaPay,Completed,112,70
ORD0002440,20/08/2024,20240820,CUS00488,12,EMP0177,Credit Card,Completed,437,230
ORD0008896,20/08/2024,20240820,CUS01491,3,,Cash,Completed,2322,1460
ORD0006675,20/08/2024,20240820,CUS00362,4,EMP0094,  Cash  ,Completed,1271.5,630
ORD0002507,20/08/2024,20240820,CUS01927,5,EMP0104,Cash,Completed,28920,25540
ORD0001018,20/08/2024,20240820,CUS02311,13,EMP0193,InstaPay,Returned,1112,670
ORD0001800,21/08/2024,20240821,CUS00813,7,EMP0130,Cash,Completed,230,110
ORD0006193,21/08/2024,20240821,CUS02559,14,EMP0197,  Cash  ,Completed,1280,780
ORD0010300,21/08/2024,20240821,CUS02950,1,EMP0012,Credit Card,Returned,351.5,180
ORD0002115,21/08/2024,20240821,CUS02890,3,EMP0064,Debit Card,Completed,19230,15240
ORD0007748,21/08/2024,20240821,CUS02045,12,EMP0183,  Debit Card  ,Completed,640,280
ORD0008647,21/08/2024,20240821,CUS01001,3,EMP0074,Vodafone Cash,Completed,263.5,150
ORD0004013,21/08/2024,20240821,CUS00821,3,EMP0077,  Cash  ,Completed,234,130
ORD0004106,21/08/2024,20240821,CUS00373,1,EMP0005,  Credit Card  ,Completed,1900,960
ORD0004325,21/08/2024,20240821,CUS02859,1,EMP0016,Cash,Completed,1632,900
ORD0009765,21/08/2024,20240821,CUS01302,10,EMP0160,Debit Card,Completed,747,390
ORD0006837,21/08/2024,20240821,CUS00813,12,EMP0177,Fawry,Completed,714,420
ORD0007654,21/08/2024,20240821,CUS00410,6,EMP0126,Vodafone Cash,Completed,810,390
ORD0007317,22/08/2024,20240822,CUS01759,5,EMP0100,InstaPay,Completed,200,100
ORD0004661,22/08/2024,20240822,CUS00720,1,EMP0027,InstaPay,Completed,250,120
ORD0001743,22/08/2024,20240822,CUS01382,1,EMP0011,InstaPay,Completed,7435,6360
ORD0010737,22/08/2024,20240822,CUS02202,13,EMP0190,  Credit Card  ,Completed,860,420
ORD0007351,22/08/2024,20240822,CUS00214,6,EMP0120,Fawry,Completed,228,120
ORD0006602,22/08/2024,20240822,CUS02923,10,EMP0153,Credit Card,Completed,900,450
ORD0009314,22/08/2024,20240822,CUS00594,3,EMP0063,  Debit Card  ,Completed,1285,760
ORD0009376,22/08/2024,20240822,CUS02394,10,EMP0159,Fawry,Completed,527,300
ORD0004487,22/08/2024,20240822,CUS01996,4,EMP0080,Credit Card,Completed,351,180
ORD0004548,22/08/2024,20240822,CUS00201,2,EMP0035,Cash,Cancelled,140,70
ORD0009003,22/08/2024,20240822,CUS01137,2,EMP0041,Debit Card,Completed,2525,1340
ORD0009309,22/08/2024,20240822,CUS01000,2,EMP0046,  Debit Card  ,Completed,171,80
ORD0005598,22/08/2024,20240822,CUS02531,3,EMP0067,Vodafone Cash,Completed,840,410
ORD0000736,22/08/2024,20240822,CUS00303,4,EMP0088,  Cash  ,Cancelled,1521,880
ORD0001347,23/08/2024,20240823,CUS01824,11,EMP0168,  Credit Card  ,Completed,345,190
ORD0011511,23/08/2024,20240823,CUS01798,14,EMP0201,Cash,Completed,530,250
ORD0007637,23/08/2024,20240823,CUS02427,4,EMP0084,Credit Card,Completed,1142,920
ORD0001311,23/08/2024,20240823,CUS02442,3,,Credit Card,Completed,1004,540
ORD0011442,23/08/2024,20240823,CUS01840,4,EMP0079,Cash,Completed,546.5,260
ORD0007805,23/08/2024,20240823,CUS02533,15,EMP0215,Fawry,Completed,152,90
ORD0003491,23/08/2024,20240823,CUS00610,6,EMP0117,InstaPay,Completed,13361.5,10580
ORD0009149,23/08/2024,20240823,CUS01040,1,EMP0014,Debit Card,Completed,1982,1060
ORD0002149,23/08/2024,20240823,CUS00192,6,EMP0115,InstaPay,Completed,691.5,380
ORD0002972,23/08/2024,20240823,CUS00155,2,EMP0029,  Credit Card  ,Completed,320,140
ORD0003795,23/08/2024,20240823,CUS01379,4,EMP0094,InstaPay,Returned,473,220
ORD0004102,23/08/2024,20240823,CUS00201,2,EMP0052,InstaPay,Completed,330,160
ORD0008640,24/08/2024,20240824,CUS01174,4,EMP0094,Fawry,Completed,1700,960
ORD0010319,24/08/2024,20240824,CUS02368,12,EMP0184,  Debit Card  ,Completed,140,60
ORD0005992,24/08/2024,20240824,CUS00607,2,EMP0047,Credit Card,Completed,984,570
ORD0006409,24/08/2024,20240824,CUS01859,2,EMP0042,Debit Card,Completed,1835,910
ORD0007765,24/08/2024,20240824,CUS00805,11,EMP0167,Fawry,Completed,1011.5,540
ORD0001448,24/08/2024,20240824,CUS01348,11,EMP0167,Cash,Returned,551,280
ORD0011282,24/08/2024,20240824,CUS01802,7,EMP0136,Vodafone Cash,Completed,597,310
ORD0006767,24/08/2024,20240824,CUS01451,7,EMP0127,InstaPay,Completed,24047,19620
ORD0004986,24/08/2024,20240824,CUS02733,10,EMP0155,Credit Card,Completed,140,70
ORD0009860,24/08/2024,20240824,CUS00845,2,,InstaPay,Completed,535.5,290
ORD0001022,24/08/2024,20240824,CUS01767,2,EMP0050,  Debit Card  ,Completed,171,90
ORD0006768,24/08/2024,20240824,CUS00559,10,EMP0159,Cash,Completed,345,220
ORD0006885,24/08/2024,20240824,CUS00223,1,EMP0027,Credit Card,Completed,131.5,80
ORD0008311,24/08/2024,20240824,CUS02356,1,EMP0013,Credit Card,Completed,2256,1170
ORD0009667,24/08/2024,20240824,CUS02279,11,EMP0164,Debit Card,Completed,642,360
ORD0010988,24/08/2024,20240824,CUS00213,3,EMP0066,Debit Card,Completed,882,480
ORD0005898,25/08/2024,20240825,CUS01041,6,EMP0116,Debit Card,Returned,1967,1020
ORD0005829,25/08/2024,20240825,CUS02496,4,EMP0080,Credit Card,Cancelled,936,500
ORD0010486,25/08/2024,20240825,CUS02063,15,EMP0210,InstaPay,Completed,430,210
ORD0006716,25/08/2024,20240825,CUS00608,5,EMP0105,Debit Card,Completed,1530.5,820
ORD0003158,25/08/2024,20240825,CUS00685,9,EMP0145,Fawry,Completed,14065.5,10940
ORD0009458,25/08/2024,20240825,CUS01220,4,EMP0090,InstaPay,Completed,9336,7330
ORD0003907,25/08/2024,20240825,CUS01043,2,EMP0054,Debit Card,Returned,1504,770
ORD0008476,26/08/2024,20240826,CUS00344,2,EMP0044,  Debit Card  ,Completed,366,190
ORD0002777,26/08/2024,20240826,CUS00488,7,EMP0129,Cash,Completed,1180,660
ORD0002526,26/08/2024,20240826,CUS01241,1,EMP0022,Fawry,Completed,16805,12900
ORD0003602,26/08/2024,20240826,CUS02981,6,EMP0119,Fawry,Completed,240,120
ORD0009803,26/08/2024,20240826,CUS02317,8,EMP0142,Debit Card,Completed,3117.5,2080
ORD0009402,26/08/2024,20240826,CUS02834,5,EMP0104,Vodafone Cash,Completed,1206,680
ORD0006825,26/08/2024,20240826,CUS00272,5,EMP0095,  Credit Card  ,Completed,263.5,150
ORD0000826,26/08/2024,20240826,CUS01528,1,EMP0021,Credit Card,Completed,2080,1000
ORD0005642,26/08/2024,20240826,CUS01744,4,,Debit Card,Completed,690,330
ORD0002215,26/08/2024,20240826,CUS02479,4,EMP0094,InstaPay,Completed,320,140
ORD0001851,26/08/2024,20240826,CUS01279,15,EMP0215,  Fawry  ,Completed,1224,620
ORD0002610,27/08/2024,20240827,CUS00527,4,EMP0089,Credit Card,Completed,1840,880
ORD0010455,27/08/2024,20240827,CUS02880,4,EMP0093,Credit Card,Completed,1860,1020
ORD0005872,27/08/2024,20240827,CUS01783,1,EMP0027,Credit Card,Completed,19920,15560
ORD0009552,27/08/2024,20240827,CUS01348,1,EMP0017,  Credit Card  ,Completed,42775,35520
ORD0011318,27/08/2024,20240827,CUS00601,1,EMP0005,  Cash  ,Completed,14849,12690
ORD0005185,27/08/2024,20240827,CUS02213,3,EMP0067,Debit Card,Completed,1254,640
ORD0010315,27/08/2024,20240827,CUS02397,5,EMP0108,Fawry,Returned,926,520
ORD0006007,27/08/2024,20240827,CUS02392,3,,  Cash  ,Returned,581,410
ORD0004905,27/08/2024,20240827,CUS00100,1,EMP0001,InstaPay,Completed,1939,980
ORD0006791,27/08/2024,20240827,CUS01189,2,EMP0035,Debit Card,Completed,595,290
ORD0006643,27/08/2024,20240827,CUS00788,3,EMP0069,Fawry,Completed,324,170
ORD0007889,27/08/2024,20240827,CUS02046,11,EMP0173,Fawry,Returned,270,130
ORD0008838,27/08/2024,20240827,CUS02799,10,EMP0158,Fawry,Completed,708,390
ORD0011635,27/08/2024,20240827,CUS02348,6,EMP0115,Fawry,Completed,762,390
ORD0009524,27/08/2024,20240827,CUS00633,4,EMP0080,InstaPay,Completed,33338,27630
ORD0011296,27/08/2024,20240827,CUS01432,10,EMP0162,Credit Card,Completed,2154,1070
ORD0007144,27/08/2024,20240827,CUS00463,4,EMP0079,Fawry,Completed,788,420
ORD0001590,27/08/2024,20240827,CUS00352,9,EMP0145,Fawry,Completed,1555.5,900
ORD0009834,27/08/2024,20240827,CUS01055,4,EMP0086,Cash,Returned,1687.5,830
ORD0009553,27/08/2024,20240827,CUS01541,3,EMP0066,Cash,Completed,7607,5620
ORD0005987,28/08/2024,20240828,CUS01868,3,EMP0057,Fawry,Cancelled,259,180
ORD0004898,28/08/2024,20240828,CUS02220,5,EMP0109,InstaPay,Completed,22765,20030
ORD0000895,28/08/2024,20240828,CUS02527,9,EMP0147,  InstaPay  ,Completed,468,260
ORD0009472,28/08/2024,20240828,CUS00946,8,EMP0141,  Fawry  ,Completed,424,220
ORD0005621,28/08/2024,20240828,CUS01515,15,EMP0210,InstaPay,Returned,270,130
ORD0009815,28/08/2024,20240828,CUS01577,1,,Cash,Completed,1259,660
ORD0009240,28/08/2024,20240828,CUS02485,15,EMP0204,Credit Card,Completed,44935.5,37610
ORD0001349,28/08/2024,20240828,CUS00290,11,EMP0170,  Cash  ,Completed,127.5,70
ORD0006479,28/08/2024,20240828,CUS02606,3,EMP0067,Credit Card,Returned,855,420
ORD0010935,28/08/2024,20240828,CUS01402,6,EMP0126,  Vodafone Cash  ,Returned,29460,23130
ORD0011562,28/08/2024,20240828,CUS01272,1,EMP0006,InstaPay,Completed,18420,14700
ORD0003594,28/08/2024,20240828,CUS01447,12,EMP0182,Fawry,Completed,1015,520
ORD0000452,28/08/2024,20240828,CUS02760,8,EMP0144,Debit Card,Cancelled,290,140
ORD0007761,29/08/2024,20240829,CUS01468,1,EMP0026,InstaPay,Completed,1534.5,840
ORD0008854,29/08/2024,20240829,CUS00150,10,EMP0155,Debit Card,Completed,920,460
ORD0011174,29/08/2024,20240829,CUS02328,11,EMP0167,Debit Card,Completed,18237,15200
ORD0004165,29/08/2024,20240829,CUS02627,8,EMP0142,  InstaPay  ,Completed,1434,710
ORD0001632,29/08/2024,20240829,CUS00762,3,EMP0065,Vodafone Cash,Completed,2824,1520
ORD0006467,29/08/2024,20240829,CUS00962,13,EMP0187,Debit Card,Completed,200,90
ORD0006688,29/08/2024,20240829,CUS02785,3,EMP0067,Fawry,Completed,20729,15640
ORD0011584,29/08/2024,20240829,CUS01492,4,EMP0087,Cash,Completed,546,260
ORD0010462,29/08/2024,20240829,CUS01916,2,EMP0033,  Debit Card  ,Completed,640,300
ORD0009277,29/08/2024,20240829,CUS01844,9,EMP0147,Credit Card,Completed,7313.5,5150
ORD0008893,29/08/2024,20240829,CUS01358,1,EMP0014,Fawry,Completed,212,110
ORD0001626,29/08/2024,20240829,CUS01237,8,EMP0142,InstaPay,Completed,590,290
ORD0005550,29/08/2024,20240829,CUS02323,1,EMP0023,Fawry,Completed,1680,1080
ORD0000420,29/08/2024,20240829,CUS01760,1,,InstaPay,Completed,2610,1280
ORD0005437,30/08/2024,20240830,CUS01394,4,EMP0082,InstaPay,Completed,910.5,460
ORD0000398,30/08/2024,20240830,CUS02021,12,EMP0178,Fawry,Completed,20456.5,17810
ORD0010818,30/08/2024,20240830,CUS00820,5,EMP0112,Credit Card,Completed,970,480
ORD0002867,30/08/2024,20240830,CUS02214,9,EMP0150,Cash,Completed,1190.5,650
ORD0011420,30/08/2024,20240830,CUS02627,2,EMP0041,  Fawry  ,Returned,1225.5,630
ORD0008612,30/08/2024,20240830,CUS00747,2,EMP0045,Vodafone Cash,Completed,1952,1200
ORD0001900,31/08/2024,20240831,CUS02661,13,EMP0190,Debit Card,Completed,870,420
ORD0003142,31/08/2024,20240831,CUS02276,3,EMP0059,InstaPay,Completed,514,240
ORD0007000,31/08/2024,20240831,CUS02224,2,EMP0054,Vodafone Cash,Completed,16986.5,15040
ORD0007759,31/08/2024,20240831,CUS00414,3,,Cash,Completed,540,300
ORD0010890,31/08/2024,20240831,CUS00737,8,EMP0137,Vodafone Cash,Returned,976,480
ORD0006492,31/08/2024,20240831,CUS02735,1,EMP0004,Cash,Completed,26356,20610
ORD0003632,31/08/2024,20240831,CUS01162,1,EMP0006,Debit Card,Returned,2193,1120
ORD0005805,31/08/2024,20240831,CUS00657,8,EMP0143,Debit Card,Completed,4138.5,2060
ORD0007523,31/08/2024,20240831,CUS02222,12,EMP0183,Debit Card,Completed,640,280
ORD0001122,31/08/2024,20240831,CUS01290,5,EMP0106,Cash,Completed,728,520
ORD0011893,01/09/2024,20240901,CUS00171,1,EMP0023,Credit Card,Completed,1117.5,640
ORD0007826,01/09/2024,20240901,CUS02830,5,EMP0108,Debit Card,Completed,1062,560
ORD0010757,01/09/2024,20240901,CUS01268,3,EMP0069,Debit Card,Completed,593,330
ORD0004629,01/09/2024,20240901,CUS02470,13,EMP0187,InstaPay,Completed,900,440
ORD0009754,01/09/2024,20240901,CUS00187,1,EMP0006,Credit Card,Completed,792,390
ORD0009828,01/09/2024,20240901,CUS00999,1,EMP0002,Fawry,Completed,450,200
ORD0000019,02/09/2024,20240902,CUS00817,1,EMP0020,InstaPay,Completed,2346,1200
ORD0009535,02/09/2024,20240902,CUS02182,2,EMP0049,Cash,Returned,838,410
ORD0003102,02/09/2024,20240902,CUS01235,9,EMP0146,Debit Card,Completed,11843,9560
ORD0009033,02/09/2024,20240902,CUS02970,10,EMP0163,Debit Card,Completed,1804,1100
ORD0003806,02/09/2024,20240902,CUS02744,11,EMP0170,Debit Card,Completed,22946,18280
ORD0001418,02/09/2024,20240902,CUS01310,1,EMP0005,Credit Card,Completed,3644,1810
ORD0009127,02/09/2024,20240902,CUS02242,3,EMP0064,Cash,Returned,10094,8320
ORD0008706,02/09/2024,20240902,CUS02322,7,EMP0132,Debit Card,Completed,238,140
ORD0011609,02/09/2024,20240902,CUS02888,5,EMP0107,  Cash  ,Completed,160,70
ORD0004426,02/09/2024,20240902,CUS00567,3,EMP0058,  Vodafone Cash  ,Returned,10392,8800
ORD0000049,03/09/2024,20240903,CUS00366,4,EMP0092,Cash,Completed,432,230
ORD0005629,03/09/2024,20240903,CUS01776,3,EMP0075,Credit Card,Completed,510,310
ORD0011958,03/09/2024,20240903,CUS01519,11,EMP0168,Fawry,Completed,10563.5,8290
ORD0009013,03/09/2024,20240903,CUS01355,12,EMP0178,Cash,Completed,600,280
ORD0000519,03/09/2024,20240903,CUS02708,1,,Credit Card,Completed,272,150
ORD0004184,03/09/2024,20240903,CUS00833,10,EMP0154,Cash,Completed,1300,640
ORD0002760,03/09/2024,20240903,CUS02328,3,EMP0069,Vodafone Cash,Completed,2718,1400
ORD0010852,03/09/2024,20240903,CUS01958,6,EMP0126,Debit Card,Completed,1350,1200
ORD0005246,03/09/2024,20240903,CUS01984,7,EMP0133,Debit Card,Completed,929,510
ORD0007735,03/09/2024,20240903,CUS01619,3,EMP0078,Fawry,Completed,9830,8160
ORD0004246,03/09/2024,20240903,CUS02850,1,EMP0025,Fawry,Completed,468,240
ORD0004357,03/09/2024,20240903,CUS01660,15,EMP0213,Debit Card,Completed,216,110
ORD0001759,03/09/2024,20240903,CUS00250,4,EMP0085,InstaPay,Completed,4775,3840
ORD0010530,03/09/2024,20240903,CUS01078,1,EMP0005,Cash,Completed,1660,820
ORD0011740,03/09/2024,20240903,CUS01602,3,EMP0056,InstaPay,Completed,1138,620
ORD0008497,03/09/2024,20240903,CUS01960,1,EMP0025,  Vodafone Cash  ,Completed,69930,55650
ORD0004150,04/09/2024,20240904,CUS01101,6,EMP0113,  Vodafone Cash  ,Completed,232,140
ORD0005295,04/09/2024,20240904,CUS00621,10,EMP0157,  Credit Card  ,Completed,782,480
ORD0010835,04/09/2024,20240904,CUS01003,4,EMP0093,Fawry,Cancelled,195,120
ORD0004591,04/09/2024,20240904,CUS01509,2,EMP0044,Cash,Completed,2509.5,1280
ORD0010784,04/09/2024,20240904,CUS02432,3,EMP0063,Fawry,Completed,36040,32250
ORD0007967,04/09/2024,20240904,CUS00182,2,EMP0030,Vodafone Cash,Cancelled,322,220
ORD0011327,04/09/2024,20240904,CUS01307,4,EMP0081,Credit Card,Completed,126,60
ORD0010317,04/09/2024,20240904,CUS02324,2,,Debit Card,Completed,824,450
ORD0010296,04/09/2024,20240904,CUS01069,2,EMP0054,Vodafone Cash,Completed,40140,32060
ORD0008043,04/09/2024,20240904,CUS00629,13,EMP0188,InstaPay,Returned,766.5,460
ORD0009505,04/09/2024,20240904,CUS02369,3,EMP0070,Cash,Completed,150,70
ORD0010572,04/09/2024,20240904,CUS01848,1,EMP0005,Debit Card,Returned,747.5,430
ORD0004653,04/09/2024,20240904,CUS01654,1,EMP0016,Cash,Completed,136,80
ORD0005577,04/09/2024,20240904,CUS02114,8,EMP0142,Cash,Completed,576.5,270
ORD0011142,04/09/2024,20240904,CUS02775,8,EMP0144,Credit Card,Completed,324,180
ORD0006794,05/09/2024,20240905,CUS02401,2,EMP0044,Credit Card,Completed,171,80
ORD0000342,05/09/2024,20240905,CUS02060,6,EMP0116,Cash,Completed,967,480
ORD0009703,05/09/2024,20240905,CUS02197,10,EMP0158,  Cash  ,Completed,800,490
ORD0005420,05/09/2024,20240905,CUS00776,2,EMP0054,Fawry,Completed,1692,1000
ORD0003897,05/09/2024,20240905,CUS01871,11,EMP0168,Cash,Completed,504,310
ORD0004560,05/09/2024,20240905,CUS01403,11,EMP0172,Vodafone Cash,Completed,147,100
ORD0002816,05/09/2024,20240905,CUS02630,1,EMP0003,Vodafone Cash,Completed,16020,14200
ORD0003641,05/09/2024,20240905,CUS00868,10,EMP0156,Debit Card,Completed,1600,1400
ORD0006607,05/09/2024,20240905,CUS02836,11,EMP0169,Credit Card,Completed,570,280
ORD0006549,05/09/2024,20240905,CUS00711,4,EMP0094,Debit Card,Completed,1352,700
ORD0004742,05/09/2024,20240905,CUS00621,2,EMP0054,Cash,Completed,3508.5,2510
ORD0009876,05/09/2024,20240905,CUS02045,4,EMP0087,InstaPay,Completed,874,420
ORD0000363,06/09/2024,20240906,CUS01625,8,EMP0141,Vodafone Cash,Completed,26603,21050
ORD0007094,06/09/2024,20240906,CUS02634,12,EMP0183,Credit Card,Completed,1431,760
ORD0008205,06/09/2024,20240906,CUS01534,13,,  Vodafone Cash  ,Completed,1020,530
ORD0004521,06/09/2024,20240906,CUS00770,3,EMP0056,  Debit Card  ,Completed,1752,1080
ORD0010603,06/09/2024,20240906,CUS02428,4,EMP0084,  Cash  ,Completed,1768.5,900
ORD0011630,06/09/2024,20240906,CUS01252,1,EMP0013,Vodafone Cash,Completed,360,170
ORD0001416,06/09/2024,20240906,CUS00726,5,EMP0105,Credit Card,Completed,423,200
ORD0007883,06/09/2024,20240906,CUS02588,4,EMP0079,InstaPay,Completed,6275,5130
ORD0002312,06/09/2024,20240906,CUS02072,6,EMP0120,Cash,Completed,1280.5,630
ORD0004090,06/09/2024,20240906,CUS00512,1,EMP0009,Credit Card,Completed,9166,7240
ORD0011328,06/09/2024,20240906,CUS00782,3,EMP0060,Cash,Completed,152,90
ORD0000169,06/09/2024,20240906,CUS00587,10,EMP0156,InstaPay,Completed,1815,960
ORD0003730,06/09/2024,20240906,CUS02667,11,EMP0165,Vodafone Cash,Completed,1609,800
ORD0004336,06/09/2024,20240906,CUS01527,2,EMP0038,InstaPay,Completed,315,170
ORD0000727,06/09/2024,20240906,CUS01800,1,EMP0010,Credit Card,Completed,1750,910
ORD0001080,06/09/2024,20240906,CUS01640,2,EMP0031,InstaPay,Completed,1098,590
ORD0005595,06/09/2024,20240906,CUS00126,9,EMP0150,Credit Card,Completed,2080,1000
ORD0010061,07/09/2024,20240907,CUS01040,11,EMP0168,Cash,Cancelled,1824,920
ORD0000465,07/09/2024,20240907,CUS01116,2,EMP0038,Debit Card,Completed,1070,510
ORD0011207,07/09/2024,20240907,CUS02349,4,EMP0086,  InstaPay  ,Completed,242,120
ORD0010392,07/09/2024,20240907,CUS00344,3,EMP0071,Cash,Completed,85.5,40
ORD0008690,07/09/2024,20240907,CUS01428,7,EMP0133,Fawry,Cancelled,3309,1850
ORD0009396,08/09/2024,20240908,CUS00749,3,EMP0069,Credit Card,Completed,240,110
ORD0003148,08/09/2024,20240908,CUS00788,5,EMP0099,Credit Card,Cancelled,15000,12000
ORD0008042,08/09/2024,20240908,CUS02301,8,EMP0138,Cash,Completed,314.5,180
ORD0003505,08/09/2024,20240908,CUS00738,1,EMP0009,Cash,Completed,570,280
ORD0001262,08/09/2024,20240908,CUS02730,12,EMP0181,Cash,Completed,26997,27690
ORD0009342,09/09/2024,20240909,CUS00426,3,EMP0056,  Vodafone Cash  ,Completed,1062,550
ORD0004615,09/09/2024,20240909,CUS00199,2,EMP0038,Cash,Completed,4500,4000
ORD0002077,09/09/2024,20240909,CUS02039,6,EMP0122,Vodafone Cash,Completed,2150,1050
ORD0002652,09/09/2024,20240909,CUS01617,8,,Vodafone Cash,Completed,417,250
ORD0010077,09/09/2024,20240909,CUS00458,11,EMP0167,  InstaPay  ,Completed,3534,1730
ORD0006511,09/09/2024,20240909,CUS02586,5,EMP0105,  InstaPay  ,Completed,514.5,290
ORD0004053,09/09/2024,20240909,CUS02385,13,EMP0192,Credit Card,Completed,11172,9120
ORD0008168,09/09/2024,20240909,CUS00519,2,EMP0040,  Vodafone Cash  ,Completed,2485,1350
ORD0000319,09/09/2024,20240909,CUS01641,11,EMP0173,Cash,Completed,1780,910
ORD0000308,09/09/2024,20240909,CUS02992,1,EMP0021,InstaPay,Cancelled,31800,25400
ORD0005039,09/09/2024,20240909,CUS01244,3,EMP0076,Credit Card,Completed,112.5,70
ORD0003085,10/09/2024,20240910,CUS02938,2,EMP0040,Fawry,Completed,1578,810
ORD0005551,10/09/2024,20240910,CUS01854,13,EMP0188,Fawry,Completed,3816,2740
ORD0005482,10/09/2024,20240910,CUS01650,2,EMP0041,Cash,Completed,171,80
ORD0005464,10/09/2024,20240910,CUS01499,11,EMP0167,Vodafone Cash,Completed,1062,540
ORD0009386,10/09/2024,20240910,CUS02229,2,EMP0036,Debit Card,Completed,8940,8240
ORD0004218,10/09/2024,20240910,CUS00189,9,EMP0148,Cash,Returned,1246.5,740
ORD0010074,10/09/2024,20240910,CUS00411,5,EMP0112,InstaPay,Completed,576,280
ORD0001861,10/09/2024,20240910,CUS00527,7,EMP0133,Credit Card,Returned,2500,1720
ORD0001102,11/09/2024,20240911,CUS00706,4,EMP0092,Debit Card,Completed,477.5,260
ORD0005305,11/09/2024,20240911,CUS01217,1,EMP0019,Cash,Returned,420,210
ORD0002291,11/09/2024,20240911,CUS02626,3,EMP0060,Debit Card,Completed,374,210
ORD0000330,11/09/2024,20240911,CUS00156,7,EMP0131,Vodafone Cash,Completed,17700,14100
ORD0009307,11/09/2024,20240911,CUS01482,5,EMP0100,Cash,Completed,585,320
ORD0005613,11/09/2024,20240911,CUS01998,15,EMP0210,Credit Card,Completed,18528.5,15800
ORD0010137,11/09/2024,20240911,CUS02425,14,EMP0198,InstaPay,Completed,1732,890
ORD0008826,11/09/2024,20240911,CUS01762,3,EMP0074,Debit Card,Completed,22795,20690
ORD0002796,11/09/2024,20240911,CUS02566,11,EMP0173,Vodafone Cash,Completed,880,440
ORD0008269,12/09/2024,20240912,CUS00532,14,EMP0199,Debit Card,Completed,180,110
ORD0011704,12/09/2024,20240912,CUS02849,6,EMP0120,Fawry,Completed,843,460
ORD0002300,12/09/2024,20240912,CUS02457,1,EMP0009,  InstaPay  ,Completed,350,250
ORD0006220,12/09/2024,20240912,CUS00209,1,EMP0021,InstaPay,Cancelled,1864,1000
ORD0006468,12/09/2024,20240912,CUS02311,13,EMP0188,  Vodafone Cash  ,Completed,135,70
ORD0002025,12/09/2024,20240912,CUS01910,13,EMP0188,Cash,Completed,1370,670
ORD0002820,12/09/2024,20240912,CUS02566,5,EMP0100,Credit Card,Completed,620,310
ORD0009758,12/09/2024,20240912,CUS02389,12,,Vodafone Cash,Completed,990,480
ORD0002792,12/09/2024,20240912,CUS01097,7,EMP0133,Cash,Completed,2440,1220
ORD0008363,12/09/2024,20240912,CUS01888,10,EMP0155,Vodafone Cash,Completed,1437.5,760
ORD0010148,12/09/2024,20240912,CUS00708,6,EMP0120,  Cash  ,Completed,520,250
ORD0003126,12/09/2024,20240912,CUS00134,10,EMP0154,Cash,Returned,765,420
ORD0007189,12/09/2024,20240912,CUS02103,2,EMP0031,Vodafone Cash,Completed,380,180
ORD0010487,12/09/2024,20240912,CUS02236,5,EMP0098,Cash,Completed,21960,19600
ORD0008284,13/09/2024,20240913,CUS02472,1,EMP0007,Cash,Completed,27451.5,22040
ORD0000674,13/09/2024,20240913,CUS00554,1,EMP0019,  InstaPay  ,Cancelled,520,310
ORD0007476,13/09/2024,20240913,CUS02643,4,EMP0079,InstaPay,Completed,1158.5,590
ORD0000357,13/09/2024,20240913,CUS00467,8,EMP0139,Fawry,Completed,693,380
ORD0004776,13/09/2024,20240913,CUS01838,1,EMP0017,Debit Card,Completed,855,450
ORD0005697,13/09/2024,20240913,CUS00396,14,EMP0198,Cash,Completed,976,490
ORD0007946,14/09/2024,20240914,CUS01779,8,EMP0144,Credit Card,Completed,2157,1110
ORD0005119,14/09/2024,20240914,CUS01801,2,EMP0050,  Debit Card  ,Completed,10046,8610
ORD0003881,14/09/2024,20240914,CUS02362,10,EMP0157,Cash,Completed,782,400
ORD0006037,14/09/2024,20240914,CUS01053,1,EMP0009,Vodafone Cash,Completed,189,100
ORD0004196,14/09/2024,20240914,CUS00780,5,EMP0111,Cash,Returned,263.5,120
ORD0006596,14/09/2024,20240914,CUS01745,3,EMP0057,InstaPay,Completed,13200,10600
ORD0003751,14/09/2024,20240914,CUS02477,3,EMP0059,Fawry,Completed,450,210
ORD0006714,14/09/2024,20240914,CUS01578,2,EMP0054,Vodafone Cash,Cancelled,33908,29910
ORD0006950,14/09/2024,20240914,CUS02351,4,EMP0079,Cash,Completed,720,330
ORD0002112,14/09/2024,20240914,CUS00694,12,EMP0175,Cash,Completed,872,480
ORD0005557,14/09/2024,20240914,CUS00768,1,EMP0010,Cash,Completed,3468,1740
ORD0009733,14/09/2024,20240914,CUS01735,7,EMP0130,Credit Card,Completed,1046,590
ORD0010830,14/09/2024,20240914,CUS00106,4,EMP0085,Debit Card,Completed,437,220
ORD0007181,14/09/2024,20240914,CUS01171,8,EMP0142,Vodafone Cash,Completed,152,80
ORD0002460,14/09/2024,20240914,CUS00174,14,EMP0198,Vodafone Cash,Cancelled,1260,620
ORD0009233,15/09/2024,20240915,CUS00865,1,EMP0001,Fawry,Completed,2742.5,1490
ORD0004420,15/09/2024,20240915,CUS02181,9,,Debit Card,Completed,470,230
ORD0008439,15/09/2024,20240915,CUS00655,12,EMP0183,Vodafone Cash,Completed,3680,2870
ORD0002015,15/09/2024,20240915,CUS02212,2,EMP0050,Fawry,Completed,878,480
ORD0010899,15/09/2024,20240915,CUS00446,14,,  Credit Card  ,Completed,60000,48000
ORD0011541,15/09/2024,20240915,CUS00826,3,EMP0063,Vodafone Cash,Returned,288,140
ORD0007943,15/09/2024,20240915,CUS02877,3,EMP0069,Fawry,Completed,1422,870
ORD0001133,15/09/2024,20240915,CUS00840,7,EMP0128,  Debit Card  ,Completed,337.5,220
ORD0006658,15/09/2024,20240915,CUS02621,2,EMP0037,Vodafone Cash,Completed,5944,4670
ORD0006325,15/09/2024,20240915,CUS00294,2,EMP0040,Fawry,Returned,720,360
ORD0010850,15/09/2024,20240915,CUS01975,2,EMP0046,InstaPay,Completed,1096.5,630
ORD0003445,15/09/2024,20240915,CUS01873,6,EMP0122,Vodafone Cash,Returned,530,250
ORD0003319,15/09/2024,20240915,CUS00348,7,EMP0136,  Cash  ,Returned,360,200
ORD0005415,16/09/2024,20240916,CUS01659,1,EMP0013,InstaPay,Completed,1840,880
ORD0001933,16/09/2024,20240916,CUS02404,14,EMP0196,  Fawry  ,Completed,1679,820
ORD0010228,16/09/2024,20240916,CUS01384,9,EMP0150,Fawry,Completed,1320,640
ORD0002376,16/09/2024,20240916,CUS00355,11,EMP0173,Cash,Completed,480,280
ORD0010964,16/09/2024,20240916,CUS02461,1,EMP0011,Credit Card,Completed,720,350
ORD0011381,16/09/2024,20240916,CUS00042,14,EMP0203,Credit Card,Completed,10880,10300
ORD0007410,16/09/2024,20240916,CUS02156,2,EMP0044,Vodafone Cash,Completed,5100,4800
ORD0007674,17/09/2024,20240917,CUS02306,2,EMP0039,Debit Card,Returned,1435.5,910
ORD0007632,17/09/2024,20240917,CUS02176,9,EMP0149,  Fawry  ,Completed,251.5,120
ORD0003139,17/09/2024,20240917,CUS00514,7,EMP0136,InstaPay,Completed,280,140
ORD0011706,17/09/2024,20240917,CUS01570,5,EMP0110,  Cash  ,Cancelled,1842,900
ORD0006571,17/09/2024,20240917,CUS01822,4,EMP0087,Debit Card,Completed,840,400
ORD0011539,17/09/2024,20240917,CUS01256,12,EMP0176,Vodafone Cash,Completed,30738,24450
ORD0002302,17/09/2024,20240917,CUS02103,1,EMP0008,  InstaPay  ,Completed,1920,920
ORD0009822,17/09/2024,20240917,CUS01416,5,EMP0107,Debit Card,Completed,1500,850
ORD0005148,17/09/2024,20240917,CUS01506,13,EMP0189,  Fawry  ,Completed,690,340
ORD0005360,17/09/2024,20240917,CUS01963,2,EMP0047,Fawry,Completed,14729,11370
ORD0001676,17/09/2024,20240917,CUS02514,12,EMP0179,InstaPay,Completed,270,140
ORD0001481,17/09/2024,20240917,CUS00429,2,EMP0034,  Fawry  ,Completed,1752,900
ORD0000173,18/09/2024,20240918,CUS02266,2,,Fawry,Completed,1381,700
ORD0002823,18/09/2024,20240918,CUS02479,8,EMP0138,InstaPay,Completed,136,80
ORD0001064,18/09/2024,20240918,CUS01750,2,EMP0045,Cash,Completed,756,460
ORD0005783,18/09/2024,20240918,CUS01110,3,EMP0076,InstaPay,Completed,1110,540
ORD0007721,18/09/2024,20240918,CUS01966,8,EMP0139,Credit Card,Completed,33438,27020
ORD0003447,18/09/2024,20240918,CUS00252,14,EMP0203,Cash,Completed,730,350
ORD0003084,18/09/2024,20240918,CUS02695,2,EMP0048,Cash,Completed,1620,880
ORD0006729,18/09/2024,20240918,CUS01059,2,EMP0049,Credit Card,Completed,1571,810
ORD0009216,18/09/2024,20240918,CUS01640,4,,Vodafone Cash,Completed,300,140
ORD0004692,18/09/2024,20240918,CUS00372,12,EMP0181,InstaPay,Completed,2400,1260
ORD0011178,18/09/2024,20240918,CUS00874,6,EMP0123,Credit Card,Completed,26702,21120
ORD0008906,18/09/2024,20240918,CUS01339,10,EMP0162,Fawry,Completed,300,140
ORD0000676,18/09/2024,20240918,CUS00147,3,EMP0074,InstaPay,Completed,48549,45280
ORD0008703,19/09/2024,20240919,CUS01767,1,EMP0004,Vodafone Cash,Completed,2241,1230
ORD0008583,19/09/2024,20240919,CUS00110,13,EMP0189,Credit Card,Completed,16079,13220
ORD0000882,19/09/2024,20240919,CUS02230,9,EMP0146,Credit Card,Completed,1077,520
ORD0009028,19/09/2024,20240919,CUS01582,6,EMP0114,Cash,Completed,1750,840
ORD0006185,20/09/2024,20240920,CUS02370,8,EMP0141,InstaPay,Completed,340,160
ORD0001864,20/09/2024,20240920,CUS01503,3,EMP0076,Vodafone Cash,Completed,1365,700
ORD0005751,20/09/2024,20240920,CUS01414,6,EMP0120,InstaPay,Completed,634,330
ORD0008432,20/09/2024,20240920,CUS01591,7,EMP0133,Credit Card,Returned,16783,16200
ORD0011716,20/09/2024,20240920,CUS01982,1,EMP0011,Fawry,Completed,1230,580
ORD0002012,20/09/2024,20240920,CUS02907,8,,Fawry,Completed,760,360
ORD0004698,20/09/2024,20240920,CUS00741,8,EMP0143,  Cash  ,Completed,11109,9450
ORD0007780,20/09/2024,20240920,CUS02375,2,EMP0030,Debit Card,Completed,792,420
ORD0011153,21/09/2024,20240921,CUS00477,4,EMP0091,Fawry,Completed,2086.5,1210
ORD0006383,21/09/2024,20240921,CUS01946,6,EMP0116,Vodafone Cash,Completed,210,100
ORD0000922,21/09/2024,20240921,CUS01514,4,EMP0082,Vodafone Cash,Completed,1220,820
ORD0008835,21/09/2024,20240921,CUS00469,5,EMP0108,Fawry,Completed,8466,7410
ORD0011089,21/09/2024,20240921,CUS00896,1,EMP0027,InstaPay,Returned,11326.5,8730
ORD0009866,21/09/2024,20240921,CUS01456,10,EMP0160,Fawry,Completed,246.5,140
ORD0002373,21/09/2024,20240921,CUS02787,4,EMP0094,Vodafone Cash,Completed,150,70
ORD0001214,21/09/2024,20240921,CUS02287,2,EMP0037,Debit Card,Returned,1380,670
ORD0001129,21/09/2024,20240921,CUS01524,3,EMP0055,  Fawry  ,Completed,552,330
ORD0010659,22/09/2024,20240922,CUS02732,2,EMP0041,Cash,Returned,1372,700
ORD0005289,22/09/2024,20240922,CUS02391,1,EMP0020,  Cash  ,Returned,14700,11800
ORD0010624,22/09/2024,20240922,CUS01817,6,EMP0113,Credit Card,Completed,252,140
ORD0003500,22/09/2024,20240922,CUS00718,10,EMP0158,Credit Card,Completed,332,180
ORD0006827,22/09/2024,20240922,CUS00522,5,EMP0095,Vodafone Cash,Completed,1904,940
ORD0000418,22/09/2024,20240922,CUS02803,7,EMP0129,Fawry,Completed,246.5,140
ORD0001999,22/09/2024,20240922,CUS01635,11,EMP0165,Fawry,Completed,449,230
ORD0007599,22/09/2024,20240922,CUS00735,1,EMP0011,Credit Card,Completed,994,530
ORD0003870,22/09/2024,20240922,CUS00515,14,EMP0194,  Cash  ,Completed,1266.5,630
ORD0009310,22/09/2024,20240922,CUS02273,9,EMP0149,Vodafone Cash,Completed,14228.5,11820
ORD0003239,22/09/2024,20240922,CUS01218,12,EMP0177,Fawry,Completed,967.5,520
ORD0009381,22/09/2024,20240922,CUS00743,3,EMP0060,Vodafone Cash,Completed,480,230
ORD0003310,22/09/2024,20240922,CUS01410,11,EMP0164,Debit Card,Completed,665,350
ORD0008045,22/09/2024,20240922,CUS01879,3,,Fawry,Completed,1008,620
ORD0007397,22/09/2024,20240922,CUS01803,5,EMP0104,Cash,Completed,1140,580
ORD0006617,22/09/2024,20240922,CUS02406,8,EMP0140,Vodafone Cash,Completed,610,290
ORD0002574,22/09/2024,20240922,CUS01656,7,EMP0131,InstaPay,Cancelled,10100,8100
ORD0000211,23/09/2024,20240923,CUS01254,2,EMP0047,  Credit Card  ,Completed,840,420
ORD0004176,23/09/2024,20240923,CUS02502,5,EMP0095,  InstaPay  ,Completed,90,40
ORD0008652,23/09/2024,20240923,CUS02373,6,EMP0117,Vodafone Cash,Completed,1513,1160
ORD0004046,23/09/2024,20240923,CUS01224,3,EMP0068,Vodafone Cash,Completed,12070.5,11070
ORD0011191,23/09/2024,20240923,CUS00373,4,EMP0091,  Credit Card  ,Completed,976,520
ORD0004432,23/09/2024,20240923,CUS02617,4,EMP0087,Credit Card,Completed,260,120
ORD0008231,23/09/2024,20240923,CUS02352,11,EMP0172,  Fawry  ,Completed,939,520
ORD0004536,23/09/2024,20240923,CUS00053,8,EMP0143,Debit Card,Completed,779,420
ORD0009760,23/09/2024,20240923,CUS02864,3,EMP0061,Cash,Returned,28377.5,23840
ORD0007210,23/09/2024,20240923,CUS00376,7,,  Vodafone Cash  ,Completed,218.5,110
ORD0009607,23/09/2024,20240923,CUS01695,6,EMP0117,  Debit Card  ,Completed,2365.5,1230
ORD0001642,24/09/2024,20240924,CUS02675,3,EMP0061,  Vodafone Cash  ,Completed,308,180
ORD0011349,24/09/2024,20240924,CUS00823,2,EMP0041,Vodafone Cash,Completed,637.5,420
ORD0009836,24/09/2024,20240924,CUS02571,7,EMP0133,Vodafone Cash,Completed,2157.5,1150
ORD0006095,24/09/2024,20240924,CUS02120,5,EMP0107,Debit Card,Completed,12100,9520
ORD0010580,24/09/2024,20240924,CUS00593,7,EMP0136,Debit Card,Completed,708,360
ORD0000210,24/09/2024,20240924,CUS01604,6,,Cash,Completed,127.5,70
ORD0000907,24/09/2024,20240924,CUS01440,5,EMP0100,Cash,Completed,842,460
ORD0006755,24/09/2024,20240924,CUS01592,2,EMP0042,Fawry,Completed,6853,6020
ORD0004995,24/09/2024,20240924,CUS02439,1,EMP0015,Credit Card,Completed,1868,1000
ORD0001244,24/09/2024,20240924,CUS01472,4,EMP0083,Fawry,Completed,127.5,70
ORD0009360,24/09/2024,20240924,CUS02515,4,EMP0084,Fawry,Completed,27116,21380
ORD0006458,24/09/2024,20240924,CUS00396,12,EMP0182,Cash,Completed,21441,21340
ORD0002771,24/09/2024,20240924,CUS00449,7,,Cash,Completed,1266,610
ORD0006133,24/09/2024,20240924,CUS00622,5,EMP0109,Debit Card,Completed,607.5,290
ORD0000055,24/09/2024,20240924,CUS00808,7,EMP0134,  Fawry  ,Completed,2302,1220
ORD0009728,24/09/2024,20240924,CUS00759,11,EMP0173,Credit Card,Completed,3933.5,2010
ORD0011428,24/09/2024,20240924,CUS00267,1,EMP0020,Cash,Completed,1010,480
ORD0011130,24/09/2024,20240924,CUS00467,3,EMP0072,Credit Card,Returned,22820,21180
ORD0010826,24/09/2024,20240924,CUS02135,2,,Fawry,Completed,1952.5,1020
ORD0009261,24/09/2024,20240924,CUS01726,15,EMP0209,Vodafone Cash,Completed,819,430
ORD0003436,24/09/2024,20240924,CUS00507,6,EMP0126,InstaPay,Completed,10240,10300
ORD0010821,24/09/2024,20240924,CUS02580,2,EMP0040,Cash,Completed,120,70
ORD0011517,24/09/2024,20240924,CUS02260,5,EMP0111,Fawry,Completed,1240,630
ORD0004345,25/09/2024,20240925,CUS00173,5,EMP0098,Credit Card,Completed,216,110
ORD0004328,25/09/2024,20240925,CUS02866,9,EMP0149,  InstaPay  ,Completed,306,170
ORD0007253,25/09/2024,20240925,CUS01371,1,EMP0005,  Debit Card  ,Completed,1620,810
ORD0011918,25/09/2024,20240925,CUS02096,3,EMP0069,Fawry,Completed,19741,16400
ORD0000226,25/09/2024,20240925,CUS02080,12,EMP0184,  Vodafone Cash  ,Completed,14384,14280
ORD0005543,25/09/2024,20240925,CUS00552,11,EMP0166,Cash,Completed,13050,11290
ORD0008624,25/09/2024,20240925,CUS00998,1,EMP0010,  InstaPay  ,Completed,776,380
ORD0005068,25/09/2024,20240925,CUS00816,3,EMP0064,Fawry,Completed,718,410
ORD0001953,25/09/2024,20240925,CUS00354,4,EMP0082,Cash,Completed,130,60
ORD0010538,25/09/2024,20240925,CUS02881,11,EMP0170,Debit Card,Completed,1471,760
ORD0000685,25/09/2024,20240925,CUS00904,8,EMP0137,Vodafone Cash,Completed,288,140
ORD0004393,25/09/2024,20240925,CUS00266,11,EMP0166,Debit Card,Cancelled,1609,950
ORD0001296,25/09/2024,20240925,CUS02864,3,EMP0058,Debit Card,Completed,240,120
ORD0004384,26/09/2024,20240926,CUS00419,6,EMP0119,Credit Card,Completed,900,600
ORD0003761,26/09/2024,20240926,CUS00432,3,EMP0071,Credit Card,Completed,1528,780
ORD0010558,26/09/2024,20240926,CUS01517,10,EMP0159,Vodafone Cash,Completed,1600,1600
ORD0001633,26/09/2024,20240926,CUS00968,11,EMP0168,Cash,Returned,2235,1240
ORD0001698,26/09/2024,20240926,CUS01002,5,EMP0110,InstaPay,Returned,2340,1140
ORD0001187,26/09/2024,20240926,CUS00396,1,EMP0018,Debit Card,Completed,243,130
ORD0001193,26/09/2024,20240926,CUS01674,5,EMP0097,InstaPay,Cancelled,460,230
ORD0010943,26/09/2024,20240926,CUS01728,1,EMP0009,Debit Card,Completed,5000,4000
ORD0008403,26/09/2024,20240926,CUS02090,12,EMP0180,Vodafone Cash,Cancelled,3100,1580
ORD0006931,26/09/2024,20240926,CUS01242,11,EMP0170,Vodafone Cash,Completed,3060,1610
ORD0000096,26/09/2024,20240926,CUS02677,7,EMP0136,InstaPay,Returned,200,80
ORD0002204,26/09/2024,20240926,CUS02640,9,EMP0146,Debit Card,Completed,2440,1260
ORD0000830,26/09/2024,20240926,CUS02539,2,EMP0043,Cash,Completed,933,500
ORD0011757,26/09/2024,20240926,CUS01548,5,EMP0096,  Debit Card  ,Completed,1395,730
ORD0011547,26/09/2024,20240926,CUS00169,5,EMP0107,Vodafone Cash,Completed,70354,56570
ORD0002645,26/09/2024,20240926,CUS01534,6,EMP0123,Fawry,Completed,799,450
ORD0008803,26/09/2024,20240926,CUS00091,3,EMP0066,Credit Card,Completed,2072,1720
ORD0010654,26/09/2024,20240926,CUS02047,6,EMP0120,Vodafone Cash,Completed,24234,20270
ORD0011834,26/09/2024,20240926,CUS01305,4,EMP0090,Fawry,Returned,3582.5,1810
ORD0001959,26/09/2024,20240926,CUS02827,2,EMP0047,Debit Card,Completed,1645,860
ORD0008189,26/09/2024,20240926,CUS02711,3,EMP0060,Debit Card,Completed,360,180
ORD0007286,27/09/2024,20240927,CUS01293,1,EMP0015,Debit Card,Completed,848.5,430
ORD0010496,27/09/2024,20240927,CUS00321,3,EMP0061,Fawry,Cancelled,561,280
ORD0002359,27/09/2024,20240927,CUS01387,12,EMP0181,Vodafone Cash,Completed,147,100
ORD0010557,27/09/2024,20240927,CUS02340,2,EMP0036,Debit Card,Completed,192,120
ORD0001466,27/09/2024,20240927,CUS00153,4,EMP0088,  InstaPay  ,Completed,1078.5,520
ORD0003379,27/09/2024,20240927,CUS01905,14,EMP0199,  Debit Card  ,Completed,600,280
ORD0001767,27/09/2024,20240927,CUS01876,12,EMP0175,Vodafone Cash,Completed,382.5,220
ORD0000185,27/09/2024,20240927,CUS01042,5,,Vodafone Cash,Cancelled,1110,550
ORD0002934,27/09/2024,20240927,CUS00175,15,EMP0214,InstaPay,Completed,3766,2600
ORD0011812,27/09/2024,20240927,CUS02912,5,EMP0105,Debit Card,Completed,1388,700
ORD0009141,28/09/2024,20240928,CUS01894,6,,Debit Card,Cancelled,704,350
ORD0002539,28/09/2024,20240928,CUS02705,5,EMP0105,Credit Card,Completed,24466,20480
ORD0011188,28/09/2024,20240928,CUS00606,14,EMP0200,Debit Card,Completed,10900,8700
ORD0002063,28/09/2024,20240928,CUS02539,5,EMP0099,Fawry,Completed,1360,680
ORD0001902,28/09/2024,20240928,CUS00813,5,EMP0110,Credit Card,Completed,1540,770
ORD0001835,28/09/2024,20240928,CUS00565,5,EMP0106,Fawry,Completed,630,300
ORD0002161,28/09/2024,20240928,CUS00974,6,EMP0126,Debit Card,Completed,385,210
ORD0000608,29/09/2024,20240929,CUS00835,3,,Vodafone Cash,Completed,324,160
ORD0008287,29/09/2024,20240929,CUS02885,14,EMP0195,Debit Card,Completed,784.5,380
ORD0005129,29/09/2024,20240929,CUS01007,12,EMP0179,Credit Card,Cancelled,133,70
ORD0008364,29/09/2024,20240929,CUS02962,3,EMP0068,Fawry,Completed,1734,910
ORD0002086,29/09/2024,20240929,CUS02114,5,EMP0107,  Cash  ,Completed,263,130
ORD0005096,29/09/2024,20240929,CUS01195,13,EMP0185,Cash,Completed,2504,1310
ORD0010376,29/09/2024,20240929,CUS02561,6,EMP0117,InstaPay,Completed,1130.5,580
ORD0006947,29/09/2024,20240929,CUS00995,3,EMP0074,Vodafone Cash,Completed,1045,530
ORD0009373,29/09/2024,20240929,CUS00142,3,EMP0064,  Debit Card  ,Completed,612,340
ORD0006699,29/09/2024,20240929,CUS02992,5,EMP0099,Vodafone Cash,Completed,1716,900
ORD0003579,29/09/2024,20240929,CUS00255,3,EMP0073,Debit Card,Completed,123.5,60
ORD0006057,29/09/2024,20240929,CUS01009,12,EMP0178,  Vodafone Cash  ,Returned,13080,10760
ORD0005144,29/09/2024,20240929,CUS01853,3,EMP0070,Debit Card,Completed,178.5,100
ORD0005306,29/09/2024,20240929,CUS01977,2,EMP0030,Debit Card,Completed,430,210
ORD0011729,29/09/2024,20240929,CUS02329,14,EMP0197,Vodafone Cash,Completed,2724,2060
ORD0011728,29/09/2024,20240929,CUS02032,5,EMP0108,Fawry,Cancelled,270,130
ORD0002031,29/09/2024,20240929,CUS02387,3,EMP0056,Cash,Returned,1150,570
ORD0006048,29/09/2024,20240929,CUS02835,6,EMP0124,Fawry,Completed,1670,830
ORD0002662,29/09/2024,20240929,CUS00274,1,EMP0026,Debit Card,Completed,140,90
ORD0005165,30/09/2024,20240930,CUS01398,3,EMP0073,Vodafone Cash,Completed,2725,2170
ORD0000422,30/09/2024,20240930,CUS00270,6,EMP0113,Fawry,Completed,800,390
ORD0007238,30/09/2024,20240930,CUS02417,3,EMP0073,InstaPay,Completed,14114,9730
ORD0001528,30/09/2024,20240930,CUS01289,13,EMP0193,InstaPay,Completed,5400,4800
ORD0008426,30/09/2024,20240930,CUS00937,3,EMP0059,Debit Card,Completed,306,150
ORD0008999,30/09/2024,20240930,CUS00042,14,EMP0198,Debit Card,Returned,729,390
ORD0005040,30/09/2024,20240930,CUS01075,15,EMP0213,Fawry,Returned,437,220
ORD0001471,30/09/2024,20240930,CUS00901,13,EMP0186,Fawry,Completed,1596.5,800
ORD0002490,30/09/2024,20240930,CUS01291,13,EMP0189,  Credit Card  ,Completed,3040,1470
ORD0001894,30/09/2024,20240930,CUS01560,2,EMP0043,  Debit Card  ,Completed,1194,610
ORD0006956,30/09/2024,20240930,CUS01858,3,EMP0059,  Fawry  ,Completed,810,370
ORD0000590,01/10/2024,20241001,CUS02727,2,EMP0036,Credit Card,Completed,44935.5,44680
ORD0009430,01/10/2024,20241001,CUS01136,7,EMP0133,  Credit Card  ,Completed,20710,17400
ORD0007330,01/10/2024,20241001,CUS02003,12,EMP0179,InstaPay,Completed,4040,1960
ORD0010149,01/10/2024,20241001,CUS01803,9,,InstaPay,Completed,1209,650
ORD0005635,01/10/2024,20241001,CUS02086,3,EMP0065,Credit Card,Completed,282,140
ORD0000616,01/10/2024,20241001,CUS02909,1,EMP0008,  InstaPay  ,Completed,8365,6990
ORD0008570,01/10/2024,20241001,CUS01191,10,EMP0157,Fawry,Completed,7501.5,5730
ORD0006900,01/10/2024,20241001,CUS00816,1,EMP0013,Fawry,Completed,720,340
ORD0009995,01/10/2024,20241001,CUS00092,3,EMP0066,Vodafone Cash,Returned,456,240
ORD0004323,02/10/2024,20241002,CUS02842,5,EMP0095,Vodafone Cash,Completed,535,300
ORD0000371,02/10/2024,20241002,CUS00762,2,EMP0044,Fawry,Completed,1368,820
ORD0005606,02/10/2024,20241002,CUS01084,4,EMP0083,  Debit Card  ,Completed,6832,5590
ORD0007977,02/10/2024,20241002,CUS01792,14,EMP0196,Credit Card,Completed,1260,620
ORD0008022,02/10/2024,20241002,CUS01024,1,EMP0025,Credit Card,Completed,67.5,40
ORD0009551,02/10/2024,20241002,CUS02329,5,EMP0108,Cash,Completed,300,140
ORD0008941,02/10/2024,20241002,CUS02791,1,EMP0027,Debit Card,Completed,144,70
ORD0011169,02/10/2024,20241002,CUS00924,2,EMP0044,  Fawry  ,Completed,1112,530
ORD0009045,02/10/2024,20241002,CUS01979,9,EMP0147,  InstaPay  ,Completed,184,110
ORD0011990,03/10/2024,20241003,CUS00438,12,EMP0184,InstaPay,Completed,13725,11760
ORD0007660,03/10/2024,20241003,CUS02750,6,EMP0118,InstaPay,Completed,3202,1690
ORD0007148,03/10/2024,20241003,CUS00747,5,EMP0100,Fawry,Completed,1360,640
ORD0008406,03/10/2024,20241003,CUS00680,6,EMP0113,Credit Card,Completed,142.5,90
ORD0006821,03/10/2024,20241003,CUS02290,7,EMP0128,Debit Card,Completed,17257.5,15090
ORD0007913,03/10/2024,20241003,CUS02731,2,EMP0035,Credit Card,Completed,693,380
ORD0007629,03/10/2024,20241003,CUS01072,2,EMP0051,Fawry,Completed,1350.5,750
ORD0004508,03/10/2024,20241003,CUS01806,3,EMP0066,InstaPay,Cancelled,81,40
ORD0001732,03/10/2024,20241003,CUS00392,1,EMP0007,InstaPay,Returned,520,260
ORD0008237,03/10/2024,20241003,CUS01014,5,EMP0102,Credit Card,Completed,1595.5,820
ORD0005718,04/10/2024,20241004,CUS02486,8,EMP0144,InstaPay,Completed,365.5,210
ORD0002301,04/10/2024,20241004,CUS02828,10,EMP0158,Vodafone Cash,Completed,144,70
ORD0002811,04/10/2024,20241004,CUS02672,2,EMP0035,  Debit Card  ,Completed,1500,720
ORD0005378,04/10/2024,20241004,CUS01445,2,EMP0045,  Debit Card  ,Completed,648,320
ORD0004125,04/10/2024,20241004,CUS00766,4,EMP0087,Vodafone Cash,Completed,2537,1540
ORD0001899,04/10/2024,20241004,CUS02355,1,EMP0025,Vodafone Cash,Completed,594,320
ORD0000237,04/10/2024,20241004,CUS02297,2,EMP0043,Cash,Completed,1635,770
ORD0006425,04/10/2024,20241004,CUS01144,14,EMP0195,Credit Card,Completed,1708.5,940
ORD0006819,05/10/2024,20241005,CUS00898,3,EMP0077,  Fawry  ,Completed,24475,18840
ORD0006752,05/10/2024,20241005,CUS01304,1,EMP0007,Credit Card,Completed,1263,610
ORD0010234,05/10/2024,20241005,CUS02464,1,EMP0002,Cash,Completed,136,70
ORD0007570,05/10/2024,20241005,CUS01975,6,EMP0120,InstaPay,Completed,849,500
ORD0009877,05/10/2024,20241005,CUS01076,6,EMP0114,Credit Card,Completed,1647,900
ORD0003998,05/10/2024,20241005,CUS01601,13,EMP0192,Cash,Completed,1055,570
ORD0005586,06/10/2024,20241006,CUS01011,4,EMP0084,  InstaPay  ,Completed,150,70
ORD0000623,06/10/2024,20241006,CUS01404,2,EMP0054,Credit Card,Completed,922,510
ORD0010007,06/10/2024,20241006,CUS01620,15,EMP0211,Fawry,Completed,2736,1400
ORD0011085,06/10/2024,20241006,CUS02185,2,,Cash,Completed,19100,15150
ORD0008804,06/10/2024,20241006,CUS01272,15,EMP0207,Credit Card,Completed,486,260
ORD0011604,06/10/2024,20241006,CUS00002,3,EMP0056,InstaPay,Completed,989,700
ORD0005375,06/10/2024,20241006,CUS00907,6,EMP0121,Fawry,Completed,2406.5,1640
ORD0007368,06/10/2024,20241006,CUS00713,3,EMP0060,Cash,Completed,6076,4940
ORD0006914,06/10/2024,20241006,CUS01233,6,EMP0118,Cash,Completed,272,160
ORD0002704,06/10/2024,20241006,CUS01790,2,EMP0048,Credit Card,Returned,144,80
ORD0001403,06/10/2024,20241006,CUS01538,2,EMP0042,  InstaPay  ,Returned,504,280
ORD0010592,06/10/2024,20241006,CUS02073,4,,Fawry,Completed,315,200
ORD0010685,06/10/2024,20241006,CUS02471,10,EMP0158,InstaPay,Completed,799,400
ORD0000070,06/10/2024,20241006,CUS00295,8,EMP0141,  Credit Card  ,Completed,221,130
ORD0001134,06/10/2024,20241006,CUS01818,7,EMP0127,Vodafone Cash,Completed,549,300
ORD0011731,06/10/2024,20241006,CUS02941,14,EMP0195,Credit Card,Completed,14608,11500
ORD0008268,06/10/2024,20241006,CUS02006,2,EMP0033,Cash,Completed,660,350
ORD0002805,06/10/2024,20241006,CUS02140,3,EMP0058,Credit Card,Completed,2953,1560
ORD0009217,07/10/2024,20241007,CUS01978,5,,  Debit Card  ,Completed,473,230
ORD0009887,07/10/2024,20241007,CUS00198,3,EMP0062,Debit Card,Completed,19405,16030
ORD0000769,07/10/2024,20241007,CUS02115,2,EMP0050,Fawry,Completed,474.5,250
ORD0006470,07/10/2024,20241007,CUS01934,3,,Debit Card,Completed,324,160
ORD0009118,07/10/2024,20241007,CUS01296,11,EMP0166,Credit Card,Completed,29070,24300
ORD0006257,07/10/2024,20241007,CUS02189,2,EMP0041,InstaPay,Completed,68,40
ORD0010622,07/10/2024,20241007,CUS01854,3,EMP0065,Cash,Cancelled,3046,1500
ORD0004119,07/10/2024,20241007,CUS01430,8,EMP0143,Debit Card,Completed,458,260
ORD0008743,07/10/2024,20241007,CUS02508,3,EMP0059,InstaPay,Completed,1076,530
ORD0005458,07/10/2024,20241007,CUS02897,3,EMP0057,Vodafone Cash,Returned,693,380
ORD0004283,07/10/2024,20241007,CUS02146,2,EMP0040,Credit Card,Completed,812.5,380
ORD0005753,07/10/2024,20241007,CUS00216,2,EMP0035,Credit Card,Completed,780,360
ORD0000334,08/10/2024,20241008,CUS00786,2,,Debit Card,Completed,2516,1640
ORD0005701,08/10/2024,20241008,CUS02270,13,EMP0190,Fawry,Completed,450,250
ORD0009590,08/10/2024,20241008,CUS01733,9,EMP0146,Cash,Completed,801,460
ORD0004788,08/10/2024,20241008,CUS00538,13,EMP0192,Credit Card,Completed,2255,1170
ORD0000253,08/10/2024,20241008,CUS00385,6,EMP0120,  InstaPay  ,Completed,851,390
ORD0010129,08/10/2024,20241008,CUS01002,8,,Vodafone Cash,Completed,1290,650
ORD0010565,08/10/2024,20241008,CUS02704,4,,Cash,Completed,1960.5,1060
ORD0004156,08/10/2024,20241008,CUS00822,11,EMP0172,  Cash  ,Completed,2158,1060
ORD0008399,08/10/2024,20241008,CUS01408,3,EMP0063,InstaPay,Completed,490,240
ORD0009994,08/10/2024,20241008,CUS02530,1,EMP0022,InstaPay,Completed,10800,8300
ORD0011058,08/10/2024,20241008,CUS00963,11,EMP0173,Cash,Completed,255,140
ORD0000297,08/10/2024,20241008,CUS00791,7,EMP0132,  Vodafone Cash  ,Completed,2370,1200
ORD0003313,08/10/2024,20241008,CUS02872,7,EMP0134,Vodafone Cash,Returned,459.5,230
ORD0004639,08/10/2024,20241008,CUS02160,1,EMP0026,Cash,Completed,18150,14320
ORD0011871,08/10/2024,20241008,CUS01689,2,EMP0030,Credit Card,Completed,378,210
ORD0005312,08/10/2024,20241008,CUS00538,3,EMP0068,Credit Card,Completed,30220,29840
ORD0003017,09/10/2024,20241009,CUS02979,1,EMP0023,Debit Card,Completed,256,160
ORD0010917,09/10/2024,20241009,CUS02722,11,EMP0172,InstaPay,Completed,3260,2220
ORD0003373,09/10/2024,20241009,CUS02620,14,EMP0198,Vodafone Cash,Completed,1330,700
ORD0002019,09/10/2024,20241009,CUS01494,6,EMP0114,Cash,Completed,1482,760
ORD0005526,09/10/2024,20241009,CUS02950,1,EMP0008,Debit Card,Completed,2004,1000
ORD0003307,09/10/2024,20241009,CUS00778,3,EMP0077,Credit Card,Completed,1176,720
ORD0001561,09/10/2024,20241009,CUS00623,9,EMP0145,  Debit Card  ,Completed,441,240
ORD0003010,09/10/2024,20241009,CUS00222,2,EMP0033,Debit Card,Completed,1834,980
ORD0010842,09/10/2024,20241009,CUS02098,5,EMP0104,  Credit Card  ,Completed,72,40
ORD0006849,09/10/2024,20241009,CUS02404,6,EMP0115,InstaPay,Completed,340,170
ORD0001128,10/10/2024,20241010,CUS00905,14,EMP0197,Cash,Completed,150,70
ORD0006855,10/10/2024,20241010,CUS00928,12,EMP0178,Debit Card,Completed,3871.5,2200
ORD0000924,10/10/2024,20241010,CUS02090,2,EMP0040,Credit Card,Completed,9160,8070
ORD0001338,10/10/2024,20241010,CUS02848,13,EMP0193,  Credit Card  ,Completed,90,40
ORD0000581,10/10/2024,20241010,CUS01617,5,EMP0102,Fawry,Completed,10402.5,8470
ORD0010563,10/10/2024,20241010,CUS01452,6,EMP0122,Vodafone Cash,Completed,327,170
ORD0004481,10/10/2024,20241010,CUS00137,3,EMP0064,Credit Card,Completed,1020,500
ORD0010537,11/10/2024,20241011,CUS00653,3,EMP0075,Fawry,Completed,1838,1050
ORD0000130,11/10/2024,20241011,CUS01591,11,EMP0166,  InstaPay  ,Completed,821,480
ORD0002352,11/10/2024,20241011,CUS02818,15,EMP0207,  InstaPay  ,Completed,314,180
ORD0002541,11/10/2024,20241011,CUS02843,1,EMP0020,InstaPay,Completed,1946,990
ORD0006071,11/10/2024,20241011,CUS00030,12,EMP0183,InstaPay,Completed,430,210
ORD0004792,11/10/2024,20241011,CUS00200,2,EMP0054,Cash,Completed,715,370
ORD0002879,11/10/2024,20241011,CUS00709,4,EMP0087,Fawry,Completed,352,190
ORD0005508,11/10/2024,20241011,CUS00611,6,EMP0115,Credit Card,Completed,934,510
ORD0000087,11/10/2024,20241011,CUS00125,4,EMP0085,  Fawry  ,Cancelled,951,500
ORD0001411,12/10/2024,20241012,CUS00304,1,EMP0026,InstaPay,Completed,450,220
ORD0008642,12/10/2024,20241012,CUS02232,11,EMP0172,Cash,Returned,432,240
ORD0011199,12/10/2024,20241012,CUS01222,9,EMP0148,Debit Card,Returned,608,300
ORD0007234,12/10/2024,20241012,CUS02923,4,EMP0084,  Vodafone Cash  ,Completed,1406,650
ORD0001353,12/10/2024,20241012,CUS02191,4,EMP0087,Cash,Completed,133,70
ORD0005065,12/10/2024,20241012,CUS02063,14,EMP0198,InstaPay,Completed,735.5,380
ORD0008397,12/10/2024,20241012,CUS01044,10,EMP0158,Vodafone Cash,Completed,9399,8490
ORD0003737,12/10/2024,20241012,CUS00157,14,EMP0194,Cash,Completed,19572,16750
ORD0000526,12/10/2024,20241012,CUS01535,2,EMP0051,Credit Card,Completed,315,210
ORD0002979,12/10/2024,20241012,CUS01884,5,EMP0110,Fawry,Completed,2350,2080
ORD0005478,12/10/2024,20241012,CUS01622,7,EMP0130,  Fawry  ,Completed,2248.5,1210
ORD0009930,12/10/2024,20241012,CUS00342,11,EMP0172,InstaPay,Cancelled,81,40
ORD0003666,12/10/2024,20241012,CUS00365,10,EMP0152,Cash,Completed,14028,11470
ORD0011536,12/10/2024,20241012,CUS00199,2,EMP0050,InstaPay,Cancelled,3852,2700
ORD0002400,12/10/2024,20241012,CUS01990,12,EMP0174,Fawry,Completed,64797,51390
ORD0000510,12/10/2024,20241012,CUS02585,1,EMP0009,InstaPay,Completed,266,140
ORD0006049,12/10/2024,20241012,CUS00860,14,EMP0195,Fawry,Completed,32440,31870
ORD0008102,13/10/2024,20241013,CUS00242,12,EMP0183,Cash,Completed,940,470
ORD0010466,13/10/2024,20241013,CUS02275,6,EMP0121,Cash,Completed,630,300
ORD0008828,13/10/2024,20241013,CUS00356,14,EMP0197,  Vodafone Cash  ,Completed,15692,13440
ORD0008919,13/10/2024,20241013,CUS01299,2,EMP0053,Debit Card,Completed,1330,1040
ORD0004601,13/10/2024,20241013,CUS00443,7,EMP0130,Fawry,Completed,1224,690
ORD0004634,13/10/2024,20241013,CUS02235,15,EMP0207,Vodafone Cash,Completed,4226,2310
ORD0002443,13/10/2024,20241013,CUS01394,1,EMP0002,Cash,Completed,392.5,210
ORD0005824,14/10/2024,20241014,CUS00703,1,EMP0020,  Debit Card  ,Completed,480,220
ORD0001545,14/10/2024,20241014,CUS02130,4,EMP0080,Debit Card,Completed,13722.5,10800
ORD0008966,14/10/2024,20241014,CUS02923,4,,Fawry,Cancelled,1615,940
ORD0008973,14/10/2024,20241014,CUS02265,4,EMP0094,  Cash  ,Completed,18133.5,14340
ORD0005018,14/10/2024,20241014,CUS01991,6,EMP0120,InstaPay,Completed,620,290
ORD0009081,14/10/2024,20241014,CUS01999,6,,Fawry,Completed,2040,1260
ORD0006694,14/10/2024,20241014,CUS00987,12,EMP0184,Credit Card,Returned,3994,2120
ORD0005886,15/10/2024,20241015,CUS01281,8,EMP0142,Credit Card,Completed,1477,860
ORD0011985,15/10/2024,20241015,CUS02678,10,EMP0153,Vodafone Cash,Returned,180,80
ORD0005833,15/10/2024,20241015,CUS00966,9,EMP0147,Credit Card,Completed,462,250
ORD0008922,15/10/2024,20241015,CUS00222,2,EMP0029,Vodafone Cash,Completed,12015,10040
ORD0005925,15/10/2024,20241015,CUS00977,2,EMP0048,Cash,Completed,228,120
ORD0008153,15/10/2024,20241015,CUS01235,3,EMP0063,Debit Card,Completed,622.5,350
ORD0000490,15/10/2024,20241015,CUS01624,4,EMP0094,Cash,Completed,100,40
ORD0010791,15/10/2024,20241015,CUS00095,2,EMP0031,  Debit Card  ,Completed,918,500
ORD0006978,16/10/2024,20241016,CUS00778,11,EMP0172,Debit Card,Completed,252,140
ORD0006747,16/10/2024,20241016,CUS02202,11,EMP0166,Credit Card,Completed,280,140
ORD0009857,16/10/2024,20241016,CUS00050,11,EMP0167,Cash,Completed,120,70
ORD0002697,16/10/2024,20241016,CUS00381,4,EMP0082,InstaPay,Returned,2360,1140
ORD0004439,16/10/2024,20241016,CUS01765,3,EMP0063,Vodafone Cash,Completed,1498,780
ORD0011571,16/10/2024,20241016,CUS01732,2,EMP0048,  Fawry  ,Completed,10752.5,9190
ORD0006906,16/10/2024,20241016,CUS02866,4,EMP0091,Vodafone Cash,Completed,1124,570
ORD0005142,16/10/2024,20241016,CUS00913,8,EMP0137,  Vodafone Cash  ,Completed,1710,850
ORD0002138,16/10/2024,20241016,CUS01747,1,EMP0019,Vodafone Cash,Completed,5549,4420
ORD0000508,16/10/2024,20241016,CUS01403,4,EMP0093,Vodafone Cash,Completed,39600,31500
ORD0004207,16/10/2024,20241016,CUS02196,2,EMP0049,InstaPay,Completed,846,420
ORD0005047,16/10/2024,20241016,CUS01980,8,EMP0143,Vodafone Cash,Completed,12520,9280
ORD0003087,17/10/2024,20241017,CUS01424,10,EMP0158,InstaPay,Completed,85.5,40
ORD0011853,17/10/2024,20241017,CUS02614,10,EMP0154,Credit Card,Returned,1530.5,750
ORD0005193,17/10/2024,20241017,CUS01925,3,EMP0075,Vodafone Cash,Completed,1330,680
ORD0010662,17/10/2024,20241017,CUS02832,2,EMP0030,Cash,Completed,270,140
ORD0003326,17/10/2024,20241017,CUS02311,2,EMP0054,Cash,Cancelled,826,530
ORD0008113,17/10/2024,20241017,CUS01052,1,EMP0021,InstaPay,Completed,384,240
ORD0004470,17/10/2024,20241017,CUS01150,3,EMP0063,Debit Card,Completed,800,600
ORD0008568,17/10/2024,20241017,CUS02519,5,EMP0098,Cash,Completed,909.5,460
ORD0003892,17/10/2024,20241017,CUS02631,13,EMP0189,Cash,Completed,720,360
ORD0009654,17/10/2024,20241017,CUS01762,4,EMP0094,Vodafone Cash,Completed,1220,610
ORD0007818,17/10/2024,20241017,CUS00062,8,EMP0144,Debit Card,Cancelled,294.5,150
ORD0003642,18/10/2024,20241018,CUS01350,11,EMP0173,Debit Card,Completed,171,90
ORD0011569,18/10/2024,20241018,CUS01814,10,EMP0153,Cash,Completed,15000,12000
ORD0003458,18/10/2024,20241018,CUS00856,4,EMP0084,Cash,Completed,687.5,400
ORD0008613,18/10/2024,20241018,CUS02302,2,EMP0049,Debit Card,Completed,23583,20870
ORD0011074,18/10/2024,20241018,CUS00474,14,EMP0203,Credit Card,Completed,12780,13190
ORD0010186,18/10/2024,20241018,CUS01215,12,EMP0179,Credit Card,Completed,1539,770
ORD0004455,18/10/2024,20241018,CUS01366,12,EMP0178,Cash,Completed,25809,19920
ORD0003608,18/10/2024,20241018,CUS00221,5,EMP0110,Cash,Completed,1512,800
ORD0007345,19/10/2024,20241019,CUS02609,13,EMP0185,InstaPay,Completed,297.5,150
ORD0003861,19/10/2024,20241019,CUS00433,1,EMP0022,Cash,Completed,1350,680
ORD0001362,19/10/2024,20241019,CUS02644,6,EMP0119,InstaPay,Completed,3232.5,1590
ORD0000552,19/10/2024,20241019,CUS01269,1,EMP0002,Vodafone Cash,Completed,364,220
ORD0004059,19/10/2024,20241019,CUS00365,13,EMP0187,InstaPay,Completed,304,180
ORD0009060,19/10/2024,20241019,CUS00706,6,EMP0123,Vodafone Cash,Completed,9963,10250
ORD0003354,19/10/2024,20241019,CUS00114,6,EMP0120,Cash,Completed,1820,960
ORD0009408,19/10/2024,20241019,CUS02302,2,EMP0043,Debit Card,Completed,140,70
ORD0010085,19/10/2024,20241019,CUS00210,2,EMP0036,Fawry,Completed,1764,960
ORD0008888,19/10/2024,20241019,CUS01200,3,EMP0056,InstaPay,Returned,30010,23900
ORD0003969,20/10/2024,20241020,CUS00260,7,EMP0128,Vodafone Cash,Completed,13982,10940
ORD0010991,20/10/2024,20241020,CUS01493,1,EMP0018,Fawry,Completed,19180,16620
ORD0011025,20/10/2024,20241020,CUS00779,6,EMP0118,Vodafone Cash,Completed,770,370
ORD0008860,20/10/2024,20241020,CUS00206,10,EMP0163,Vodafone Cash,Completed,5760.5,5060
ORD0000329,20/10/2024,20241020,CUS00482,2,EMP0054,Vodafone Cash,Returned,784,360
ORD0008759,20/10/2024,20241020,CUS01992,13,EMP0190,InstaPay,Completed,25961,22820
ORD0000752,20/10/2024,20241020,CUS01767,13,EMP0193,InstaPay,Returned,972,540
ORD0008465,20/10/2024,20241020,CUS02458,7,EMP0133,  Vodafone Cash  ,Completed,13116,11210
ORD0005326,20/10/2024,20241020,CUS00770,11,EMP0168,Credit Card,Completed,210,100
ORD0003277,20/10/2024,20241020,CUS00567,2,EMP0044,Credit Card,Completed,1504,720
ORD0011036,20/10/2024,20241020,CUS01140,10,,Vodafone Cash,Completed,1458.5,790
ORD0004023,20/10/2024,20241020,CUS00779,14,EMP0201,Debit Card,Completed,524,290
ORD0000456,20/10/2024,20241020,CUS02965,2,EMP0032,Credit Card,Completed,3002,1460
ORD0003963,21/10/2024,20241021,CUS01953,14,EMP0203,Vodafone Cash,Completed,882.5,510
ORD0008876,21/10/2024,20241021,CUS00758,14,EMP0197,  Cash  ,Completed,9579,9300
ORD0004552,21/10/2024,20241021,CUS01265,4,EMP0085,InstaPay,Completed,1268,820
ORD0006629,21/10/2024,20241021,CUS00071,1,EMP0017,Credit Card,Completed,673,340
ORD0011222,21/10/2024,20241021,CUS02055,15,EMP0214,Cash,Completed,5421,2810
ORD0001711,21/10/2024,20241021,CUS01282,4,EMP0082,Credit Card,Completed,1435,750
ORD0002372,21/10/2024,20241021,CUS02160,3,EMP0065,Credit Card,Completed,243,130
ORD0001836,21/10/2024,20241021,CUS02913,1,EMP0017,Fawry,Completed,700,340
ORD0006339,21/10/2024,20241021,CUS00659,3,EMP0070,Fawry,Completed,378,190
ORD0010261,21/10/2024,20241021,CUS01409,10,EMP0162,  Cash  ,Completed,272,160
ORD0002685,21/10/2024,20241021,CUS01668,2,,  InstaPay  ,Completed,25815,21520
ORD0003283,22/10/2024,20241022,CUS00078,10,,Debit Card,Completed,280,140
ORD0011721,22/10/2024,20241022,CUS01793,6,EMP0124,Vodafone Cash,Completed,2650,1820
ORD0002659,22/10/2024,20241022,CUS00284,14,EMP0197,Cash,Completed,5281,5240
ORD0010347,22/10/2024,20241022,CUS00477,5,EMP0101,Credit Card,Completed,600,270
ORD0000857,22/10/2024,20241022,CUS00212,3,EMP0072,Debit Card,Completed,5126,4420
ORD0000160,22/10/2024,20241022,CUS00691,3,EMP0068,Cash,Completed,1060,530
ORD0006378,22/10/2024,20241022,CUS00411,4,EMP0094,Fawry,Completed,2396,1310
ORD0002098,22/10/2024,20241022,CUS02233,2,EMP0039,Vodafone Cash,Completed,240,120
ORD0008188,23/10/2024,20241023,CUS00286,7,EMP0132,Fawry,Completed,3710,1830
ORD0004587,23/10/2024,20241023,CUS02107,4,EMP0089,Cash,Completed,41545,40320
ORD0008462,23/10/2024,20241023,CUS00225,1,EMP0001,Vodafone Cash,Completed,1368,720
ORD0001838,23/10/2024,20241023,CUS00273,4,EMP0079,Vodafone Cash,Returned,1860,1110
ORD0004039,23/10/2024,20241023,CUS00019,5,EMP0107,Cash,Completed,1099,560
ORD0009910,23/10/2024,20241023,CUS02048,12,EMP0183,Credit Card,Completed,234,120
ORD0011249,23/10/2024,20241023,CUS01775,4,EMP0085,Credit Card,Completed,200,100
ORD0011857,23/10/2024,20241023,CUS01948,5,EMP0106,Cash,Completed,330,160
ORD0002840,23/10/2024,20241023,CUS01616,7,EMP0127,Debit Card,Returned,1040,620
ORD0010660,23/10/2024,20241023,CUS02982,1,EMP0022,  Vodafone Cash  ,Completed,4000,3200
ORD0008633,23/10/2024,20241023,CUS00320,9,EMP0149,Fawry,Completed,2399,1430
ORD0010219,23/10/2024,20241023,CUS00109,11,EMP0164,Vodafone Cash,Completed,944,530
ORD0009513,23/10/2024,20241023,CUS01929,2,,Fawry,Completed,768,440
ORD0000482,23/10/2024,20241023,CUS02662,6,EMP0116,Fawry,Completed,345,170
ORD0003620,23/10/2024,20241023,CUS02241,9,EMP0145,Vodafone Cash,Completed,1368,690
ORD0001041,24/10/2024,20241024,CUS00314,12,EMP0179,  InstaPay  ,Completed,1300,640
ORD0004785,24/10/2024,20241024,CUS02677,14,EMP0199,InstaPay,Completed,2078,1350
ORD0003406,24/10/2024,20241024,CUS00262,12,,  Debit Card  ,Completed,1645,860
ORD0010474,24/10/2024,20241024,CUS01148,3,EMP0067,Cash,Completed,123.5,60
ORD0010110,24/10/2024,20241024,CUS01774,2,EMP0048,Vodafone Cash,Cancelled,6279.5,5590
ORD0005583,24/10/2024,20241024,CUS01905,12,EMP0178,InstaPay,Completed,380,180
ORD0003577,25/10/2024,20241025,CUS02075,13,EMP0186,  InstaPay  ,Completed,22464,18380
ORD0009256,25/10/2024,20241025,CUS01605,6,,Credit Card,Completed,1096,510
ORD0007541,25/10/2024,20241025,CUS01582,1,EMP0017,Cash,Completed,350,170
ORD0006259,25/10/2024,20241025,CUS01120,10,EMP0162,InstaPay,Completed,144,80
ORD0000266,25/10/2024,20241025,CUS02343,1,EMP0017,  Credit Card  ,Completed,279,150
ORD0011452,25/10/2024,20241025,CUS01405,2,EMP0033,InstaPay,Completed,289,160
ORD0000838,25/10/2024,20241025,CUS00962,1,EMP0021,  Fawry  ,Returned,1272.5,660
ORD0001012,25/10/2024,20241025,CUS02838,4,EMP0079,  Credit Card  ,Completed,240,120
ORD0002912,25/10/2024,20241025,CUS01878,13,EMP0188,Cash,Completed,2540,1600
ORD0002876,25/10/2024,20241025,CUS02897,2,EMP0050,Debit Card,Completed,1607.5,860
ORD0010438,25/10/2024,20241025,CUS02549,10,EMP0160,Vodafone Cash,Completed,655,320
ORD0011559,25/10/2024,20241025,CUS00440,7,EMP0127,Debit Card,Completed,74782.5,59810
ORD0002592,26/10/2024,20241026,CUS01087,5,EMP0111,  InstaPay  ,Returned,1904.5,1150
ORD0006599,26/10/2024,20241026,CUS02865,2,EMP0048,Vodafone Cash,Returned,2240,1560
ORD0010571,26/10/2024,20241026,CUS00973,2,EMP0051,Fawry,Completed,9140.5,8670
ORD0011270,26/10/2024,20241026,CUS01100,3,EMP0055,InstaPay,Completed,573,350
ORD0001130,26/10/2024,20241026,CUS00726,1,EMP0028,Vodafone Cash,Completed,228,120
ORD0000702,26/10/2024,20241026,CUS01651,8,EMP0141,Cash,Completed,1007,520
ORD0010987,26/10/2024,20241026,CUS01622,1,EMP0027,Vodafone Cash,Completed,1408,710
ORD0011289,26/10/2024,20241026,CUS02149,10,EMP0154,  Vodafone Cash  ,Completed,342,170
ORD0000810,26/10/2024,20241026,CUS00305,1,EMP0002,Fawry,Completed,888,460
ORD0003248,26/10/2024,20241026,CUS01207,11,EMP0166,Debit Card,Returned,180,80
ORD0002706,26/10/2024,20241026,CUS02899,2,EMP0046,Fawry,Cancelled,31844,29680
ORD0000487,26/10/2024,20241026,CUS01654,3,EMP0074,  Fawry  ,Completed,3323,1650
ORD0007329,26/10/2024,20241026,CUS02292,5,EMP0111,Fawry,Completed,480,240
ORD0007567,26/10/2024,20241026,CUS01824,12,EMP0175,  Fawry  ,Completed,5746,3100
ORD0002894,26/10/2024,20241026,CUS02053,2,EMP0040,Debit Card,Completed,666,370
ORD0008480,27/10/2024,20241027,CUS01534,11,EMP0167,Cash,Completed,360,160
ORD0004816,27/10/2024,20241027,CUS01869,5,EMP0107,Vodafone Cash,Completed,3616,1930
ORD0003968,27/10/2024,20241027,CUS01356,3,EMP0057,InstaPay,Returned,80,50
ORD0002717,27/10/2024,20241027,CUS02655,2,EMP0035,Cash,Completed,2414.5,1370
ORD0011959,27/10/2024,20241027,CUS00661,6,EMP0115,  Cash  ,Completed,150,70
ORD0000522,27/10/2024,20241027,CUS00853,4,EMP0088,Debit Card,Completed,9460,10550
ORD0011647,27/10/2024,20241027,CUS02304,12,EMP0177,Vodafone Cash,Completed,8054,6050
ORD0011551,27/10/2024,20241027,CUS02459,3,EMP0069,Debit Card,Completed,70680,59600
ORD0002320,27/10/2024,20241027,CUS00065,6,EMP0125,Debit Card,Completed,3570,4000
ORD0002081,27/10/2024,20241027,CUS01566,1,EMP0005,Fawry,Completed,935,540
ORD0001560,28/10/2024,20241028,CUS01157,15,EMP0211,Credit Card,Completed,13327,11270
ORD0003709,28/10/2024,20241028,CUS02346,7,,Debit Card,Completed,498,250
ORD0009266,28/10/2024,20241028,CUS00728,3,EMP0073,Credit Card,Completed,1674,870
ORD0007987,28/10/2024,20241028,CUS01686,1,EMP0027,Fawry,Completed,252,180
ORD0009163,28/10/2024,20241028,CUS02890,5,EMP0108,InstaPay,Completed,450,250
ORD0005190,28/10/2024,20241028,CUS00260,3,EMP0058,  Vodafone Cash  ,Completed,180,80
ORD0011858,28/10/2024,20241028,CUS00921,8,EMP0143,InstaPay,Completed,1057,520
ORD0007077,28/10/2024,20241028,CUS02916,2,EMP0042,InstaPay,Completed,773,370
ORD0007277,28/10/2024,20241028,CUS02859,6,EMP0116,Vodafone Cash,Completed,1794,890
ORD0007493,28/10/2024,20241028,CUS00921,2,EMP0033,Cash,Completed,221,130
ORD0005738,28/10/2024,20241028,CUS02215,1,EMP0021,Fawry,Completed,450,210
ORD0007489,29/10/2024,20241029,CUS01507,7,EMP0131,Credit Card,Completed,1358,690
ORD0010966,29/10/2024,20241029,CUS02912,9,EMP0146,Cash,Completed,4490.5,4310
ORD0005102,29/10/2024,20241029,CUS00583,15,EMP0215,  InstaPay  ,Completed,1686,860
ORD0003661,29/10/2024,20241029,CUS02512,6,EMP0125,Cash,Completed,1490,730
ORD0005480,29/10/2024,20241029,CUS02913,14,,Credit Card,Completed,720,440
ORD0002633,29/10/2024,20241029,CUS02040,2,EMP0048,Credit Card,Completed,3085,1720
ORD0001978,29/10/2024,20241029,CUS02240,2,EMP0043,Fawry,Completed,690,340
ORD0009431,29/10/2024,20241029,CUS00176,15,EMP0214,Vodafone Cash,Completed,128,70
ORD0004893,29/10/2024,20241029,CUS02546,11,,Cash,Completed,365,180
ORD0008072,29/10/2024,20241029,CUS01563,13,EMP0190,Cash,Completed,1190,590
ORD0000968,29/10/2024,20241029,CUS02273,1,EMP0015,Credit Card,Completed,487.5,250
ORD0010265,29/10/2024,20241029,CUS01720,6,EMP0116,  Fawry  ,Completed,95,40
ORD0004355,30/10/2024,20241030,CUS00159,2,EMP0046,Vodafone Cash,Completed,126,70
ORD0010195,30/10/2024,20241030,CUS00396,6,EMP0125,Credit Card,Completed,6033,4770
ORD0003502,30/10/2024,20241030,CUS01149,1,EMP0001,  Debit Card  ,Returned,126,70
ORD0001874,30/10/2024,20241030,CUS00688,2,EMP0029,InstaPay,Completed,1910,930
ORD0010570,30/10/2024,20241030,CUS02938,12,EMP0175,Vodafone Cash,Completed,870,410
ORD0000942,30/10/2024,20241030,CUS02438,13,EMP0191,Credit Card,Completed,954,530
ORD0010606,30/10/2024,20241030,CUS01406,2,EMP0040,Fawry,Returned,135,70
ORD0006803,30/10/2024,20241030,CUS02515,1,EMP0024,Fawry,Completed,640,400
ORD0007564,30/10/2024,20241030,CUS02838,2,EMP0041,Fawry,Completed,4018,3420
ORD0010323,30/10/2024,20241030,CUS02662,6,EMP0124,Fawry,Completed,1008,500
ORD0007930,30/10/2024,20241030,CUS01894,12,EMP0179,Credit Card,Completed,1122,640
ORD0001833,30/10/2024,20241030,CUS00162,7,EMP0131,Fawry,Completed,275.5,140
ORD0005086,30/10/2024,20241030,CUS01713,7,,  Fawry  ,Completed,540,400
ORD0006568,31/10/2024,20241031,CUS02368,12,EMP0181,Debit Card,Completed,2955,1500
ORD0006913,31/10/2024,20241031,CUS00560,1,EMP0001,Fawry,Completed,458,250
ORD0008782,31/10/2024,20241031,CUS00251,6,EMP0122,Fawry,Completed,150,70
ORD0010778,31/10/2024,20241031,CUS02022,6,EMP0119,Vodafone Cash,Completed,2022,990
ORD0008290,31/10/2024,20241031,CUS00444,8,EMP0144,InstaPay,Completed,501,250
ORD0011385,31/10/2024,20241031,CUS02876,11,EMP0165,Debit Card,Completed,342,180
ORD0010671,31/10/2024,20241031,CUS02031,2,EMP0036,Cash,Completed,234,130
ORD0009564,31/10/2024,20241031,CUS00155,13,EMP0189,Fawry,Completed,1174,630
ORD0004148,31/10/2024,20241031,CUS02209,2,EMP0038,Cash,Completed,1051,520
ORD0001866,31/10/2024,20241031,CUS00765,7,EMP0131,Vodafone Cash,Completed,431,250
ORD0011113,31/10/2024,20241031,CUS01500,2,EMP0035,Fawry,Completed,72,40
ORD0005404,31/10/2024,20241031,CUS00197,5,EMP0107,Debit Card,Completed,320,140
ORD0006439,31/10/2024,20241031,CUS02571,1,EMP0012,Fawry,Completed,1660,830
ORD0003701,31/10/2024,20241031,CUS01336,6,EMP0118,Fawry,Completed,1885.5,900
ORD0010749,31/10/2024,20241031,CUS00023,9,EMP0147,Vodafone Cash,Completed,441,220
ORD0008669,31/10/2024,20241031,CUS01621,8,EMP0139,Cash,Completed,342,180
ORD0000203,31/10/2024,20241031,CUS00288,2,,Cash,Completed,563,290
ORD0011203,31/10/2024,20241031,CUS00224,10,EMP0162,Cash,Completed,153,90
ORD0009401,31/10/2024,20241031,CUS01591,10,EMP0159,Vodafone Cash,Returned,1870,1050
ORD0004079,01/11/2024,20241101,CUS00987,6,EMP0114,Credit Card,Completed,1179,580
ORD0003276,01/11/2024,20241101,CUS01896,7,EMP0134,Cash,Completed,11200,8900
ORD0002036,01/11/2024,20241101,CUS02585,3,EMP0066,Vodafone Cash,Completed,238,140
ORD0001472,01/11/2024,20241101,CUS00617,15,EMP0210,Cash,Completed,342,180
ORD0005208,01/11/2024,20241101,CUS00011,1,EMP0007,Fawry,Completed,2125,1100
ORD0006287,01/11/2024,20241101,CUS01740,6,EMP0117,  Credit Card  ,Completed,162,80
ORD0001792,01/11/2024,20241101,CUS01462,14,EMP0197,Cash,Returned,1167,580
ORD0000904,01/11/2024,20241101,CUS00746,2,EMP0053,Debit Card,Completed,1724,890
ORD0006336,01/11/2024,20241101,CUS00717,2,EMP0051,Credit Card,Completed,190,90
ORD0001061,01/11/2024,20241101,CUS02085,3,EMP0069,Credit Card,Completed,959,480
ORD0005325,01/11/2024,20241101,CUS02246,1,EMP0003,Credit Card,Completed,190,80
ORD0009112,01/11/2024,20241101,CUS00936,9,EMP0146,Vodafone Cash,Completed,864,540
ORD0007617,01/11/2024,20241101,CUS00245,13,EMP0190,Fawry,Completed,1620,880
ORD0008313,01/11/2024,20241101,CUS01108,4,EMP0091,Vodafone Cash,Completed,645,330
ORD0010044,02/11/2024,20241102,CUS00999,11,EMP0170,Debit Card,Completed,876.5,470
ORD0008901,02/11/2024,20241102,CUS02817,1,EMP0020,InstaPay,Returned,152,70
ORD0007940,02/11/2024,20241102,CUS02678,1,EMP0026,Cash,Completed,680,330
ORD0001921,02/11/2024,20241102,CUS01187,14,EMP0199,Cash,Returned,460,220
ORD0000271,02/11/2024,20241102,CUS01249,2,EMP0046,Vodafone Cash,Completed,272.5,140
ORD0003110,02/11/2024,20241102,CUS01161,14,EMP0201,Vodafone Cash,Completed,473.5,240
ORD0006374,02/11/2024,20241102,CUS01900,12,EMP0179,Cash,Completed,1557,820
ORD0001996,02/11/2024,20241102,CUS00255,13,EMP0187,Debit Card,Completed,1566,840
ORD0010325,03/11/2024,20241103,CUS01082,7,EMP0128,Cash,Completed,5400,4800
ORD0000046,03/11/2024,20241103,CUS00891,8,EMP0141,Debit Card,Completed,1107.5,600
ORD0004112,03/11/2024,20241103,CUS01800,13,,Debit Card,Completed,561,320
ORD0004198,03/11/2024,20241103,CUS00891,10,EMP0153,  Fawry  ,Cancelled,480,230
ORD0006386,03/11/2024,20241103,CUS02355,12,EMP0182,Fawry,Completed,800,600
ORD0011600,03/11/2024,20241103,CUS00611,15,EMP0213,Cash,Cancelled,1056,660
ORD0006985,03/11/2024,20241103,CUS00775,12,EMP0181,  Fawry  ,Completed,1500,720
ORD0007022,04/11/2024,20241104,CUS01002,1,EMP0001,Credit Card,Completed,2382,1310
ORD0002409,04/11/2024,20241104,CUS00368,3,EMP0074,Credit Card,Completed,306,170
ORD0006219,04/11/2024,20241104,CUS02413,12,EMP0184,Vodafone Cash,Completed,7139,5610
ORD0005600,04/11/2024,20241104,CUS00134,7,EMP0136,Cash,Completed,310,150
ORD0003959,04/11/2024,20241104,CUS01011,8,EMP0137,InstaPay,Cancelled,136,80
ORD0008282,04/11/2024,20241104,CUS00659,2,EMP0042,Cash,Completed,2500,1200
ORD0001513,04/11/2024,20241104,CUS02440,1,EMP0002,Cash,Completed,2440,1260
ORD0006676,05/11/2024,20241105,CUS01824,6,EMP0125,Vodafone Cash,Completed,320,140
ORD0005057,05/11/2024,20241105,CUS02100,3,EMP0070,Credit Card,Completed,2245,1110
ORD0008532,05/11/2024,20241105,CUS01748,1,EMP0023,Debit Card,Completed,1649,790
ORD0009982,05/11/2024,20241105,CUS01744,5,EMP0102,  Fawry  ,Completed,981,520
ORD0009265,05/11/2024,20241105,CUS01766,10,EMP0154,Debit Card,Completed,1174,570
ORD0005731,05/11/2024,20241105,CUS00977,2,EMP0029,Cash,Completed,11800,9400
ORD0000555,05/11/2024,20241105,CUS02908,2,EMP0037,Cash,Returned,1114.5,550
ORD0003117,05/11/2024,20241105,CUS01699,7,EMP0130,Debit Card,Returned,31110,29400
ORD0007356,05/11/2024,20241105,CUS00618,1,EMP0011,Debit Card,Completed,12827,9980
ORD0001087,05/11/2024,20241105,CUS02786,1,EMP0020,Cash,Completed,1053,560
ORD0011182,06/11/2024,20241106,CUS01024,3,EMP0065,  Vodafone Cash  ,Completed,847,470
ORD0002416,06/11/2024,20241106,CUS02928,4,EMP0083,  Fawry  ,Completed,114,60
ORD0007350,06/11/2024,20241106,CUS02252,5,EMP0101,  Debit Card  ,Completed,1004,610
ORD0010295,06/11/2024,20241106,CUS01904,3,EMP0065,Cash,Cancelled,945,500
ORD0009664,06/11/2024,20241106,CUS00459,7,EMP0128,Fawry,Completed,325,190
ORD0009191,06/11/2024,20241106,CUS00036,6,EMP0116,InstaPay,Completed,329,170
ORD0008915,06/11/2024,20241106,CUS01270,13,EMP0191,Credit Card,Completed,1480,720
ORD0010240,06/11/2024,20241106,CUS00795,14,EMP0199,InstaPay,Completed,2619.5,1320
ORD0003218,06/11/2024,20241106,CUS01726,3,EMP0065,Fawry,Completed,7340,5760
ORD0008487,06/11/2024,20241106,CUS00393,3,EMP0068,InstaPay,Completed,811,420
ORD0006961,06/11/2024,20241106,CUS01860,6,EMP0119,Cash,Returned,456,230
ORD0011519,06/11/2024,20241106,CUS01936,14,EMP0197,InstaPay,Completed,256,140
ORD0003183,06/11/2024,20241106,CUS02219,1,EMP0021,Vodafone Cash,Completed,847,460
ORD0006377,06/11/2024,20241106,CUS00903,8,EMP0137,Cash,Completed,6350,6400
ORD0007838,06/11/2024,20241106,CUS00771,12,,Vodafone Cash,Completed,1140,600
ORD0007102,06/11/2024,20241106,CUS00280,6,EMP0121,Fawry,Completed,580,280
ORD0004668,07/11/2024,20241107,CUS00520,8,EMP0141,  Credit Card  ,Returned,1776.5,910
ORD0011771,07/11/2024,20241107,CUS01966,12,EMP0181,  InstaPay  ,Completed,779,440
ORD0002167,07/11/2024,20241107,CUS00018,2,EMP0034,InstaPay,Completed,2184.5,1080
ORD0003300,07/11/2024,20241107,CUS02317,3,EMP0064,Credit Card,Completed,123.5,60
ORD0009280,07/11/2024,20241107,CUS01880,4,EMP0084,Fawry,Returned,1660,830
ORD0010448,07/11/2024,20241107,CUS00146,6,EMP0119,  InstaPay  ,Completed,1810,980
ORD0006616,07/11/2024,20241107,CUS01644,12,EMP0184,Vodafone Cash,Completed,846,420
ORD0010755,07/11/2024,20241107,CUS00929,2,EMP0043,Cash,Completed,144.5,80
ORD0001605,07/11/2024,20241107,CUS01103,10,EMP0158,Vodafone Cash,Completed,606,330
ORD0003399,07/11/2024,20241107,CUS02639,4,EMP0093,Vodafone Cash,Completed,880,440
ORD0009886,07/11/2024,20241107,CUS02961,1,,Fawry,Completed,1022.5,540
ORD0011903,07/11/2024,20241107,CUS02524,1,EMP0028,  InstaPay  ,Completed,1390,660
ORD0011702,07/11/2024,20241107,CUS02955,1,EMP0015,Credit Card,Completed,510,280
ORD0001918,07/11/2024,20241107,CUS01251,3,EMP0073,InstaPay,Completed,560,280
ORD0007005,07/11/2024,20241107,CUS00429,5,EMP0098,Fawry,Completed,3120,1590
ORD0005903,08/11/2024,20241108,CUS01722,10,EMP0153,Debit Card,Completed,280,140
ORD0006168,08/11/2024,20241108,CUS01768,2,EMP0038,Credit Card,Completed,14900,11900
ORD0010875,08/11/2024,20241108,CUS00310,4,EMP0089,  Cash  ,Completed,1330,640
ORD0005184,08/11/2024,20241108,CUS01246,15,EMP0213,Debit Card,Cancelled,720,360
ORD0000303,08/11/2024,20241108,CUS00343,6,EMP0126,Credit Card,Completed,300,150
ORD0000509,08/11/2024,20241108,CUS02753,12,EMP0178,  Debit Card  ,Completed,432,230
ORD0006799,08/11/2024,20241108,CUS01860,4,EMP0079,  Debit Card  ,Completed,171,90
ORD0011488,08/11/2024,20241108,CUS01468,11,EMP0169,Vodafone Cash,Completed,255,140
ORD0007289,08/11/2024,20241108,CUS01128,6,EMP0121,Credit Card,Completed,9440,9400
ORD0002154,08/11/2024,20241108,CUS01873,10,EMP0155,InstaPay,Completed,360,180
ORD0011658,08/11/2024,20241108,CUS02364,8,EMP0140,  Fawry  ,Completed,451,220
ORD0007459,08/11/2024,20241108,CUS00913,1,EMP0001,  Credit Card  ,Completed,1648,890
ORD0004144,08/11/2024,20241108,CUS01474,2,EMP0052,InstaPay,Completed,674,340
ORD0004047,08/11/2024,20241108,CUS02487,9,EMP0150,Vodafone Cash,Cancelled,230,110
ORD0010561,09/11/2024,20241109,CUS01511,1,,Debit Card,Completed,3508,1830
ORD0001807,09/11/2024,20241109,CUS00930,1,EMP0016,  Cash  ,Completed,190,90
ORD0006056,09/11/2024,20241109,CUS01663,14,EMP0195,InstaPay,Returned,1657,1210
ORD0002168,09/11/2024,20241109,CUS01221,1,EMP0008,Cash,Completed,176,100
ORD0003563,09/11/2024,20241109,CUS02302,2,EMP0050,Cash,Completed,6230,7100
ORD0000814,09/11/2024,20241109,CUS00543,6,EMP0115,Cash,Cancelled,578,340
ORD0007622,09/11/2024,20241109,CUS00676,3,EMP0077,InstaPay,Completed,1128,580
ORD0007562,09/11/2024,20241109,CUS00776,14,EMP0194,  Cash  ,Completed,1742,950
ORD0010610,09/11/2024,20241109,CUS01576,4,EMP0082,  InstaPay  ,Completed,665,340
ORD0002333,09/11/2024,20241109,CUS00355,1,EMP0003,InstaPay,Completed,1155,600
ORD0007174,09/11/2024,20241109,CUS02390,2,EMP0040,Fawry,Completed,171,80
ORD0005123,10/11/2024,20241110,CUS02263,1,EMP0020,InstaPay,Completed,1420,1040
ORD0001960,10/11/2024,20241110,CUS00358,10,EMP0161,Debit Card,Completed,510,340
ORD0008587,10/11/2024,20241110,CUS02723,4,EMP0089,Credit Card,Completed,1438,720
ORD0004414,10/11/2024,20241110,CUS00001,11,EMP0165,Vodafone Cash,Completed,2730,1810
ORD0003697,10/11/2024,20241110,CUS01751,7,EMP0128,Vodafone Cash,Cancelled,3209.5,1740
ORD0002322,10/11/2024,20241110,CUS00157,3,,Cash,Completed,849,480
ORD0000272,10/11/2024,20241110,CUS01105,1,EMP0002,Cash,Completed,1038,600
ORD0007783,10/11/2024,20241110,CUS00375,13,EMP0190,Fawry,Cancelled,1214,820
ORD0009192,10/11/2024,20241110,CUS01587,2,EMP0031,Fawry,Completed,13160,10260
ORD0003305,10/11/2024,20241110,CUS00423,3,EMP0057,Fawry,Completed,488.5,260
ORD0007066,10/11/2024,20241110,CUS00688,7,EMP0128,Debit Card,Completed,707,410
ORD0005590,10/11/2024,20241110,CUS00418,7,EMP0135,Fawry,Completed,510,300
ORD0001514,10/11/2024,20241110,CUS02805,7,EMP0135,Vodafone Cash,Cancelled,31265,26840
ORD0006520,11/11/2024,20241111,CUS00268,4,EMP0080,  Fawry  ,Returned,731.5,380
ORD0003071,11/11/2024,20241111,CUS00035,14,EMP0197,  Debit Card  ,Completed,33258,26490
ORD0009444,11/11/2024,20241111,CUS01657,2,EMP0053,Debit Card,Completed,1519,830
ORD0009355,11/11/2024,20241111,CUS00240,5,EMP0097,Cash,Completed,1448,780
ORD0001142,11/11/2024,20241111,CUS02255,1,EMP0019,Debit Card,Completed,1215,660
ORD0008488,11/11/2024,20241111,CUS00467,4,EMP0086,Credit Card,Returned,430,190
ORD0007376,11/11/2024,20241111,CUS01416,5,,Cash,Completed,1700,860
ORD0010720,11/11/2024,20241111,CUS01812,1,EMP0021,Fawry,Completed,528,270
ORD0004556,11/11/2024,20241111,CUS00548,4,EMP0089,Credit Card,Completed,140,70
ORD0011109,11/11/2024,20241111,CUS02455,11,EMP0172,  Cash  ,Completed,324,170
ORD0006070,12/11/2024,20241112,CUS00612,1,EMP0007,  Credit Card  ,Completed,789,390
ORD0008412,12/11/2024,20241112,CUS02988,4,EMP0093,Cash,Completed,1105,520
ORD0007804,12/11/2024,20241112,CUS02482,14,EMP0198,Cash,Completed,484,280
ORD0007807,12/11/2024,20241112,CUS00087,3,EMP0061,Cash,Completed,1087,600
ORD0008877,12/11/2024,20241112,CUS01699,11,EMP0169,Debit Card,Completed,207,110
ORD0002050,12/11/2024,20241112,CUS02651,5,EMP0095,  Vodafone Cash  ,Returned,1498,720
ORD0007731,12/11/2024,20241112,CUS01838,3,EMP0070,Credit Card,Completed,712,410
ORD0000405,12/11/2024,20241112,CUS00992,10,EMP0158,Vodafone Cash,Returned,742.5,360
ORD0006655,12/11/2024,20241112,CUS00316,5,EMP0099,InstaPay,Completed,24990,23600
ORD0007276,12/11/2024,20241112,CUS01548,5,EMP0106,Credit Card,Completed,3156,1850
ORD0002326,13/11/2024,20241113,CUS02697,6,EMP0120,Fawry,Completed,39432,32770
ORD0007053,13/11/2024,20241113,CUS01072,13,EMP0185,Debit Card,Completed,3456,2170
ORD0011900,13/11/2024,20241113,CUS01575,4,EMP0085,Cash,Cancelled,210,100
ORD0006566,13/11/2024,20241113,CUS02415,3,EMP0074,InstaPay,Cancelled,1980,1030
ORD0009864,14/11/2024,20241114,CUS02427,4,EMP0079,Credit Card,Completed,16986,14190
ORD0003075,14/11/2024,20241114,CUS02152,3,EMP0074,InstaPay,Completed,135,70
ORD0006239,14/11/2024,20241114,CUS00358,5,EMP0105,  Cash  ,Completed,420,180
ORD0001891,14/11/2024,20241114,CUS01901,3,EMP0063,InstaPay,Completed,13056.5,12930
ORD0001121,14/11/2024,20241114,CUS02649,3,EMP0077,  Vodafone Cash  ,Completed,6087.5,5510
ORD0009950,14/11/2024,20241114,CUS00343,1,EMP0009,Vodafone Cash,Completed,3406.5,1680
ORD0006272,14/11/2024,20241114,CUS00895,5,EMP0106,Cash,Completed,1583.5,830
ORD0002708,14/11/2024,20241114,CUS01464,1,EMP0013,Cash,Completed,1971,970
ORD0008236,14/11/2024,20241114,CUS01454,5,EMP0109,  Credit Card  ,Completed,187,110
ORD0011725,14/11/2024,20241114,CUS00770,13,EMP0191,Credit Card,Completed,1296,810
ORD0002516,15/11/2024,20241115,CUS00445,10,EMP0163,Vodafone Cash,Returned,3070,1680
ORD0010674,15/11/2024,20241115,CUS01739,3,EMP0070,Credit Card,Completed,894,440
ORD0001539,15/11/2024,20241115,CUS02166,1,,Credit Card,Completed,150,70
ORD0000340,15/11/2024,20241115,CUS02564,7,EMP0136,Debit Card,Completed,425,240
ORD0002826,15/11/2024,20241115,CUS01582,3,EMP0066,Debit Card,Completed,570,270
ORD0002859,15/11/2024,20241115,CUS01179,1,EMP0022,Fawry,Completed,1350,680
ORD0002191,15/11/2024,20241115,CUS01173,3,EMP0070,Credit Card,Returned,735,380
ORD0001275,15/11/2024,20241115,CUS02505,6,EMP0115,Credit Card,Completed,280,140
ORD0009489,16/11/2024,20241116,CUS00578,2,EMP0040,Vodafone Cash,Completed,693,370
ORD0002690,16/11/2024,20241116,CUS02151,7,EMP0127,Fawry,Cancelled,800,400
ORD0008533,16/11/2024,20241116,CUS00453,13,EMP0187,Vodafone Cash,Completed,250,120
ORD0011496,16/11/2024,20241116,CUS00277,4,EMP0092,  InstaPay  ,Completed,375.5,180
ORD0002755,16/11/2024,20241116,CUS00091,13,EMP0185,Fawry,Completed,160,70
ORD0004626,16/11/2024,20241116,CUS02472,7,EMP0132,Credit Card,Completed,960,530
ORD0002356,16/11/2024,20241116,CUS02835,4,EMP0094,  Debit Card  ,Completed,540,270
ORD0003076,16/11/2024,20241116,CUS02259,1,EMP0026,InstaPay,Completed,428,220
ORD0001284,16/11/2024,20241116,CUS01385,1,EMP0005,Credit Card,Completed,510,280
ORD0003603,16/11/2024,20241116,CUS00754,3,EMP0064,  Vodafone Cash  ,Completed,2548.5,1570
ORD0000068,16/11/2024,20241116,CUS00489,14,EMP0199,InstaPay,Completed,190,90
ORD0009459,16/11/2024,20241116,CUS02727,4,EMP0090,Fawry,Completed,1418,720
ORD0010423,16/11/2024,20241116,CUS00270,11,EMP0167,Fawry,Completed,2001.5,990
ORD0010422,17/11/2024,20241117,CUS02538,2,EMP0054,Fawry,Returned,540,270
ORD0002868,17/11/2024,20241117,CUS01357,2,EMP0048,InstaPay,Completed,520,260
ORD0009035,17/11/2024,20241117,CUS02580,12,EMP0181,Vodafone Cash,Returned,620,410
ORD0007093,17/11/2024,20241117,CUS01586,3,EMP0062,Vodafone Cash,Completed,993,490
ORD0002838,17/11/2024,20241117,CUS01954,4,EMP0093,Debit Card,Cancelled,480,240
ORD0011260,17/11/2024,20241117,CUS00461,1,EMP0026,Fawry,Completed,2322,1210
ORD0006027,17/11/2024,20241117,CUS01800,6,EMP0118,  Cash  ,Completed,950,480
ORD0011120,17/11/2024,20241117,CUS01157,1,EMP0009,Debit Card,Completed,5496,3700
ORD0007824,17/11/2024,20241117,CUS02617,1,EMP0018,Debit Card,Completed,240,110
ORD0006562,17/11/2024,20241117,CUS01679,1,EMP0025,Debit Card,Returned,1930,1330
ORD0000353,17/11/2024,20241117,CUS02825,13,EMP0191,Fawry,Completed,1554,800
ORD0009349,17/11/2024,20241117,CUS01703,1,EMP0020,  Credit Card  ,Completed,300,140
ORD0008885,17/11/2024,20241117,CUS01454,9,EMP0150,Credit Card,Completed,2097.5,1220
ORD0009565,17/11/2024,20241117,CUS01714,3,EMP0055,Cash,Completed,1245,680
ORD0005773,17/11/2024,20241117,CUS00307,6,,Fawry,Completed,1844.5,880
ORD0006984,17/11/2024,20241117,CUS02384,13,EMP0189,  InstaPay  ,Completed,922,470
ORD0001261,18/11/2024,20241118,CUS02788,1,EMP0017,Fawry,Completed,600,280
ORD0001640,18/11/2024,20241118,CUS00388,11,EMP0164,Vodafone Cash,Completed,300,140
ORD0009601,18/11/2024,20241118,CUS01457,3,,Fawry,Completed,21276,17690
ORD0009460,18/11/2024,20241118,CUS01964,3,EMP0064,  Vodafone Cash  ,Completed,1440,700
ORD0005975,18/11/2024,20241118,CUS01024,4,EMP0089,Vodafone Cash,Completed,530,250
ORD0002801,18/11/2024,20241118,CUS00839,3,EMP0067,Credit Card,Completed,1497.5,730
ORD0002743,18/11/2024,20241118,CUS01895,11,EMP0166,Fawry,Completed,1642.5,1060
ORD0003939,18/11/2024,20241118,CUS02049,5,EMP0095,Credit Card,Completed,510,240
ORD0010086,18/11/2024,20241118,CUS00563,1,EMP0024,Fawry,Completed,2260,1200
ORD0008654,18/11/2024,20241118,CUS02815,2,EMP0039,Vodafone Cash,Completed,8216,6200
ORD0003191,18/11/2024,20241118,CUS02456,8,EMP0141,Cash,Completed,9660,9060
ORD0011162,18/11/2024,20241118,CUS02853,1,EMP0003,Cash,Completed,1155,680
ORD0003552,18/11/2024,20241118,CUS02081,5,EMP0099,Vodafone Cash,Completed,140,70
ORD0009451,18/11/2024,20241118,CUS00846,12,EMP0174,Fawry,Completed,960,460
ORD0002342,18/11/2024,20241118,CUS02635,14,EMP0195,Credit Card,Completed,2082,1160
ORD0001576,19/11/2024,20241119,CUS01981,3,EMP0069,Debit Card,Completed,1102.5,580
ORD0006545,19/11/2024,20241119,CUS01680,3,EMP0071,Credit Card,Completed,2984,1540
ORD0002670,19/11/2024,20241119,CUS01423,10,EMP0154,Vodafone Cash,Completed,135,70
ORD0010771,19/11/2024,20241119,CUS00818,6,EMP0120,Credit Card,Completed,1364,750
ORD0007205,19/11/2024,20241119,CUS02086,2,EMP0040,InstaPay,Completed,160,80
ORD0005735,19/11/2024,20241119,CUS02674,3,EMP0059,Vodafone Cash,Completed,540,280
ORD0003869,19/11/2024,20241119,CUS02475,6,EMP0118,Fawry,Completed,5622,3580
ORD0011855,19/11/2024,20241119,CUS02410,4,EMP0083,  Debit Card  ,Completed,1195,610
ORD0004962,19/11/2024,20241119,CUS01506,3,EMP0057,Vodafone Cash,Completed,1320,630
ORD0001695,19/11/2024,20241119,CUS02052,4,EMP0090,Cash,Completed,117,60
ORD0007336,19/11/2024,20241119,CUS02159,10,EMP0152,Vodafone Cash,Completed,15200,12800
ORD0006886,19/11/2024,20241119,CUS02787,8,,Credit Card,Completed,4800,4360
ORD0003260,20/11/2024,20241120,CUS00697,2,,Debit Card,Completed,133,60
ORD0003496,20/11/2024,20241120,CUS01197,1,EMP0014,Fawry,Completed,3222,1730
ORD0009517,20/11/2024,20241120,CUS00789,4,EMP0080,Credit Card,Returned,17830,15970
ORD0008738,20/11/2024,20241120,CUS00209,7,EMP0127,InstaPay,Completed,270,130
ORD0003534,20/11/2024,20241120,CUS01959,1,EMP0007,Debit Card,Completed,480,210
ORD0001113,20/11/2024,20241120,CUS02291,1,EMP0022,Cash,Completed,1014,560
ORD0008780,20/11/2024,20241120,CUS01941,8,EMP0142,  Vodafone Cash  ,Completed,180.5,90
ORD0010526,20/11/2024,20241120,CUS01933,12,EMP0181,Vodafone Cash,Completed,384,230
ORD0010049,20/11/2024,20241120,CUS02302,15,EMP0215,Credit Card,Returned,1608,1500
ORD0005471,21/11/2024,20241121,CUS00842,2,EMP0044,Cash,Completed,247,130
ORD0002464,21/11/2024,20241121,CUS01384,3,EMP0064,Fawry,Completed,663,330
ORD0008449,21/11/2024,20241121,CUS02446,1,EMP0003,Fawry,Completed,323,180
ORD0002347,21/11/2024,20241121,CUS00644,1,EMP0018,InstaPay,Completed,1134,580
ORD0005430,21/11/2024,20241121,CUS00597,1,,Credit Card,Completed,1690,800
ORD0002666,21/11/2024,20241121,CUS00863,10,EMP0156,Vodafone Cash,Completed,1989,1500
ORD0007915,21/11/2024,20241121,CUS00593,12,EMP0182,Vodafone Cash,Completed,360,180
ORD0007359,21/11/2024,20241121,CUS01040,1,EMP0020,  Credit Card  ,Completed,140,70
ORD0009312,21/11/2024,20241121,CUS02416,8,EMP0137,Fawry,Completed,768,450
ORD0010088,21/11/2024,20241121,CUS00231,14,EMP0194,Cash,Cancelled,351.5,180
ORD0009046,21/11/2024,20241121,CUS01117,1,EMP0003,InstaPay,Completed,579.5,300
ORD0010461,21/11/2024,20241121,CUS02321,15,EMP0208,Cash,Completed,1872,1040
ORD0008469,21/11/2024,20241121,CUS00462,2,EMP0029,InstaPay,Completed,522,280
ORD0006125,21/11/2024,20241121,CUS00959,4,EMP0091,  Cash  ,Completed,10450,9600
ORD0007423,21/11/2024,20241121,CUS02102,6,EMP0124,Fawry,Completed,1600,1400
ORD0004913,22/11/2024,20241122,CUS00286,5,EMP0098,Debit Card,Completed,512,280
ORD0008398,22/11/2024,20241122,CUS02027,8,EMP0142,Debit Card,Completed,20200,16200
ORD0006173,22/11/2024,20241122,CUS00147,1,EMP0014,Fawry,Completed,142.5,70
ORD0006867,22/11/2024,20241122,CUS02432,4,EMP0087,Vodafone Cash,Completed,7465,5330
ORD0003401,22/11/2024,20241122,CUS01411,8,EMP0144,Credit Card,Completed,1560,750
ORD0003609,22/11/2024,20241122,CUS01415,14,EMP0201,Vodafone Cash,Completed,128,80
ORD0003605,22/11/2024,20241122,CUS01420,5,EMP0100,  Debit Card  ,Completed,1030,480
ORD0006180,23/11/2024,20241123,CUS02887,1,EMP0015,  Vodafone Cash  ,Completed,1014,520
ORD0007080,23/11/2024,20241123,CUS02644,15,EMP0209,Debit Card,Completed,21788,18220
ORD0009039,23/11/2024,20241123,CUS01396,6,EMP0122,InstaPay,Completed,480,230
ORD0003811,23/11/2024,20241123,CUS00446,10,EMP0163,Vodafone Cash,Cancelled,1452,700
ORD0007246,23/11/2024,20241123,CUS01055,14,EMP0196,Credit Card,Completed,2637,1440
ORD0005315,23/11/2024,20241123,CUS02370,4,EMP0085,Cash,Completed,4658.5,2380
ORD0008611,23/11/2024,20241123,CUS02692,13,EMP0190,Vodafone Cash,Completed,128,70
ORD0000146,23/11/2024,20241123,CUS00253,3,EMP0063,Credit Card,Completed,252,120
ORD0007701,23/11/2024,20241123,CUS01431,2,,InstaPay,Completed,17068,13860
ORD0007335,23/11/2024,20241123,CUS01409,2,EMP0035,Fawry,Completed,738,450
ORD0010717,23/11/2024,20241123,CUS00161,6,EMP0122,  InstaPay  ,Completed,1240.5,740
ORD0009199,23/11/2024,20241123,CUS00279,3,EMP0072,  Vodafone Cash  ,Completed,437,220
ORD0004186,23/11/2024,20241123,CUS02244,13,EMP0192,Vodafone Cash,Completed,182,130
ORD0003771,23/11/2024,20241123,CUS01216,1,,Fawry,Completed,2794,1430
ORD0002522,23/11/2024,20241123,CUS02694,6,,Debit Card,Completed,937.5,480
ORD0006311,24/11/2024,20241124,CUS01764,2,EMP0039,  Fawry  ,Completed,2130,1710
ORD0009426,24/11/2024,20241124,CUS02212,11,EMP0168,Debit Card,Returned,1630.5,930
ORD0008294,24/11/2024,20241124,CUS01762,9,EMP0149,Fawry,Completed,957,520
ORD0002983,24/11/2024,20241124,CUS00749,14,EMP0200,Cash,Returned,912,450
ORD0009561,24/11/2024,20241124,CUS00712,10,EMP0154,  Credit Card  ,Completed,126,70
ORD0004189,24/11/2024,20241124,CUS00008,5,EMP0106,Cash,Completed,2374,1290
ORD0004576,24/11/2024,20241124,CUS02266,2,EMP0041,Credit Card,Completed,128,70
ORD0011446,24/11/2024,20241124,CUS01138,4,EMP0093,Credit Card,Completed,1700,840
ORD0003078,25/11/2024,20241125,CUS01101,5,EMP0109,Fawry,Completed,477.5,250
ORD0001067,25/11/2024,20241125,CUS01829,1,EMP0028,Debit Card,Completed,1661.5,930
ORD0007291,25/11/2024,20241125,CUS01634,5,EMP0112,  Debit Card  ,Completed,40500,36000
ORD0011880,25/11/2024,20241125,CUS01310,1,EMP0017,Fawry,Completed,140,70
ORD0007115,25/11/2024,20241125,CUS02162,1,EMP0024,  Credit Card  ,Completed,1749.5,880
ORD0000816,25/11/2024,20241125,CUS00317,6,EMP0118,Credit Card,Completed,5744,4570
ORD0011931,25/11/2024,20241125,CUS00146,1,EMP0010,  InstaPay  ,Completed,2085,1140
ORD0006101,25/11/2024,20241125,CUS00065,6,EMP0126,  Cash  ,Completed,602,420
ORD0006102,25/11/2024,20241125,CUS00261,10,EMP0159,InstaPay,Completed,969,490
ORD0007055,25/11/2024,20241125,CUS02486,5,EMP0105,Vodafone Cash,Completed,817,420
ORD0009339,25/11/2024,20241125,CUS02452,11,EMP0168,InstaPay,Completed,3411,1770
ORD0007217,25/11/2024,20241125,CUS00924,6,EMP0118,Debit Card,Completed,405,270
ORD0010512,25/11/2024,20241125,CUS00429,14,EMP0196,InstaPay,Completed,607.5,290
ORD0000684,26/11/2024,20241126,CUS02529,2,EMP0039,Credit Card,Completed,955,500
ORD0002206,26/11/2024,20241126,CUS01032,3,EMP0065,Cash,Completed,10210,9270
ORD0003358,26/11/2024,20241126,CUS00775,4,EMP0084,  InstaPay  ,Completed,1440,720
ORD0002462,26/11/2024,20241126,CUS00624,2,EMP0042,InstaPay,Completed,14535,12880
ORD0009148,26/11/2024,20241126,CUS00133,1,,Cash,Completed,26512,21070
ORD0006238,26/11/2024,20241126,CUS02979,1,EMP0003,Debit Card,Completed,152,70
ORD0006463,26/11/2024,20241126,CUS01107,9,EMP0145,  InstaPay  ,Returned,1076,540
ORD0011394,26/11/2024,20241126,CUS01502,7,EMP0129,InstaPay,Cancelled,972,540
ORD0006515,26/11/2024,20241126,CUS00232,7,EMP0127,Credit Card,Completed,950,440
ORD0000507,26/11/2024,20241126,CUS01283,15,EMP0204,  InstaPay  ,Completed,512,320
ORD0004964,26/11/2024,20241126,CUS02811,4,EMP0092,InstaPay,Completed,2792,1570
ORD0003997,26/11/2024,20241126,CUS02215,7,EMP0129,Credit Card,Returned,2996,1450
ORD0002344,26/11/2024,20241126,CUS00241,2,EMP0046,Debit Card,Completed,228,120
ORD0003873,26/11/2024,20241126,CUS00347,6,EMP0113,Cash,Completed,26836.5,21250
ORD0000054,26/11/2024,20241126,CUS00361,3,,  Vodafone Cash  ,Completed,11200,8900
ORD0011952,26/11/2024,20241126,CUS00259,2,EMP0043,Fawry,Completed,480,240
ORD0006744,26/11/2024,20241126,CUS02766,8,EMP0143,  Vodafone Cash  ,Completed,14817,11860
ORD0010975,27/11/2024,20241127,CUS02839,10,,Debit Card,Completed,1192,680
ORD0009193,27/11/2024,20241127,CUS01473,14,EMP0199,Cash,Completed,170,80
ORD0010827,27/11/2024,20241127,CUS02574,5,EMP0102,Cash,Completed,2000,1600
ORD0006120,27/11/2024,20241127,CUS00810,12,EMP0183,Fawry,Completed,1260,620
ORD0002314,27/11/2024,20241127,CUS00631,14,EMP0200,  Cash  ,Completed,1960,970
ORD0009399,27/11/2024,20241127,CUS02815,5,EMP0107,Fawry,Completed,1030,500
ORD0006136,27/11/2024,20241127,CUS00024,5,EMP0109,  Vodafone Cash  ,Completed,435,240
ORD0002198,27/11/2024,20241127,CUS00114,1,,Cash,Returned,95,40
ORD0003532,27/11/2024,20241127,CUS00596,13,EMP0185,  Cash  ,Completed,2728,1500
ORD0000896,27/11/2024,20241127,CUS00817,11,EMP0172,Credit Card,Completed,722.5,420
ORD0008203,27/11/2024,20241127,CUS01751,6,EMP0117,Credit Card,Completed,11590,9800
ORD0010136,27/11/2024,20241127,CUS00037,15,EMP0209,Debit Card,Cancelled,579.5,290
ORD0007265,27/11/2024,20241127,CUS00609,11,EMP0167,Credit Card,Completed,228,110
ORD0003443,28/11/2024,20241128,CUS00579,9,,Credit Card,Completed,380,180
ORD0000265,28/11/2024,20241128,CUS02490,11,EMP0167,Cash,Completed,977,520
ORD0005051,28/11/2024,20241128,CUS01380,1,EMP0016,Credit Card,Returned,1033.5,550
ORD0002052,28/11/2024,20241128,CUS02992,11,EMP0164,Vodafone Cash,Completed,2252.5,1240
ORD0003193,28/11/2024,20241128,CUS01502,10,EMP0158,  Cash  ,Completed,1920,950
ORD0001260,28/11/2024,20241128,CUS02932,4,EMP0083,  InstaPay  ,Completed,880,440
ORD0011457,28/11/2024,20241128,CUS01033,2,EMP0034,Credit Card,Returned,740.5,330
ORD0000461,28/11/2024,20241128,CUS01745,3,EMP0069,Fawry,Completed,2668.5,1370
ORD0001015,28/11/2024,20241128,CUS01911,7,EMP0130,Vodafone Cash,Completed,2586,1380
ORD0009370,28/11/2024,20241128,CUS00550,11,EMP0167,Fawry,Completed,787.5,430
ORD0004685,29/11/2024,20241129,CUS00124,1,EMP0027,Debit Card,Completed,247,130
ORD0009242,29/11/2024,20241129,CUS01675,1,EMP0018,Vodafone Cash,Completed,1996,1080
ORD0003324,29/11/2024,20241129,CUS00523,3,EMP0077,  Debit Card  ,Completed,899,450
ORD0007982,29/11/2024,20241129,CUS01301,6,EMP0123,  Vodafone Cash  ,Completed,8670,8100
ORD0005074,29/11/2024,20241129,CUS02116,8,EMP0137,Cash,Completed,430,210
ORD0005957,29/11/2024,20241129,CUS01392,7,EMP0135,Credit Card,Completed,954,530
ORD0011838,29/11/2024,20241129,CUS01139,10,EMP0154,  Vodafone Cash  ,Completed,1768,970
ORD0000879,29/11/2024,20241129,CUS00172,6,EMP0121,Credit Card,Completed,352.5,230
ORD0011546,29/11/2024,20241129,CUS02394,3,EMP0063,Fawry,Returned,12771,11030
ORD0002374,29/11/2024,20241129,CUS02360,10,EMP0158,  Cash  ,Completed,705,460
ORD0000040,30/11/2024,20241130,CUS00841,5,EMP0098,Debit Card,Completed,1060,720
ORD0004659,30/11/2024,20241130,CUS00084,5,EMP0104,InstaPay,Completed,501.5,290
ORD0009585,30/11/2024,20241130,CUS01311,2,EMP0054,Vodafone Cash,Completed,645.5,330
ORD0000905,30/11/2024,20241130,CUS02299,12,EMP0180,  Fawry  ,Completed,1494,850
ORD0004003,30/11/2024,20241130,CUS00980,11,EMP0168,  Fawry  ,Completed,414,220
ORD0007929,30/11/2024,20241130,CUS01524,6,EMP0121,  InstaPay  ,Cancelled,1853,920
ORD0011934,30/11/2024,20241130,CUS01475,3,EMP0066,Credit Card,Completed,10112,7700
ORD0000598,30/11/2024,20241130,CUS00507,5,,Credit Card,Completed,27300,21440
ORD0010248,30/11/2024,20241130,CUS01734,2,EMP0036,Fawry,Completed,2412,1940
ORD0009225,01/12/2024,20241201,CUS02335,10,EMP0153,Vodafone Cash,Completed,2050,1200
ORD0004252,01/12/2024,20241201,CUS00834,13,EMP0189,Debit Card,Completed,161.5,90
ORD0007298,01/12/2024,20241201,CUS01106,3,EMP0055,Vodafone Cash,Completed,539,280
ORD0004803,01/12/2024,20241201,CUS02080,15,EMP0208,  Fawry  ,Returned,127.5,70
ORD0002158,01/12/2024,20241201,CUS01189,10,EMP0162,InstaPay,Completed,5644,4710
ORD0011443,01/12/2024,20241201,CUS01534,2,EMP0051,Vodafone Cash,Completed,520,240
ORD0008502,01/12/2024,20241201,CUS00846,12,EMP0181,Fawry,Completed,970,540
ORD0002493,01/12/2024,20241201,CUS02170,6,EMP0116,Debit Card,Completed,324,170
ORD0004404,01/12/2024,20241201,CUS01025,4,EMP0083,  Credit Card  ,Completed,5829.5,4390
ORD0010397,01/12/2024,20241201,CUS00815,5,EMP0101,Debit Card,Completed,1534,790
ORD0010547,01/12/2024,20241201,CUS00228,6,EMP0113,Debit Card,Completed,1221.5,620
ORD0002949,01/12/2024,20241201,CUS00274,8,EMP0143,InstaPay,Completed,392,280
ORD0009916,01/12/2024,20241201,CUS02856,5,EMP0106,Credit Card,Completed,260,130
ORD0011979,01/12/2024,20241201,CUS00335,8,EMP0141,Vodafone Cash,Completed,1720,850
ORD0004454,02/12/2024,20241202,CUS01725,6,EMP0122,InstaPay,Completed,4930,4580
ORD0004709,02/12/2024,20241202,CUS00567,5,EMP0108,Fawry,Completed,1328,760
ORD0002705,02/12/2024,20241202,CUS00832,13,EMP0189,Vodafone Cash,Completed,798,390
ORD0001702,02/12/2024,20241202,CUS02925,1,EMP0021,InstaPay,Completed,350,170
ORD0010326,02/12/2024,20241202,CUS00312,1,EMP0001,Fawry,Completed,1194.5,630
ORD0003153,02/12/2024,20241202,CUS01066,1,EMP0009,Vodafone Cash,Returned,5006.5,2970
ORD0001573,02/12/2024,20241202,CUS02211,2,EMP0039,  Fawry  ,Completed,36404,28700
ORD0001543,02/12/2024,20241202,CUS01907,2,EMP0041,Debit Card,Completed,30320,24050
ORD0007383,02/12/2024,20241202,CUS02796,2,,Cash,Completed,1390,680
ORD0000414,02/12/2024,20241202,CUS00180,3,EMP0062,Credit Card,Completed,720,360
ORD0011762,02/12/2024,20241202,CUS01422,12,EMP0183,Cash,Completed,810,440
ORD0002836,02/12/2024,20241202,CUS02004,6,EMP0115,InstaPay,Returned,13339.5,12280
ORD0006417,02/12/2024,20241202,CUS00815,6,EMP0126,Vodafone Cash,Cancelled,1318.5,900
ORD0006717,02/12/2024,20241202,CUS00063,2,EMP0033,Cash,Completed,775,460
ORD0004952,02/12/2024,20241202,CUS01436,1,EMP0010,Cash,Completed,1755,910
ORD0002427,02/12/2024,20241202,CUS00405,15,EMP0206,Fawry,Completed,713.5,380
ORD0009934,02/12/2024,20241202,CUS02326,3,EMP0072,  Fawry  ,Completed,440,200
ORD0004764,02/12/2024,20241202,CUS00887,9,EMP0150,  Debit Card  ,Completed,126,70
ORD0001919,02/12/2024,20241202,CUS02741,10,EMP0154,Debit Card,Cancelled,1084,520
ORD0009926,02/12/2024,20241202,CUS00118,3,EMP0062,Cash,Completed,18600,14900
ORD0010825,03/12/2024,20241203,CUS02057,6,EMP0121,Fawry,Completed,14832,11320
ORD0007445,03/12/2024,20241203,CUS02175,2,EMP0042,InstaPay,Completed,578,320
ORD0006998,03/12/2024,20241203,CUS01257,14,EMP0197,  Credit Card  ,Cancelled,1000,470
ORD0004305,03/12/2024,20241203,CUS00661,1,EMP0019,Fawry,Completed,13995,12980
ORD0000168,03/12/2024,20241203,CUS00025,1,EMP0007,  Debit Card  ,Completed,520,230
ORD0005191,03/12/2024,20241203,CUS00537,12,EMP0182,  Cash  ,Returned,1280,640
ORD0003803,03/12/2024,20241203,CUS01329,2,EMP0048,Cash,Completed,90,40
ORD0000843,03/12/2024,20241203,CUS01070,5,EMP0110,Fawry,Completed,1052.5,560
ORD0007328,03/12/2024,20241203,CUS02600,2,EMP0036,  InstaPay  ,Completed,49004.5,42690
ORD0009275,03/12/2024,20241203,CUS01042,3,EMP0070,Debit Card,Completed,556,270
ORD0001359,03/12/2024,20241203,CUS01729,6,EMP0116,Vodafone Cash,Completed,117,60
ORD0008366,04/12/2024,20241204,CUS01739,9,EMP0151,Vodafone Cash,Completed,11050,10400
ORD0001334,04/12/2024,20241204,CUS00637,7,EMP0132,Cash,Completed,210,100
ORD0010929,04/12/2024,20241204,CUS00060,11,EMP0171,InstaPay,Completed,1179,640
ORD0003024,04/12/2024,20241204,CUS02363,1,EMP0018,  Credit Card  ,Returned,413,290
ORD0000279,04/12/2024,20241204,CUS00985,3,EMP0065,Vodafone Cash,Completed,27023,21300
ORD0003568,04/12/2024,20241204,CUS01774,6,EMP0119,Vodafone Cash,Completed,1209.5,620
ORD0001970,04/12/2024,20241204,CUS02939,4,EMP0086,InstaPay,Completed,1697,1040
ORD0007959,04/12/2024,20241204,CUS01223,6,EMP0123,Cash,Completed,575,320
ORD0001551,04/12/2024,20241204,CUS00244,14,EMP0199,InstaPay,Completed,720,400
ORD0010286,04/12/2024,20241204,CUS00865,14,EMP0196,InstaPay,Completed,11581,8880
ORD0004561,04/12/2024,20241204,CUS01251,9,EMP0148,InstaPay,Completed,180,90
ORD0008801,04/12/2024,20241204,CUS00160,2,EMP0051,  Fawry  ,Completed,133,60
ORD0003080,04/12/2024,20241204,CUS01789,3,EMP0063,Fawry,Returned,2920,1440
ORD0009289,04/12/2024,20241204,CUS01229,1,EMP0007,Vodafone Cash,Completed,862,460
ORD0011971,04/12/2024,20241204,CUS01576,15,EMP0204,InstaPay,Completed,1680,840
ORD0006603,04/12/2024,20241204,CUS01479,2,EMP0051,  InstaPay  ,Completed,307,170
ORD0003715,05/12/2024,20241205,CUS02149,12,EMP0182,Credit Card,Completed,2620,1550
ORD0000518,05/12/2024,20241205,CUS02739,3,EMP0062,Credit Card,Returned,12800,10300
ORD0004672,05/12/2024,20241205,CUS01796,6,EMP0116,Cash,Completed,1087,570
ORD0006340,05/12/2024,20241205,CUS00959,4,EMP0082,Fawry,Completed,430,220
ORD0009130,05/12/2024,20241205,CUS00334,4,EMP0093,Debit Card,Returned,2620,2210
ORD0008979,05/12/2024,20241205,CUS00264,4,EMP0084,Credit Card,Cancelled,1058.5,540
ORD0001127,05/12/2024,20241205,CUS00600,8,EMP0139,Fawry,Completed,2899.5,1740
ORD0008019,05/12/2024,20241205,CUS02003,4,,InstaPay,Completed,95,50
ORD0009005,06/12/2024,20241206,CUS00684,5,EMP0100,  Debit Card  ,Completed,525,260
ORD0007192,06/12/2024,20241206,CUS00653,3,EMP0058,Cash,Completed,1740,870
ORD0002182,06/12/2024,20241206,CUS02836,11,,Credit Card,Completed,1710,1030
ORD0008607,06/12/2024,20241206,CUS02252,3,EMP0057,  Vodafone Cash  ,Completed,234,120
ORD0007492,06/12/2024,20241206,CUS01597,1,EMP0010,Fawry,Completed,13965,11800
ORD0002203,06/12/2024,20241206,CUS02485,7,EMP0128,InstaPay,Completed,340,200
ORD0002548,06/12/2024,20241206,CUS00124,1,EMP0013,Cash,Completed,800,390
ORD0001373,06/12/2024,20241206,CUS02165,1,EMP0004,Vodafone Cash,Completed,1783.5,920
ORD0002692,06/12/2024,20241206,CUS00115,2,EMP0051,Credit Card,Completed,910,430
ORD0002381,06/12/2024,20241206,CUS02468,2,EMP0053,Vodafone Cash,Completed,1746,860
ORD0007548,07/12/2024,20241207,CUS01090,12,EMP0177,Vodafone Cash,Completed,956,480
ORD0002601,07/12/2024,20241207,CUS00624,3,,Cash,Completed,20551,15950
ORD0002561,07/12/2024,20241207,CUS01042,3,EMP0074,Credit Card,Completed,1759.5,880
ORD0007087,07/12/2024,20241207,CUS02629,9,EMP0148,Vodafone Cash,Completed,486,240
ORD0004434,07/12/2024,20241207,CUS00134,2,EMP0052,Cash,Completed,670.5,370
ORD0011366,07/12/2024,20241207,CUS01053,4,EMP0085,Cash,Completed,1100,560
ORD0008853,07/12/2024,20241207,CUS02614,12,EMP0174,Debit Card,Completed,120,70
ORD0003860,07/12/2024,20241207,CUS02646,7,EMP0128,Fawry,Completed,464,290
ORD0005270,07/12/2024,20241207,CUS00693,8,EMP0143,InstaPay,Completed,1500,720
ORD0003380,07/12/2024,20241207,CUS00710,12,EMP0174,Fawry,Completed,2288,1140
ORD0002211,07/12/2024,20241207,CUS02087,14,EMP0203,Vodafone Cash,Completed,514,250
ORD0010287,07/12/2024,20241207,CUS00489,12,EMP0184,Fawry,Completed,13410,11240
ORD0006429,08/12/2024,20241208,CUS00712,4,EMP0094,Fawry,Completed,1619.5,830
ORD0011756,08/12/2024,20241208,CUS02461,10,EMP0159,Debit Card,Completed,661.5,400
ORD0009387,08/12/2024,20241208,CUS00936,10,EMP0161,Fawry,Completed,1179,630
ORD0007606,08/12/2024,20241208,CUS01901,2,EMP0045,Credit Card,Completed,769.5,390
ORD0008317,08/12/2024,20241208,CUS00027,6,EMP0113,Credit Card,Completed,974,520
ORD0003929,08/12/2024,20241208,CUS01229,8,EMP0144,Cash,Completed,1425.5,760
ORD0008221,08/12/2024,20241208,CUS01262,1,EMP0014,Vodafone Cash,Completed,14373,11530
ORD0005896,08/12/2024,20241208,CUS02598,2,EMP0038,Cash,Completed,144,70
ORD0000618,08/12/2024,20241208,CUS00013,12,EMP0180,Fawry,Completed,361,180
ORD0006606,08/12/2024,20241208,CUS02666,10,EMP0155,Credit Card,Completed,494,250
ORD0007206,08/12/2024,20241208,CUS02425,2,EMP0046,Cash,Completed,603,300
ORD0011373,08/12/2024,20241208,CUS01070,10,EMP0152,InstaPay,Completed,22278,22010
ORD0010135,08/12/2024,20241208,CUS00003,7,EMP0132,InstaPay,Cancelled,312,180
ORD0003039,08/12/2024,20241208,CUS02731,1,EMP0016,Debit Card,Completed,963,500
ORD0011633,08/12/2024,20241208,CUS02956,2,EMP0032,  Credit Card  ,Completed,522.5,270
ORD0001350,09/12/2024,20241209,CUS01034,7,EMP0127,InstaPay,Completed,14145.5,11640
ORD0009371,09/12/2024,20241209,CUS02539,1,EMP0009,Vodafone Cash,Completed,647,380
ORD0003992,09/12/2024,20241209,CUS00352,2,EMP0036,Credit Card,Cancelled,9392,7140
ORD0006569,09/12/2024,20241209,CUS02215,5,EMP0112,  Credit Card  ,Completed,513,270
ORD0007483,09/12/2024,20241209,CUS01462,10,EMP0157,Credit Card,Completed,1473,780
ORD0002657,09/12/2024,20241209,CUS01160,8,EMP0140,  Credit Card  ,Completed,578,320
ORD0003623,09/12/2024,20241209,CUS02111,5,EMP0099,Cash,Completed,266,140
ORD0005021,09/12/2024,20241209,CUS00349,5,EMP0105,Credit Card,Completed,954,500
ORD0003858,09/12/2024,20241209,CUS02738,3,EMP0072,Fawry,Completed,700,350
ORD0003044,10/12/2024,20241210,CUS02558,2,EMP0031,  Cash  ,Completed,578,320
ORD0006842,10/12/2024,20241210,CUS00203,15,EMP0212,  Credit Card  ,Completed,285,140
ORD0009990,10/12/2024,20241210,CUS00565,1,EMP0026,InstaPay,Completed,830,410
ORD0002873,10/12/2024,20241210,CUS00784,7,EMP0129,Cash,Completed,961.5,550
ORD0009854,10/12/2024,20241210,CUS00254,5,EMP0098,  Fawry  ,Completed,648,360
ORD0006191,10/12/2024,20241210,CUS00519,13,EMP0187,InstaPay,Completed,387,210
ORD0001444,10/12/2024,20241210,CUS01872,4,EMP0094,Cash,Completed,2254,1110
ORD0011734,11/12/2024,20241211,CUS02892,8,EMP0139,  Debit Card  ,Completed,105,70
ORD0004957,11/12/2024,20241211,CUS01565,7,EMP0128,Debit Card,Completed,240,120
ORD0008458,11/12/2024,20241211,CUS02207,3,EMP0059,Vodafone Cash,Completed,2775,1360
ORD0003046,11/12/2024,20241211,CUS00234,10,EMP0154,InstaPay,Returned,5864,4540
ORD0006579,11/12/2024,20241211,CUS02984,1,EMP0007,Vodafone Cash,Completed,2222.5,1140
ORD0004951,11/12/2024,20241211,CUS01333,14,EMP0200,InstaPay,Completed,10825.5,10730
ORD0004571,11/12/2024,20241211,CUS01368,3,EMP0074,Cash,Completed,838,450
ORD0006045,11/12/2024,20241211,CUS01699,4,EMP0091,InstaPay,Cancelled,170,90
ORD0003460,11/12/2024,20241211,CUS00587,3,EMP0064,  Cash  ,Completed,560.5,290
ORD0008050,11/12/2024,20241211,CUS00054,2,EMP0042,Debit Card,Completed,622.5,370
ORD0009973,11/12/2024,20241211,CUS01133,11,EMP0165,Cash,Completed,207,110
ORD0007201,11/12/2024,20241211,CUS02788,5,EMP0096,Cash,Completed,1580,770
ORD0011685,11/12/2024,20241211,CUS00320,10,EMP0152,Cash,Returned,900,420
ORD0000181,11/12/2024,20241211,CUS00427,1,EMP0018,Vodafone Cash,Cancelled,2328,1160
ORD0000738,11/12/2024,20241211,CUS00100,10,EMP0162,Vodafone Cash,Completed,27572,23160
ORD0010211,11/12/2024,20241211,CUS00557,8,EMP0142,Debit Card,Completed,650,370
ORD0006507,11/12/2024,20241211,CUS02264,1,EMP0011,  InstaPay  ,Completed,333,180
ORD0006230,11/12/2024,20241211,CUS01648,9,EMP0148,InstaPay,Completed,336,210
ORD0008222,11/12/2024,20241211,CUS00358,4,EMP0093,InstaPay,Returned,506,280
ORD0009452,11/12/2024,20241211,CUS00215,10,EMP0161,InstaPay,Completed,582,290
ORD0007028,12/12/2024,20241212,CUS02872,13,EMP0193,  Credit Card  ,Completed,1430,700
ORD0007467,12/12/2024,20241212,CUS02796,4,EMP0082,Debit Card,Completed,908,450
ORD0002865,12/12/2024,20241212,CUS02311,9,EMP0146,  InstaPay  ,Completed,16940,13270
ORD0004124,12/12/2024,20241212,CUS02320,12,EMP0174,Debit Card,Completed,3785,2340
ORD0011602,12/12/2024,20241212,CUS02132,2,EMP0048,InstaPay,Completed,660,320
ORD0005064,12/12/2024,20241212,CUS00597,2,EMP0050,InstaPay,Completed,629,360
ORD0008321,12/12/2024,20241212,CUS02792,6,EMP0125,Cash,Completed,3288,1880
ORD0000557,12/12/2024,20241212,CUS02076,3,EMP0075,Credit Card,Completed,503.5,250
ORD0000478,12/12/2024,20241212,CUS00721,5,EMP0095,  InstaPay  ,Completed,160,70
ORD0003987,12/12/2024,20241212,CUS01636,4,EMP0087,Debit Card,Completed,1390.5,690
ORD0007980,12/12/2024,20241212,CUS01675,6,EMP0119,  Credit Card  ,Returned,2013.5,1200
ORD0003521,12/12/2024,20241212,CUS00797,2,EMP0044,  Credit Card  ,Completed,1995,1480
ORD0001266,12/12/2024,20241212,CUS00225,4,EMP0080,Vodafone Cash,Completed,320,140
ORD0004145,12/12/2024,20241212,CUS01582,14,EMP0202,Fawry,Completed,1559,790
ORD0003194,12/12/2024,20241212,CUS01337,14,EMP0194,Debit Card,Completed,140,70
ORD0011383,12/12/2024,20241212,CUS00799,3,EMP0055,Credit Card,Completed,300,140
ORD0001542,12/12/2024,20241212,CUS01168,5,EMP0107,Vodafone Cash,Completed,780,390
ORD0009324,12/12/2024,20241212,CUS00866,6,EMP0113,Vodafone Cash,Completed,260,130
ORD0009581,12/12/2024,20241212,CUS01900,11,EMP0164,Fawry,Completed,6584,5030
ORD0004917,12/12/2024,20241212,CUS00253,8,EMP0142,  Vodafone Cash  ,Completed,2600,2000
ORD0006519,12/12/2024,20241212,CUS02245,5,EMP0110,Cash,Returned,860,420
ORD0002935,13/12/2024,20241213,CUS02540,4,EMP0081,Debit Card,Completed,178.5,100
ORD0007665,13/12/2024,20241213,CUS01875,6,EMP0116,InstaPay,Completed,1224,680
ORD0004054,13/12/2024,20241213,CUS00517,5,EMP0107,Credit Card,Cancelled,502.5,310
ORD0007525,13/12/2024,20241213,CUS02101,4,EMP0087,Debit Card,Completed,1998,990
ORD0000732,13/12/2024,20241213,CUS00091,14,EMP0200,  Debit Card  ,Completed,880,440
ORD0007813,13/12/2024,20241213,CUS00157,1,EMP0025,  Cash  ,Completed,3590,1910
ORD0007566,13/12/2024,20241213,CUS01142,8,EMP0141,Debit Card,Completed,30732,26930
ORD0001709,13/12/2024,20241213,CUS01808,11,EMP0167,Credit Card,Completed,1194.5,650
ORD0010596,13/12/2024,20241213,CUS00691,4,EMP0092,InstaPay,Completed,15900,12700
ORD0010867,13/12/2024,20241213,CUS01049,11,EMP0170,Fawry,Completed,565.5,310
ORD0008094,13/12/2024,20241213,CUS02913,3,EMP0058,  Credit Card  ,Completed,17045,14270
ORD0007782,13/12/2024,20241213,CUS02679,5,EMP0111,Cash,Completed,469,240
ORD0007257,13/12/2024,20241213,CUS01002,6,EMP0116,Debit Card,Completed,11242,8640
ORD0005359,13/12/2024,20241213,CUS01396,1,EMP0019,InstaPay,Completed,1594,820
ORD0003693,13/12/2024,20241213,CUS01860,8,EMP0144,InstaPay,Completed,382.5,220
ORD0007212,14/12/2024,20241214,CUS01187,3,,Debit Card,Completed,4295,2280
ORD0002915,14/12/2024,20241214,CUS02262,5,EMP0105,InstaPay,Completed,8930,8540
ORD0000144,14/12/2024,20241214,CUS01470,5,EMP0106,Vodafone Cash,Completed,744,380
ORD0011852,14/12/2024,20241214,CUS02729,9,EMP0145,Credit Card,Cancelled,1080,510
ORD0007078,14/12/2024,20241214,CUS00700,4,EMP0090,Vodafone Cash,Completed,4500,3600
ORD0005579,14/12/2024,20241214,CUS01436,3,EMP0075,Fawry,Completed,6539.5,5820
ORD0003430,14/12/2024,20241214,CUS00570,6,EMP0116,Debit Card,Completed,260,120
ORD0005519,14/12/2024,20241214,CUS02056,4,EMP0087,Debit Card,Cancelled,271,150
ORD0008678,14/12/2024,20241214,CUS01944,6,EMP0119,  Vodafone Cash  ,Completed,279,150
ORD0005414,14/12/2024,20241214,CUS01096,4,EMP0084,InstaPay,Completed,2680,1510
ORD0008423,14/12/2024,20241214,CUS01163,14,EMP0196,InstaPay,Completed,1287,650
ORD0004808,14/12/2024,20241214,CUS01850,12,EMP0182,Debit Card,Completed,355,180
ORD0000743,14/12/2024,20241214,CUS01110,10,EMP0160,Fawry,Completed,300,140
ORD0009235,15/12/2024,20241215,CUS02849,4,EMP0089,  Cash  ,Completed,28135,25400
ORD0011432,15/12/2024,20241215,CUS00906,13,EMP0189,Credit Card,Completed,637.5,330
ORD0002295,15/12/2024,20241215,CUS01867,10,EMP0161,Cash,Completed,315,170
ORD0002238,15/12/2024,20241215,CUS02814,7,,Credit Card,Completed,1615.5,830
ORD0007498,15/12/2024,20241215,CUS01474,6,EMP0119,Debit Card,Completed,1607.5,810
ORD0001975,15/12/2024,20241215,CUS00791,2,EMP0054,InstaPay,Cancelled,1440,720
ORD0008754,15/12/2024,20241215,CUS01072,2,EMP0051,Credit Card,Completed,5010,4200
ORD0006099,15/12/2024,20241215,CUS01846,14,EMP0202,Credit Card,Completed,420,210
ORD0010503,15/12/2024,20241215,CUS00465,2,EMP0034,Cash,Completed,1593,770
ORD0004476,15/12/2024,20241215,CUS02751,5,EMP0102,InstaPay,Completed,31680,31500
ORD0007358,15/12/2024,20241215,CUS01890,3,EMP0065,Fawry,Completed,777,430
ORD0006666,15/12/2024,20241215,CUS01942,10,EMP0153,Debit Card,Completed,288,140
ORD0002854,16/12/2024,20241216,CUS00504,12,EMP0183,  Cash  ,Completed,210,100
ORD0003007,16/12/2024,20241216,CUS02904,5,EMP0103,Fawry,Completed,807.5,420
ORD0009262,16/12/2024,20241216,CUS00784,4,EMP0086,Fawry,Completed,2312,1880
ORD0008352,16/12/2024,20241216,CUS02568,1,EMP0007,Cash,Completed,728,420
ORD0001157,16/12/2024,20241216,CUS01751,5,EMP0103,Credit Card,Completed,180,80
ORD0009156,16/12/2024,20241216,CUS00246,3,EMP0076,Fawry,Completed,330,160
ORD0011583,17/12/2024,20241217,CUS02917,4,EMP0091,InstaPay,Completed,133,70
ORD0007971,17/12/2024,20241217,CUS00161,4,EMP0081,Credit Card,Completed,207,110
ORD0008757,17/12/2024,20241217,CUS01697,11,EMP0171,Debit Card,Completed,1067,570
ORD0010334,17/12/2024,20241217,CUS02728,12,EMP0181,Vodafone Cash,Completed,260,130
ORD0009763,17/12/2024,20241217,CUS00300,4,EMP0082,Debit Card,Completed,1044,570
ORD0001597,17/12/2024,20241217,CUS01739,10,EMP0160,Cash,Completed,1543,770
ORD0007337,17/12/2024,20241217,CUS02666,2,EMP0030,Cash,Completed,1552,850
ORD0011086,17/12/2024,20241217,CUS01663,4,EMP0091,  Credit Card  ,Returned,2547.5,1280
ORD0008976,17/12/2024,20241217,CUS02885,12,EMP0176,Vodafone Cash,Completed,432,210
ORD0010719,17/12/2024,20241217,CUS02279,3,EMP0069,Cash,Completed,757.5,520
ORD0007696,17/12/2024,20241217,CUS02885,11,EMP0172,Fawry,Completed,3085,2320
ORD0007646,17/12/2024,20241217,CUS01176,1,EMP0024,Vodafone Cash,Completed,442,260
ORD0003872,17/12/2024,20241217,CUS00178,1,EMP0021,InstaPay,Completed,2754,1470
ORD0001057,17/12/2024,20241217,CUS02230,11,EMP0169,  Cash  ,Completed,1156,640
ORD0010999,17/12/2024,20241217,CUS01080,4,EMP0091,Fawry,Completed,1960.5,1530
ORD0010931,17/12/2024,20241217,CUS02231,3,EMP0062,Fawry,Completed,9318.5,6400
ORD0008553,17/12/2024,20241217,CUS01601,11,EMP0169,  Vodafone Cash  ,Completed,594,320
ORD0003112,17/12/2024,20241217,CUS00804,3,EMP0064,InstaPay,Completed,112,70
ORD0002973,18/12/2024,20241218,CUS00846,11,,Debit Card,Completed,2242,1330
ORD0011157,18/12/2024,20241218,CUS00524,12,EMP0178,Debit Card,Cancelled,945,580
ORD0010870,18/12/2024,20241218,CUS00363,4,EMP0093,Credit Card,Completed,252,140
ORD0008093,18/12/2024,20241218,CUS01868,1,EMP0026,  Credit Card  ,Completed,510,250
ORD0008454,18/12/2024,20241218,CUS00486,4,EMP0093,Fawry,Completed,30280,24030
ORD0006751,18/12/2024,20241218,CUS02206,3,EMP0071,Credit Card,Completed,450,250
ORD0002933,18/12/2024,20241218,CUS01998,2,EMP0040,InstaPay,Completed,9410,7690
ORD0006161,18/12/2024,20241218,CUS02997,13,EMP0192,Cash,Completed,3043,1580
ORD0010514,18/12/2024,20241218,CUS02862,9,EMP0149,  Credit Card  ,Completed,1459.5,770
ORD0005421,18/12/2024,20241218,CUS02999,6,EMP0114,Credit Card,Completed,1956,1100
ORD0000695,19/12/2024,20241219,CUS01499,3,EMP0064,Cash,Returned,142.5,70
ORD0006388,19/12/2024,20241219,CUS02328,2,EMP0033,Debit Card,Completed,189,100
ORD0005684,19/12/2024,20241219,CUS00534,6,EMP0124,Vodafone Cash,Completed,756,370
ORD0011693,19/12/2024,20241219,CUS02163,11,EMP0166,Cash,Completed,315,210
ORD0010855,19/12/2024,20241219,CUS00784,3,EMP0072,Cash,Completed,4500,4000
ORD0008183,19/12/2024,20241219,CUS00304,11,EMP0169,Fawry,Returned,540,260
ORD0006277,20/12/2024,20241220,CUS01099,3,EMP0061,Vodafone Cash,Completed,562.5,280
ORD0001517,20/12/2024,20241220,CUS00278,5,EMP0109,Cash,Completed,9787.5,8460
ORD0005075,20/12/2024,20241220,CUS02630,11,EMP0166,Credit Card,Completed,1328,680
ORD0001252,20/12/2024,20241220,CUS02785,1,EMP0002,Credit Card,Completed,1383,820
ORD0002041,20/12/2024,20241220,CUS02644,10,EMP0157,Debit Card,Completed,112,70
ORD0009687,20/12/2024,20241220,CUS01802,7,EMP0134,Fawry,Completed,296,180
ORD0010168,20/12/2024,20241220,CUS02395,2,EMP0035,Vodafone Cash,Completed,798,420
ORD0010932,20/12/2024,20241220,CUS01172,13,EMP0193,Vodafone Cash,Completed,29280,29400
ORD0005770,20/12/2024,20241220,CUS00392,2,EMP0046,  Credit Card  ,Completed,441,240
ORD0005884,20/12/2024,20241220,CUS02215,3,EMP0067,Fawry,Completed,480,240
ORD0007116,21/12/2024,20241221,CUS02926,2,EMP0054,Cash,Completed,715,370
ORD0011550,21/12/2024,20241221,CUS02404,7,EMP0130,Cash,Completed,672,390
ORD0010106,21/12/2024,20241221,CUS00158,7,EMP0135,Cash,Completed,280,140
ORD0001397,21/12/2024,20241221,CUS02961,3,EMP0073,  InstaPay  ,Completed,730,360
ORD0009221,21/12/2024,20241221,CUS00306,1,EMP0004,Fawry,Completed,5250,4240
ORD0003065,21/12/2024,20241221,CUS01186,2,EMP0045,  InstaPay  ,Cancelled,2556,1350
ORD0006828,21/12/2024,20241221,CUS02589,5,EMP0111,Credit Card,Completed,1040,580
ORD0001904,21/12/2024,20241221,CUS01342,3,EMP0065,Cash,Completed,480,240
ORD0009091,21/12/2024,20241221,CUS01184,3,,Vodafone Cash,Cancelled,150,70
ORD0003956,21/12/2024,20241221,CUS00120,3,EMP0063,  Fawry  ,Returned,1410,720
ORD0007486,21/12/2024,20241221,CUS00918,12,EMP0180,Cash,Completed,1236,610
ORD0003598,21/12/2024,20241221,CUS02382,2,EMP0050,Debit Card,Completed,59792,50970
ORD0010434,21/12/2024,20241221,CUS00713,5,EMP0111,  InstaPay  ,Cancelled,2343,1150
ORD0000532,22/12/2024,20241222,CUS02554,11,EMP0171,Fawry,Completed,840,420
ORD0002624,22/12/2024,20241222,CUS01448,10,EMP0152,Debit Card,Completed,38959.5,32520
ORD0011527,22/12/2024,20241222,CUS00844,4,EMP0088,Cash,Completed,1054,550
ORD0011389,22/12/2024,20241222,CUS01757,3,EMP0063,Fawry,Completed,280,120
ORD0005429,22/12/2024,20241222,CUS00433,3,EMP0074,Fawry,Returned,1435.5,730
ORD0007830,22/12/2024,20241222,CUS00633,5,EMP0095,Debit Card,Completed,2215,1160
ORD0011081,22/12/2024,20241222,CUS00166,2,EMP0043,Credit Card,Completed,7866,5970
ORD0003459,22/12/2024,20241222,CUS00065,1,EMP0019,Cash,Completed,280,140
ORD0007671,22/12/2024,20241222,CUS01869,13,EMP0190,Debit Card,Returned,1072.5,620
ORD0001871,22/12/2024,20241222,CUS02426,3,EMP0072,Credit Card,Completed,540,260
ORD0010750,22/12/2024,20241222,CUS01176,2,EMP0046,  Credit Card  ,Returned,880,420
ORD0005743,22/12/2024,20241222,CUS00229,4,EMP0092,Debit Card,Returned,1410,730
ORD0006912,23/12/2024,20241223,CUS00412,13,EMP0187,Debit Card,Completed,915,480
ORD0000291,23/12/2024,20241223,CUS02652,1,EMP0021,Fawry,Completed,574,290
ORD0004146,23/12/2024,20241223,CUS00474,9,EMP0146,Vodafone Cash,Completed,1490.5,750
ORD0002468,23/12/2024,20241223,CUS00049,12,EMP0175,Vodafone Cash,Completed,280,140
ORD0008006,23/12/2024,20241223,CUS02293,14,EMP0197,Debit Card,Completed,6711,5380
ORD0008091,23/12/2024,20241223,CUS00640,14,EMP0198,  Fawry  ,Returned,2223.5,1110
ORD0001316,23/12/2024,20241223,CUS02515,2,EMP0047,Fawry,Completed,260,130
ORD0007485,24/12/2024,20241224,CUS02882,1,EMP0021,Vodafone Cash,Completed,324,160
ORD0010568,24/12/2024,20241224,CUS01682,4,EMP0091,  Credit Card  ,Completed,408,240
ORD0005545,24/12/2024,20241224,CUS00790,4,EMP0085,Vodafone Cash,Completed,12880,10120
ORD0009697,24/12/2024,20241224,CUS00227,2,EMP0044,  Debit Card  ,Completed,19920,16480
ORD0007363,24/12/2024,20241224,CUS02536,14,EMP0196,Credit Card,Completed,228,110
ORD0003240,24/12/2024,20241224,CUS00267,13,EMP0191,  Vodafone Cash  ,Completed,279,150
ORD0003729,24/12/2024,20241224,CUS01136,14,EMP0197,Credit Card,Completed,1770,1280
ORD0007416,24/12/2024,20241224,CUS02486,11,EMP0170,Credit Card,Completed,75120,59830
ORD0006919,24/12/2024,20241224,CUS01515,1,EMP0015,Credit Card,Completed,408.5,210
ORD0008409,25/12/2024,20241225,CUS00113,5,EMP0096,Credit Card,Completed,1182,610
ORD0008805,25/12/2024,20241225,CUS00826,15,,Fawry,Completed,5865,4940
ORD0011051,25/12/2024,20241225,CUS02102,7,EMP0133,Vodafone Cash,Completed,1262,610
ORD0009455,25/12/2024,20241225,CUS00946,3,EMP0056,Credit Card,Completed,144,80
ORD0011396,25/12/2024,20241225,CUS02575,5,EMP0097,Cash,Cancelled,289,160
ORD0007718,25/12/2024,20241225,CUS00520,2,EMP0040,Fawry,Returned,747,410
ORD0005888,25/12/2024,20241225,CUS00290,8,EMP0137,Fawry,Completed,3284,1770
ORD0010056,25/12/2024,20241225,CUS00316,6,EMP0122,InstaPay,Completed,313.5,150
ORD0010360,25/12/2024,20241225,CUS02097,3,EMP0063,Cash,Completed,684,350
ORD0005615,25/12/2024,20241225,CUS02386,2,EMP0040,Fawry,Completed,19308,16760
ORD0003493,25/12/2024,20241225,CUS00148,4,EMP0080,Vodafone Cash,Completed,661.5,360
ORD0000388,25/12/2024,20241225,CUS02801,6,EMP0119,Cash,Completed,16575,15600
ORD0010441,25/12/2024,20241225,CUS00293,3,EMP0078,Cash,Completed,55747,59330
ORD0001896,25/12/2024,20241225,CUS00260,1,EMP0020,Cash,Completed,2385,1220
ORD0010960,26/12/2024,20241226,CUS02439,3,EMP0073,Vodafone Cash,Completed,1087.5,580
ORD0006996,26/12/2024,20241226,CUS02435,12,EMP0174,Cash,Completed,9595,8100
ORD0007095,26/12/2024,20241226,CUS00123,11,EMP0170,Credit Card,Completed,600,300
ORD0005926,26/12/2024,20241226,CUS01111,6,EMP0124,  Fawry  ,Completed,1072,690
ORD0002473,26/12/2024,20241226,CUS02147,1,EMP0002,Vodafone Cash,Completed,315,220
ORD0004126,26/12/2024,20241226,CUS00829,5,EMP0110,Cash,Completed,97.5,60
ORD0003523,26/12/2024,20241226,CUS01054,11,EMP0173,Fawry,Completed,845.5,480
ORD0003206,26/12/2024,20241226,CUS00319,14,EMP0198,Vodafone Cash,Completed,1652,850
ORD0006451,26/12/2024,20241226,CUS02892,4,EMP0093,InstaPay,Completed,570,280
ORD0010887,26/12/2024,20241226,CUS02889,7,EMP0132,Fawry,Completed,780,390
ORD0009761,26/12/2024,20241226,CUS02559,2,EMP0046,  Debit Card  ,Completed,768,400
ORD0011466,27/12/2024,20241227,CUS02074,3,EMP0075,Fawry,Completed,772,430
ORD0007728,27/12/2024,20241227,CUS01159,4,EMP0086,Vodafone Cash,Completed,216,130
ORD0008217,27/12/2024,20241227,CUS02194,4,EMP0090,InstaPay,Completed,9908,9360
ORD0002087,27/12/2024,20241227,CUS01664,10,EMP0152,  Cash  ,Completed,1470,690
ORD0000155,27/12/2024,20241227,CUS01159,4,EMP0091,InstaPay,Completed,625,380
ORD0008176,27/12/2024,20241227,CUS01619,6,EMP0126,InstaPay,Completed,1108.5,600
ORD0003466,27/12/2024,20241227,CUS02585,1,EMP0002,  Cash  ,Returned,45450,38170
ORD0006720,27/12/2024,20241227,CUS00948,9,EMP0145,  InstaPay  ,Completed,648,360
ORD0002999,27/12/2024,20241227,CUS02456,5,EMP0103,InstaPay,Returned,112.5,70
ORD0003950,27/12/2024,20241227,CUS02495,1,EMP0012,  Credit Card  ,Completed,1912,1030
ORD0008745,27/12/2024,20241227,CUS02125,11,EMP0168,Cash,Completed,456,240
ORD0006623,27/12/2024,20241227,CUS01136,4,EMP0093,  Vodafone Cash  ,Completed,279,150
ORD0001158,27/12/2024,20241227,CUS02429,12,EMP0174,InstaPay,Completed,9425,8770
ORD0000540,28/12/2024,20241228,CUS00166,1,EMP0013,Cash,Completed,731.5,390
ORD0005714,28/12/2024,20241228,CUS00846,4,EMP0091,Fawry,Completed,1642.5,930
ORD0004852,28/12/2024,20241228,CUS00682,8,EMP0138,Debit Card,Returned,272.5,140
ORD0008817,28/12/2024,20241228,CUS01253,6,EMP0120,Fawry,Completed,848,520
ORD0003960,28/12/2024,20241228,CUS01704,14,EMP0203,Credit Card,Completed,136,70
ORD0001301,29/12/2024,20241229,CUS01886,1,,Credit Card,Completed,368,220
ORD0002147,29/12/2024,20241229,CUS02513,7,EMP0130,Vodafone Cash,Completed,744,400
ORD0011351,29/12/2024,20241229,CUS02192,1,EMP0005,Cash,Completed,830,450
ORD0000546,29/12/2024,20241229,CUS01907,2,EMP0031,Fawry,Completed,2709,1420
ORD0003744,29/12/2024,20241229,CUS02446,12,EMP0175,  Vodafone Cash  ,Completed,370.5,180
ORD0003293,29/12/2024,20241229,CUS01814,14,EMP0195,InstaPay,Completed,684,380
ORD0004517,29/12/2024,20241229,CUS00913,3,EMP0062,  Vodafone Cash  ,Completed,252,140
ORD0011277,29/12/2024,20241229,CUS01638,2,EMP0044,Debit Card,Completed,2060,1110
ORD0008341,29/12/2024,20241229,CUS00324,4,EMP0079,Cash,Completed,504,280
ORD0008796,29/12/2024,20241229,CUS02804,12,EMP0176,InstaPay,Completed,330,160
ORD0007630,29/12/2024,20241229,CUS02367,5,EMP0099,Cash,Completed,402,210
ORD0008918,30/12/2024,20241230,CUS01015,15,,Cash,Completed,686,480
ORD0008182,30/12/2024,20241230,CUS01889,13,EMP0191,Cash,Completed,32700,25900
ORD0003016,30/12/2024,20241230,CUS00304,10,EMP0157,Vodafone Cash,Completed,6321,4910
ORD0011070,30/12/2024,20241230,CUS00078,2,EMP0031,Debit Card,Completed,2432,1810
ORD0002733,30/12/2024,20241230,CUS00161,7,EMP0131,  InstaPay  ,Cancelled,2120,1080
ORD0007011,30/12/2024,20241230,CUS02989,12,EMP0179,Fawry,Completed,924,490
ORD0005587,30/12/2024,20241230,CUS00158,12,EMP0180,  Fawry  ,Completed,720,340
ORD0011495,30/12/2024,20241230,CUS01842,9,EMP0149,Credit Card,Completed,1062,580
ORD0001791,30/12/2024,20241230,CUS02785,1,EMP0016,InstaPay,Returned,1440,690
ORD0001717,30/12/2024,20241230,CUS02413,6,EMP0120,  Credit Card  ,Completed,323,160
ORD0009672,31/12/2024,20241231,CUS01967,1,EMP0011,Debit Card,Returned,886.5,500
ORD0010182,31/12/2024,20241231,CUS02253,1,EMP0014,Fawry,Completed,4640,4280
ORD0009178,31/12/2024,20241231,CUS01105,6,EMP0126,Vodafone Cash,Completed,1786,960
ORD0005079,31/12/2024,20241231,CUS02998,3,EMP0058,Vodafone Cash,Completed,135,70
ORD0007304,31/12/2024,20241231,CUS01198,15,EMP0208,Cash,Completed,1815,940
ORD0005982,31/12/2024,20241231,CUS02327,7,EMP0128,Fawry,Completed,798,400
ORD0010786,31/12/2024,20241231,CUS02472,2,EMP0049,Debit Card,Completed,3019,1800
ORD0003760,31/12/2024,20241231,CUS01976,3,EMP0066,  Debit Card  ,Completed,17700,14100
