order_id,order_date,date_id,customer_id,store_id,employee_id,payment_method,order_status,total_revenue,total_cost
ORD0003830,01/01/2022,20220101,CUS01700,4,EMP0089,Debit Card,Completed,840,460
ORD0001773,01/01/2022,20220101,CUS01029,2,EMP0047,Debit Card,Completed,1332,740
ORD0011987,01/01/2022,20220101,CUS02153,11,EMP0173,Debit Card,Completed,520,260
ORD0009735,01/01/2022,20220101,CUS00424,2,EMP0043,Cash,Completed,344,210
ORD0007544,01/01/2022,20220101,CUS01849,10,EMP0160,Vodafone Cash,Completed,1408,740
ORD0003270,01/01/2022,20220101,CUS02303,7,EMP0128,Fawry,Completed,324,170
ORD0010894,01/01/2022,20220101,CUS01418,14,EMP0197,Vodafone Cash,Completed,828.5,420
ORD0003885,01/01/2022,20220101,CUS01590,14,EMP0194,InstaPay,Returned,2101.5,1080
ORD0009843,01/01/2022,20220101,CUS01268,4,EMP0082,  Fawry  ,Completed,1514,740
ORD0001947,01/01/2022,20220101,CUS02308,6,EMP0115,InstaPay,Completed,12945.5,12110
ORD0007370,01/01/2022,20220101,CUS01745,6,EMP0116,  Debit Card  ,Completed,1112.5,610
ORD0005761,02/01/2022,20220102,CUS02600,1,EMP0017,Debit Card,Completed,459,260
ORD0003284,02/01/2022,20220102,CUS02060,9,EMP0148,  Credit Card  ,Completed,108,60
ORD0009709,02/01/2022,20220102,CUS00704,4,EMP0083,Vodafone Cash,Completed,980,570
ORD0010942,02/01/2022,20220102,CUS00611,3,EMP0055,Debit Card,Completed,150,70
ORD0003412,02/01/2022,20220102,CUS00162,3,EMP0063,Vodafone Cash,Completed,1187.5,630
ORD0004900,02/01/2022,20220102,CUS02322,12,EMP0179,  Debit Card  ,Completed,1046,530
ORD0004801,02/01/2022,20220102,CUS00312,1,EMP0006,  Debit Card  ,Completed,1008,550
ORD0004599,02/01/2022,20220102,CUS01963,15,EMP0208,  InstaPay  ,Completed,1720,820
ORD0009755,02/01/2022,20220102,CUS00200,7,,Credit Card,Completed,960.5,560
ORD0002349,02/01/2022,20220102,CUS01585,4,EMP0091,  Fawry  ,Completed,1653,820
ORD0005584,02/01/2022,20220102,CUS02863,2,EMP0040,Cash,Completed,1620,870
ORD0006462,02/01/2022,20220102,CUS01886,1,EMP0001,Debit Card,Completed,720,360
ORD0004872,02/01/2022,20220102,CUS02790,1,EMP0025,Fawry,Completed,10040,9440
ORD0007354,02/01/2022,20220102,CUS02723,11,EMP0165,Cash,Completed,1745,930
ORD0003556,02/01/2022,20220102,CUS00337,9,EMP0148,Fawry,Cancelled,150,70
ORD0007514,03/01/2022,20220103,CUS00158,4,EMP0090,Debit Card,Completed,984,490
ORD0011781,03/01/2022,20220103,CUS01931,13,EMP0188,Cash,Completed,882,680
ORD0007012,03/01/2022,20220103,CUS01388,9,EMP0146,InstaPay,Returned,270,130
ORD0002990,03/01/2022,20220103,CUS00970,11,EMP0168,  InstaPay  ,Completed,17420,18100
ORD0009779,03/01/2022,20220103,CUS00024,10,EMP0155,Vodafone Cash,Completed,1496,880
ORD0007898,03/01/2022,20220103,CUS01384,2,EMP0029,Fawry,Completed,620.5,360
ORD0006630,03/01/2022,20220103,CUS02931,3,EMP0075,Credit Card,Completed,1705,840
ORD0002527,03/01/2022,20220103,CUS00863,7,EMP0128,Credit Card,Returned,140,70
ORD0011599,03/01/2022,20220103,CUS01797,4,EMP0092,Debit Card,Completed,1000,480
ORD0008200,03/01/2022,20220103,CUS00763,14,EMP0200,Fawry,Completed,250,120
ORD0008133,03/01/2022,20220103,CUS00287,3,EMP0061,Credit Card,Completed,400,180
ORD0006331,03/01/2022,20220103,CUS00926,8,EMP0138,Debit Card,Completed,144,80
ORD0011920,03/01/2022,20220103,CUS01445,5,EMP0099,Fawry,Completed,1879,1150
ORD0007389,04/01/2022,20220104,CUS01796,12,EMP0179,Vodafone Cash,Completed,1912.5,1260
ORD0005911,04/01/2022,20220104,CUS02048,9,EMP0148,  Fawry  ,Completed,126,70
ORD0003572,04/01/2022,20220104,CUS02975,1,EMP0008,Cash,Completed,867,500
ORD0003245,04/01/2022,20220104,CUS00890,10,EMP0153,Credit Card,Completed,126,70
ORD0008639,04/01/2022,20220104,CUS02459,5,EMP0097,Fawry,Returned,2438.5,1370
ORD0000613,04/01/2022,20220104,CUS01480,3,EMP0056,Cash,Completed,180,120
ORD0003217,04/01/2022,20220104,CUS01847,2,EMP0050,Cash,Completed,480,230
ORD0009497,04/01/2022,20220104,CUS01201,7,EMP0131,Credit Card,Completed,144,70
ORD0001547,04/01/2022,20220104,CUS01211,1,EMP0014,  Credit Card  ,Completed,364,240
ORD0011181,04/01/2022,20220104,CUS02923,1,EMP0007,Cash,Completed,3545,1760
ORD0008695,04/01/2022,20220104,CUS02351,2,EMP0048,Fawry,Returned,669,350
ORD0005622,04/01/2022,20220104,CUS00922,2,EMP0036,Fawry,Completed,32539,27040
ORD0005698,04/01/2022,20220104,CUS02083,6,EMP0123,Debit Card,Returned,522,290
ORD0010585,04/01/2022,20220104,CUS01845,3,EMP0060,Cash,Completed,3961,1970
ORD0008959,05/01/2022,20220105,CUS00118,5,EMP0103,InstaPay,Completed,1434,740
ORD0004075,05/01/2022,20220105,CUS02268,5,EMP0098,  Fawry  ,Completed,25450,24700
ORD0005996,05/01/2022,20220105,CUS02966,5,EMP0101,Vodafone Cash,Completed,442,250
ORD0008933,05/01/2022,20220105,CUS00282,1,EMP0005,Cash,Completed,16097,13210
ORD0009180,05/01/2022,20220105,CUS01953,1,EMP0010,Cash,Completed,8122.5,6890
ORD0004337,05/01/2022,20220105,CUS01321,1,EMP0021,InstaPay,Completed,378,210
ORD0007407,05/01/2022,20220105,CUS00761,3,EMP0056,  InstaPay  ,Completed,180,100
ORD0009048,05/01/2022,20220105,CUS02462,15,EMP0212,InstaPay,Returned,1696,890
ORD0001409,05/01/2022,20220105,CUS00053,3,EMP0073,Fawry,Completed,35640,31500
ORD0006533,05/01/2022,20220105,CUS02993,3,EMP0073,  InstaPay  ,Completed,482.5,260
ORD0004558,05/01/2022,20220105,CUS02352,5,EMP0111,Credit Card,Completed,135,70
ORD0006990,05/01/2022,20220105,CUS00896,11,EMP0164,Vodafone Cash,Completed,1125,590
ORD0011981,05/01/2022,20220105,CUS02416,2,EMP0051,  Cash  ,Completed,28594,30160
ORD0002793,05/01/2022,20220105,CUS02389,14,EMP0197,InstaPay,Cancelled,8160,8000
ORD0005004,06/01/2022,20220106,CUS01392,13,EMP0190,Fawry,Completed,747,450
ORD0008997,06/01/2022,20220106,CUS02796,12,EMP0177,Credit Card,Completed,480,300
ORD0005212,06/01/2022,20220106,CUS00312,10,EMP0156,  Fawry  ,Completed,5738,4610
ORD0005132,06/01/2022,20220106,CUS02109,6,EMP0123,Vodafone Cash,Completed,510,280
ORD0009384,06/01/2022,20220106,CUS00027,5,EMP0095,InstaPay,Completed,170,80
ORD0011794,06/01/2022,20220106,CUS00894,8,EMP0143,InstaPay,Completed,253.5,140
ORD0001834,06/01/2022,20220106,CUS02698,2,EMP0042,  InstaPay  ,Completed,1048,630
ORD0011552,06/01/2022,20220106,CUS02399,1,EMP0010,Debit Card,Completed,150,70
ORD0009837,07/01/2022,20220107,CUS00485,13,,Vodafone Cash,Completed,935,560
ORD0011401,07/01/2022,20220107,CUS01289,1,EMP0017,Credit Card,Completed,1472.5,700
ORD0006381,07/01/2022,20220107,CUS02538,1,EMP0006,InstaPay,Completed,280,140
ORD0007846,07/01/2022,20220107,CUS01069,12,EMP0184,Vodafone Cash,Completed,1740,870
ORD0000234,07/01/2022,20220107,CUS02362,1,EMP0026,InstaPay,Completed,15134,12020
ORD0001923,07/01/2022,20220107,CUS02280,6,EMP0124,Debit Card,Returned,2199.5,1110
ORD0007912,07/01/2022,20220107,CUS00133,7,,Debit Card,Completed,3210.5,1610
ORD0003882,07/01/2022,20220107,CUS01458,2,EMP0051,Debit Card,Completed,320,140
ORD0011170,08/01/2022,20220108,CUS01226,3,EMP0070,Cash,Completed,1620,810
ORD0008414,08/01/2022,20220108,CUS01391,1,EMP0028,Cash,Completed,458,260
ORD0004736,08/01/2022,20220108,CUS00681,7,EMP0128,  InstaPay  ,Completed,234,130
ORD0009892,08/01/2022,20220108,CUS02128,5,EMP0097,InstaPay,Completed,750,480
ORD0006138,08/01/2022,20220108,CUS00831,3,EMP0055,Vodafone Cash,Completed,14230,12690
ORD0000568,08/01/2022,20220108,CUS00421,7,EMP0135,  Cash  ,Completed,2236.5,1140
ORD0003796,08/01/2022,20220108,CUS01402,3,EMP0077,Vodafone Cash,Completed,336,210
ORD0011913,08/01/2022,20220108,CUS00640,9,EMP0147,  Credit Card  ,Completed,333,180
ORD0001218,08/01/2022,20220108,CUS02028,5,EMP0112,Debit Card,Completed,378,200
ORD0003840,08/01/2022,20220108,CUS01966,14,EMP0195,InstaPay,Completed,126,70
ORD0009786,09/01/2022,20220109,CUS00671,11,EMP0165,InstaPay,Completed,1142.5,690
ORD0010092,09/01/2022,20220109,CUS01602,3,EMP0060,Vodafone Cash,Completed,1530,750
ORD0009742,09/01/2022,20220109,CUS00483,6,EMP0122,Cash,Completed,726,360
ORD0005699,09/01/2022,20220109,CUS02224,4,EMP0079,Vodafone Cash,Completed,277.5,180
ORD0006301,09/01/2022,20220109,CUS02704,2,EMP0037,Credit Card,Completed,1461.5,730
ORD0006700,09/01/2022,20220109,CUS00446,11,EMP0169,Cash,Completed,11090,8790
ORD0008986,09/01/2022,20220109,CUS00592,6,EMP0120,InstaPay,Completed,342,180
ORD0011525,09/01/2022,20220109,CUS02507,5,EMP0104,Vodafone Cash,Completed,662.5,370
ORD0001944,09/01/2022,20220109,CUS02423,3,EMP0074,Cash,Completed,260,130
ORD0011808,09/01/2022,20220109,CUS01630,11,EMP0164,Credit Card,Completed,837,450
ORD0007767,09/01/2022,20220109,CUS02662,6,EMP0118,Cash,Completed,320,140
ORD0004495,10/01/2022,20220110,CUS02848,12,EMP0182,Debit Card,Completed,611,310
ORD0010893,10/01/2022,20220110,CUS01447,3,EMP0077,  InstaPay  ,Completed,621.5,310
ORD0010588,10/01/2022,20220110,CUS02694,2,EMP0036,Debit Card,Completed,493,280
ORD0001710,10/01/2022,20220110,CUS01942,7,EMP0131,Vodafone Cash,Completed,1125,600
ORD0003634,10/01/2022,20220110,CUS00322,5,EMP0112,Vodafone Cash,Completed,1050,500
ORD0010107,11/01/2022,20220111,CUS01780,4,EMP0086,Debit Card,Completed,1070,510
ORD0000696,11/01/2022,20220111,CUS01739,1,EMP0005,Fawry,Returned,816,660
ORD0001231,11/01/2022,20220111,CUS00296,8,EMP0138,Cash,Completed,21919,21430
ORD0001830,11/01/2022,20220111,CUS01008,5,,Fawry,Completed,2232,1150
ORD0002944,11/01/2022,20220111,CUS02313,12,EMP0179,Debit Card,Completed,412,250
ORD0008088,11/01/2022,20220111,CUS00678,6,EMP0118,Fawry,Completed,828,440
ORD0009421,11/01/2022,20220111,CUS02612,15,EMP0215,Cash,Returned,190,90
ORD0006707,11/01/2022,20220111,CUS01425,1,EMP0002,Vodafone Cash,Completed,27270,24040
ORD0001365,11/01/2022,20220111,CUS01881,2,EMP0048,InstaPay,Completed,3330,2510
ORD0005705,11/01/2022,20220111,CUS02790,2,EMP0046,Fawry,Completed,210,100
ORD0002223,11/01/2022,20220111,CUS00186,2,EMP0031,Credit Card,Completed,5603,3840
ORD0002684,12/01/2022,20220112,CUS01633,2,EMP0038,Credit Card,Completed,1656,880
ORD0002970,12/01/2022,20220112,CUS00602,11,EMP0173,Credit Card,Completed,418,220
ORD0009076,12/01/2022,20220112,CUS01918,12,EMP0174,  Cash  ,Completed,2300,1460
ORD0009682,12/01/2022,20220112,CUS00258,10,EMP0158,Debit Card,Completed,291,160
ORD0004272,12/01/2022,20220112,CUS00064,14,EMP0200,Vodafone Cash,Completed,360,160
ORD0010444,12/01/2022,20220112,CUS00427,10,EMP0158,InstaPay,Completed,4096,2040
ORD0004712,12/01/2022,20220112,CUS00906,3,EMP0063,Vodafone Cash,Completed,1392,720
ORD0009161,13/01/2022,20220113,CUS00545,3,EMP0058,Credit Card,Completed,140,70
ORD0006280,13/01/2022,20220113,CUS00945,1,EMP0014,InstaPay,Completed,228,120
ORD0001725,13/01/2022,20220113,CUS00251,2,EMP0037,InstaPay,Completed,1143,560
ORD0003601,13/01/2022,20220113,CUS02253,5,EMP0108,Fawry,Completed,288,140
ORD0005311,13/01/2022,20220113,CUS02704,5,EMP0106,Vodafone Cash,Completed,640,280
ORD0001180,13/01/2022,20220113,CUS01684,3,EMP0077,Fawry,Completed,948,510
ORD0009093,13/01/2022,20220113,CUS02976,1,EMP0023,  Debit Card  ,Completed,1104,660
ORD0006115,13/01/2022,20220113,CUS01254,3,EMP0071,Credit Card,Completed,1022,530
ORD0002179,14/01/2022,20220114,CUS00544,5,EMP0106,Credit Card,Completed,2087.5,1030
ORD0001483,14/01/2022,20220114,CUS00710,5,EMP0098,InstaPay,Completed,232.5,110
ORD0001788,14/01/2022,20220114,CUS01619,13,EMP0191,  Vodafone Cash  ,Returned,1664,820
ORD0003798,14/01/2022,20220114,CUS02666,3,EMP0071,InstaPay,Completed,648,340
ORD0004876,14/01/2022,20220114,CUS00233,5,EMP0095,Cash,Completed,423,230
ORD0000031,14/01/2022,20220114,CUS01253,2,EMP0038,Debit Card,Completed,2388,1330
ORD0011499,14/01/2022,20220114,CUS02865,3,EMP0067,Credit Card,Completed,5760,4360
ORD0001845,14/01/2022,20220114,CUS00304,2,EMP0029,  Vodafone Cash  ,Completed,1090,570
ORD0003747,14/01/2022,20220114,CUS00044,8,EMP0141,Cash,Completed,785.5,480
ORD0007255,14/01/2022,20220114,CUS00697,14,EMP0194,Credit Card,Completed,1350,750
ORD0007778,14/01/2022,20220114,CUS01633,10,EMP0162,Credit Card,Completed,810,400
ORD0001031,14/01/2022,20220114,CUS02415,7,EMP0136,Credit Card,Completed,520,250
ORD0005514,14/01/2022,20220114,CUS02599,8,EMP0139,Credit Card,Completed,600,290
ORD0004704,14/01/2022,20220114,CUS01143,3,EMP0055,Vodafone Cash,Completed,898,460
ORD0008914,14/01/2022,20220114,CUS01806,13,EMP0191,Cash,Completed,1188,670
ORD0004878,14/01/2022,20220114,CUS02570,4,EMP0089,Debit Card,Completed,800,700
ORD0006349,14/01/2022,20220114,CUS01026,7,EMP0131,  InstaPay  ,Completed,6100,4900
ORD0009016,14/01/2022,20220114,CUS01602,7,EMP0135,Debit Card,Completed,16920.5,14990
ORD0005296,14/01/2022,20220114,CUS01222,11,EMP0164,Fawry,Completed,23141,21360
ORD0000240,15/01/2022,20220115,CUS02998,6,EMP0124,Vodafone Cash,Completed,1359,750
ORD0007873,15/01/2022,20220115,CUS02519,6,EMP0114,Fawry,Completed,1026,540
ORD0006634,15/01/2022,20220115,CUS02489,7,EMP0133,Debit Card,Completed,368,220
ORD0009229,15/01/2022,20220115,CUS00854,5,EMP0098,  InstaPay  ,Cancelled,460,220
ORD0000433,15/01/2022,20220115,CUS00318,10,EMP0158,Credit Card,Completed,290,140
ORD0006410,15/01/2022,20220115,CUS02734,5,EMP0112,InstaPay,Returned,453,260
ORD0010832,15/01/2022,20220115,CUS01781,1,EMP0018,Cash,Returned,600,400
ORD0004209,15/01/2022,20220115,CUS00947,3,EMP0073,Cash,Completed,874.5,460
ORD0004082,15/01/2022,20220115,CUS00157,10,,Fawry,Completed,16228,12620
ORD0001553,15/01/2022,20220115,CUS00613,2,EMP0036,Vodafone Cash,Completed,848,450
ORD0008154,15/01/2022,20220115,CUS01579,4,,Cash,Completed,8100,8400
ORD0006488,16/01/2022,20220116,CUS02975,2,EMP0035,Fawry,Returned,863,440
ORD0007041,16/01/2022,20220116,CUS00070,13,EMP0188,Debit Card,Completed,680,320
ORD0009929,16/01/2022,20220116,CUS01197,7,EMP0129,InstaPay,Completed,13193,10990
ORD0007123,16/01/2022,20220116,CUS02890,12,EMP0180,Fawry,Completed,1110,540
ORD0011684,16/01/2022,20220116,CUS01491,1,EMP0016,  Credit Card  ,Completed,760.5,390
ORD0000916,16/01/2022,20220116,CUS02870,4,EMP0083,  Fawry  ,Completed,799.5,410
ORD0000426,16/01/2022,20220116,CUS00031,6,EMP0119,Debit Card,Completed,27192,21440
ORD0001408,16/01/2022,20220116,CUS01979,2,EMP0030,Credit Card,Returned,243,120
ORD0009835,16/01/2022,20220116,CUS00961,3,EMP0055,Vodafone Cash,Completed,1398,680
ORD0000463,16/01/2022,20220116,CUS01353,7,EMP0131,InstaPay,Returned,570,270
ORD0002918,16/01/2022,20220116,CUS01827,7,EMP0132,Cash,Completed,940.5,520
ORD0002403,16/01/2022,20220116,CUS02314,14,EMP0197,Debit Card,Completed,754,370
ORD0009244,16/01/2022,20220116,CUS02809,13,EMP0185,Debit Card,Completed,867,450
ORD0005561,16/01/2022,20220116,CUS00997,2,EMP0050,InstaPay,Completed,10970,10460
ORD0001308,16/01/2022,20220116,CUS00464,7,EMP0133,Debit Card,Completed,315,170
ORD0011175,17/01/2022,20220117,CUS01323,14,EMP0203,Vodafone Cash,Completed,3040,1480
ORD0011690,17/01/2022,20220117,CUS02577,3,EMP0072,Credit Card,Completed,78660,66300
ORD0009771,17/01/2022,20220117,CUS02810,9,EMP0147,Credit Card,Completed,2621.5,1400
ORD0011168,18/01/2022,20220118,CUS01210,12,EMP0179,InstaPay,Completed,61353,48550
ORD0004188,18/01/2022,20220118,CUS01760,3,EMP0069,InstaPay,Completed,279,150
ORD0007855,18/01/2022,20220118,CUS02466,3,EMP0058,InstaPay,Completed,38120,30380
ORD0006348,18/01/2022,20220118,CUS00414,12,EMP0184,Cash,Completed,580,290
ORD0005750,18/01/2022,20220118,CUS01177,1,EMP0010,Cash,Cancelled,8075,6500
ORD0000083,18/01/2022,20220118,CUS00802,2,EMP0031,Debit Card,Completed,1312,800
ORD0010078,18/01/2022,20220118,CUS01883,7,EMP0131,InstaPay,Completed,1687,940
ORD0008991,18/01/2022,20220118,CUS01934,1,EMP0012,  InstaPay  ,Completed,344,210
ORD0000458,18/01/2022,20220118,CUS00328,8,EMP0137,InstaPay,Completed,7095,5040
ORD0005740,18/01/2022,20220118,CUS01419,6,EMP0115,Cash,Completed,832,500
ORD0003999,18/01/2022,20220118,CUS01629,3,EMP0069,Vodafone Cash,Completed,892.5,510
ORD0007461,19/01/2022,20220119,CUS00894,5,EMP0104,Vodafone Cash,Completed,1846,1000
ORD0010279,19/01/2022,20220119,CUS00310,4,EMP0083,Cash,Completed,1950,940
ORD0009996,19/01/2022,20220119,CUS02220,14,EMP0195,  Cash  ,Completed,1816,900
ORD0003921,19/01/2022,20220119,CUS01473,14,EMP0200,Credit Card,Completed,320,160
ORD0004512,19/01/2022,20220119,CUS01054,15,EMP0208,  Credit Card  ,Completed,422,220
ORD0001927,19/01/2022,20220119,CUS02088,4,EMP0094,Vodafone Cash,Completed,1080,580
ORD0008225,19/01/2022,20220119,CUS01981,4,EMP0079,InstaPay,Completed,54260,47900
ORD0007916,19/01/2022,20220119,CUS00760,1,EMP0024,  Vodafone Cash  ,Completed,300,150
ORD0001714,19/01/2022,20220119,CUS01519,10,EMP0161,Cash,Completed,1850,900
ORD0001339,19/01/2022,20220119,CUS02175,3,EMP0056,Cash,Completed,990,480
ORD0006158,19/01/2022,20220119,CUS01770,6,EMP0118,Fawry,Completed,12738,12400
ORD0000979,19/01/2022,20220119,CUS00267,1,EMP0023,Debit Card,Completed,168,120
ORD0005192,19/01/2022,20220119,CUS02509,4,,Credit Card,Completed,13000,10840
ORD0007059,20/01/2022,20220120,CUS00259,5,EMP0107,Debit Card,Returned,1327,640
ORD0005207,20/01/2022,20220120,CUS01281,1,EMP0002,  Vodafone Cash  ,Returned,895,440
ORD0004000,20/01/2022,20220120,CUS01272,6,EMP0115,  Cash  ,Completed,884,530
ORD0008265,20/01/2022,20220120,CUS02348,9,EMP0149,InstaPay,Returned,476,280
ORD0007993,20/01/2022,20220120,CUS02370,12,EMP0180,Vodafone Cash,Completed,3195.5,1570
ORD0001895,20/01/2022,20220120,CUS00391,4,EMP0089,Vodafone Cash,Completed,1064,560
ORD0006541,20/01/2022,20220120,CUS02840,2,EMP0052,  Fawry  ,Completed,21280,17800
ORD0003900,20/01/2022,20220120,CUS01997,4,EMP0093,  InstaPay  ,Returned,880,460
ORD0007887,20/01/2022,20220120,CUS00479,1,EMP0011,  Credit Card  ,Returned,8800,8700
ORD0009531,21/01/2022,20220121,CUS00958,2,EMP0034,Fawry,Completed,2452,1210
ORD0010884,21/01/2022,20220121,CUS02026,1,EMP0024,InstaPay,Completed,330,170
ORD0006876,21/01/2022,20220121,CUS00664,1,EMP0006,Credit Card,Completed,1180,570
ORD0000236,21/01/2022,20220121,CUS00216,2,EMP0050,Fawry,Completed,500,250
ORD0003864,21/01/2022,20220121,CUS00116,1,EMP0021,Fawry,Completed,330,160
ORD0011154,21/01/2022,20220121,CUS00973,2,EMP0034,InstaPay,Completed,221,120
ORD0005778,21/01/2022,20220121,CUS01933,2,EMP0034,Fawry,Returned,2888,1480
ORD0004268,21/01/2022,20220121,CUS01457,4,EMP0094,Cash,Completed,944,500
ORD0007996,21/01/2022,20220121,CUS02172,3,EMP0061,InstaPay,Completed,11919,10510
ORD0009603,21/01/2022,20220121,CUS00489,4,EMP0079,InstaPay,Completed,681,360
ORD0005424,22/01/2022,20220122,CUS00264,1,EMP0024,InstaPay,Completed,427.5,270
ORD0002160,22/01/2022,20220122,CUS02290,2,,Cash,Completed,11804,9720
ORD0006872,22/01/2022,20220122,CUS02104,5,EMP0103,Credit Card,Completed,112,70
ORD0009626,22/01/2022,20220122,CUS02575,2,EMP0033,Vodafone Cash,Completed,650,330
ORD0000609,22/01/2022,20220122,CUS02196,13,EMP0192,  Credit Card  ,Completed,7200,6400
ORD0005473,22/01/2022,20220122,CUS02508,4,EMP0093,Fawry,Completed,997.5,520
ORD0008765,22/01/2022,20220122,CUS00188,4,EMP0088,Cash,Completed,780,380
ORD0005027,22/01/2022,20220122,CUS02903,11,EMP0170,Cash,Completed,844.5,430
ORD0010998,22/01/2022,20220122,CUS01108,5,EMP0111,Debit Card,Completed,1080,540
ORD0010510,22/01/2022,20220122,CUS01252,6,,Fawry,Completed,540,260
ORD0002725,22/01/2022,20220122,CUS01689,1,EMP0004,InstaPay,Cancelled,11880,10600
ORD0007052,22/01/2022,20220122,CUS02446,4,EMP0085,InstaPay,Completed,320,140
ORD0003991,22/01/2022,20220122,CUS00706,14,EMP0197,Fawry,Completed,204,120
ORD0004099,22/01/2022,20220122,CUS01499,2,EMP0042,Fawry,Completed,26854,21260
ORD0007603,22/01/2022,20220122,CUS01175,7,EMP0134,Cash,Completed,560,280
ORD0003957,22/01/2022,20220122,CUS00423,5,EMP0100,  Debit Card  ,Completed,522,280
ORD0001342,23/01/2022,20220123,CUS02921,1,EMP0006,Cash,Completed,918,500
ORD0010994,23/01/2022,20220123,CUS01119,3,,  Vodafone Cash  ,Completed,577,290
ORD0003356,23/01/2022,20220123,CUS02215,14,EMP0198,Cash,Completed,5144,3480
ORD0001524,23/01/2022,20220123,CUS00029,6,EMP0124,  Fawry  ,Returned,1230,570
ORD0007893,23/01/2022,20220123,CUS02530,11,EMP0165,Credit Card,Cancelled,660,320
ORD0010161,23/01/2022,20220123,CUS02653,5,EMP0112,Credit Card,Completed,2072.5,1020
ORD0000680,23/01/2022,20220123,CUS00447,4,EMP0083,Debit Card,Completed,1583,850
ORD0007214,23/01/2022,20220123,CUS00921,6,EMP0115,InstaPay,Cancelled,520,240
ORD0005876,23/01/2022,20220123,CUS00560,1,EMP0013,Vodafone Cash,Completed,130,60
ORD0003425,23/01/2022,20220123,CUS02806,4,EMP0080,Fawry,Completed,2080,1070
ORD0002984,23/01/2022,20220123,CUS01848,1,EMP0013,  Debit Card  ,Completed,152,70
ORD0009819,23/01/2022,20220123,CUS01630,4,EMP0083,  Fawry  ,Completed,1066,570
ORD0006563,23/01/2022,20220123,CUS00889,8,EMP0142,Debit Card,Completed,4918.5,3630
ORD0011087,23/01/2022,20220123,CUS02869,10,EMP0161,Vodafone Cash,Completed,765,420
ORD0000268,24/01/2022,20220124,CUS00213,6,EMP0113,Cash,Completed,1905,950
ORD0005101,24/01/2022,20220124,CUS01859,11,EMP0164,Cash,Completed,21960,19600
ORD0000537,24/01/2022,20220124,CUS01079,2,EMP0036,  Cash  ,Completed,90,40
ORD0009927,24/01/2022,20220124,CUS01963,4,EMP0094,Credit Card,Completed,12917,11100
ORD0011996,25/01/2022,20220125,CUS00890,7,EMP0136,InstaPay,Completed,12832,10960
ORD0006088,25/01/2022,20220125,CUS01508,15,EMP0205,Fawry,Completed,1013,470
ORD0000783,25/01/2022,20220125,CUS02584,1,EMP0025,  Credit Card  ,Completed,1410,760
ORD0005265,25/01/2022,20220125,CUS00645,11,EMP0164,  Cash  ,Completed,13322,12300
ORD0009441,25/01/2022,20220125,CUS00685,11,EMP0168,Credit Card,Completed,486,260
ORD0008239,25/01/2022,20220125,CUS02915,4,EMP0081,  Vodafone Cash  ,Completed,35406,35470
ORD0007235,25/01/2022,20220125,CUS00291,11,EMP0169,  Vodafone Cash  ,Completed,1275,1200
ORD0011224,25/01/2022,20220125,CUS01284,5,EMP0105,  Vodafone Cash  ,Completed,1446,700
ORD0008064,25/01/2022,20220125,CUS01332,11,EMP0166,Fawry,Completed,684,360
ORD0009757,25/01/2022,20220125,CUS02305,3,EMP0062,Vodafone Cash,Completed,60865.5,51040
ORD0007315,25/01/2022,20220125,CUS00155,8,EMP0141,  Vodafone Cash  ,Returned,321,150
ORD0007495,25/01/2022,20220125,CUS02472,6,EMP0117,Vodafone Cash,Completed,1350,640
ORD0004430,25/01/2022,20220125,CUS02249,7,EMP0131,Debit Card,Completed,260,120
ORD0007926,26/01/2022,20220126,CUS00696,2,EMP0031,Cash,Completed,5900,4700
ORD0004396,26/01/2022,20220126,CUS00578,1,EMP0004,Cash,Completed,480,210
ORD0005940,26/01/2022,20220126,CUS01139,3,EMP0060,Fawry,Completed,300,200
ORD0003940,26/01/2022,20220126,CUS02386,3,EMP0072,Cash,Completed,504,240
ORD0007814,26/01/2022,20220126,CUS01049,11,,Fawry,Completed,1096,600
ORD0009026,26/01/2022,20220126,CUS02671,1,EMP0012,Credit Card,Completed,490,340
ORD0010229,26/01/2022,20220126,CUS00914,1,EMP0002,Debit Card,Returned,4928,3460
ORD0009224,26/01/2022,20220126,CUS01125,5,EMP0099,InstaPay,Completed,2050,1180
ORD0001173,26/01/2022,20220126,CUS00467,4,EMP0094,Vodafone Cash,Cancelled,2088.5,1160
ORD0005736,26/01/2022,20220126,CUS01174,15,EMP0209,Credit Card,Completed,340,160
ORD0003074,26/01/2022,20220126,CUS01250,4,EMP0094,Cash,Completed,622,310
ORD0007553,26/01/2022,20220126,CUS02004,6,EMP0122,Debit Card,Returned,457,240
ORD0008928,26/01/2022,20220126,CUS01923,1,EMP0025,Cash,Completed,764.5,410
ORD0004183,26/01/2022,20220126,CUS00273,10,EMP0156,Cash,Completed,220,100
ORD0003408,27/01/2022,20220127,CUS02094,3,EMP0061,Cash,Completed,19620,17400
ORD0005894,27/01/2022,20220127,CUS02825,5,EMP0106,Debit Card,Completed,1500,720
ORD0011179,27/01/2022,20220127,CUS00621,1,EMP0017,InstaPay,Completed,440,220
ORD0007844,27/01/2022,20220127,CUS00674,3,EMP0061,  Credit Card  ,Completed,493,280
ORD0002405,27/01/2022,20220127,CUS00109,3,EMP0075,InstaPay,Completed,1485.5,760
ORD0009778,27/01/2022,20220127,CUS02156,13,EMP0190,InstaPay,Completed,2324.5,1280
ORD0010790,27/01/2022,20220127,CUS00850,8,,Cash,Completed,11536,10090
ORD0009267,27/01/2022,20220127,CUS00128,1,EMP0004,Credit Card,Cancelled,180,80
ORD0006357,27/01/2022,20220127,CUS02724,11,EMP0165,InstaPay,Completed,630,370
ORD0007743,27/01/2022,20220127,CUS02104,2,EMP0049,  InstaPay  ,Completed,463,230
ORD0000383,27/01/2022,20220127,CUS01147,1,,Fawry,Cancelled,608,320
ORD0010499,27/01/2022,20220127,CUS02785,3,EMP0065,InstaPay,Completed,684,370
ORD0001701,27/01/2022,20220127,CUS00155,2,EMP0040,Cash,Completed,1882,1000
ORD0005484,27/01/2022,20220127,CUS00924,14,EMP0194,Vodafone Cash,Cancelled,3790,2050
ORD0006813,27/01/2022,20220127,CUS01713,2,EMP0047,Credit Card,Cancelled,925.5,440
ORD0001109,27/01/2022,20220127,CUS00075,12,EMP0182,Debit Card,Returned,776,430
ORD0000960,27/01/2022,20220127,CUS00231,1,EMP0026,Cash,Completed,4581,2940
ORD0004332,27/01/2022,20220127,CUS02135,12,EMP0181,Debit Card,Completed,338.5,190
ORD0001491,28/01/2022,20220128,CUS02854,2,EMP0044,InstaPay,Completed,1060,630
ORD0007694,28/01/2022,20220128,CUS00393,2,EMP0041,InstaPay,Completed,322,180
ORD0002503,28/01/2022,20220128,CUS01302,2,EMP0034,Debit Card,Cancelled,651,300
ORD0004293,28/01/2022,20220128,CUS00024,1,,Debit Card,Completed,787.5,430
ORD0003114,28/01/2022,20220128,CUS01851,5,EMP0095,Credit Card,Completed,1753,870
ORD0002371,28/01/2022,20220128,CUS01063,3,EMP0061,Credit Card,Completed,2106,1050
ORD0009395,28/01/2022,20220128,CUS00331,11,,InstaPay,Completed,192,120
ORD0009202,28/01/2022,20220128,CUS00911,11,EMP0173,Vodafone Cash,Completed,442,240
ORD0006792,29/01/2022,20220129,CUS02109,5,EMP0106,Vodafone Cash,Completed,2415.5,1250
ORD0008271,29/01/2022,20220129,CUS01448,2,,InstaPay,Completed,951,490
ORD0011354,29/01/2022,20220129,CUS00014,3,EMP0063,  Credit Card  ,Completed,369.5,200
ORD0009510,29/01/2022,20220129,CUS02667,12,,Cash,Completed,220,110
ORD0002026,29/01/2022,20220129,CUS00699,5,EMP0104,Credit Card,Completed,600,280
ORD0010038,29/01/2022,20220129,CUS02549,4,EMP0089,  Cash  ,Completed,120,60
ORD0004052,29/01/2022,20220129,CUS02396,5,EMP0108,Debit Card,Returned,3742,2010
ORD0003050,29/01/2022,20220129,CUS01988,14,EMP0199,  Cash  ,Returned,954,480
ORD0005747,29/01/2022,20220129,CUS00347,2,EMP0039,Vodafone Cash,Completed,826.5,420
ORD0007620,30/01/2022,20220130,CUS00487,2,EMP0042,  Debit Card  ,Completed,1809,1110
ORD0004263,30/01/2022,20220130,CUS02349,7,EMP0128,Fawry,Completed,2511,1340
ORD0006593,30/01/2022,20220130,CUS00181,9,EMP0147,Cash,Completed,68,40
ORD0009985,30/01/2022,20220130,CUS02038,3,EMP0070,Debit Card,Completed,16072,12840
ORD0005520,30/01/2022,20220130,CUS01800,12,EMP0174,InstaPay,Completed,576,300
ORD0011493,30/01/2022,20220130,CUS01536,2,EMP0032,Debit Card,Completed,25365,26520
ORD0005438,30/01/2022,20220130,CUS01602,1,EMP0016,Debit Card,Returned,208,130
ORD0002164,30/01/2022,20220130,CUS00767,4,EMP0081,Fawry,Returned,2598,1290
ORD0010156,30/01/2022,20220130,CUS02338,1,EMP0004,InstaPay,Completed,22440,21200
ORD0004416,30/01/2022,20220130,CUS02606,5,EMP0107,InstaPay,Completed,315,170
ORD0011490,30/01/2022,20220130,CUS02809,3,EMP0067,  Vodafone Cash  ,Completed,2284.5,1310
ORD0007882,30/01/2022,20220130,CUS02499,1,EMP0028,InstaPay,Completed,26700,21300
ORD0002638,30/01/2022,20220130,CUS01055,11,EMP0172,Debit Card,Completed,433.5,250
ORD0008584,30/01/2022,20220130,CUS01706,9,EMP0151,  InstaPay  ,Completed,352,220
ORD0009713,30/01/2022,20220130,CUS01325,7,EMP0134,Debit Card,Completed,1166,610
ORD0009354,31/01/2022,20220131,CUS00586,3,EMP0078,Fawry,Completed,313.5,160
ORD0002788,31/01/2022,20220131,CUS02596,11,EMP0164,InstaPay,Completed,770.5,410
ORD0006271,31/01/2022,20220131,CUS02994,3,EMP0059,Debit Card,Completed,189,100
ORD0004916,31/01/2022,20220131,CUS02857,2,EMP0048,Fawry,Completed,566,320
ORD0000129,31/01/2022,20220131,CUS02776,14,EMP0194,  Vodafone Cash  ,Completed,350,170
ORD0009773,31/01/2022,20220131,CUS02788,2,EMP0031,  Fawry  ,Completed,90,40
ORD0008524,31/01/2022,20220131,CUS02234,1,EMP0009,  Credit Card  ,Completed,4552,3760
ORD0009576,31/01/2022,20220131,CUS02562,3,EMP0062,Debit Card,Cancelled,300,140
ORD0005225,31/01/2022,20220131,CUS00346,3,EMP0063,Fawry,Completed,748,400
ORD0004622,01/02/2022,20220201,CUS02208,6,EMP0117,Debit Card,Completed,20200,16200
ORD0001581,01/02/2022,20220201,CUS00350,14,EMP0203,Cash,Completed,170,100
ORD0000199,01/02/2022,20220201,CUS00963,1,EMP0028,Vodafone Cash,Completed,5700,4030
ORD0006924,01/02/2022,20220201,CUS00936,6,EMP0114,Credit Card,Completed,14365,11980
ORD0008722,01/02/2022,20220201,CUS00686,12,EMP0176,Credit Card,Completed,343,170
ORD0005507,01/02/2022,20220201,CUS02288,1,EMP0010,Fawry,Completed,557,290
ORD0011137,01/02/2022,20220201,CUS02738,3,EMP0071,Credit Card,Completed,2840,1380
ORD0000750,01/02/2022,20220201,CUS00793,12,EMP0174,Cash,Completed,15661.5,14400
ORD0002694,01/02/2022,20220201,CUS02093,6,EMP0123,Vodafone Cash,Completed,324,160
ORD0003485,02/02/2022,20220202,CUS00331,2,EMP0049,InstaPay,Completed,5451.5,4180
ORD0008802,02/02/2022,20220202,CUS00285,3,EMP0065,Vodafone Cash,Completed,324,160
ORD0000134,02/02/2022,20220202,CUS00965,5,EMP0109,InstaPay,Completed,1510,740
ORD0000523,02/02/2022,20220202,CUS02391,3,EMP0056,Fawry,Returned,2692,1360
ORD0000149,02/02/2022,20220202,CUS00403,10,EMP0152,Debit Card,Completed,1660,900
ORD0008289,02/02/2022,20220202,CUS02680,4,EMP0091,Debit Card,Completed,1996.5,1090
ORD0008477,02/02/2022,20220202,CUS02298,6,EMP0124,Fawry,Returned,350,170
ORD0010874,02/02/2022,20220202,CUS00055,12,EMP0181,Cash,Completed,1330,830
ORD0009031,02/02/2022,20220202,CUS01223,5,EMP0111,Debit Card,Completed,486,250
ORD0008306,02/02/2022,20220202,CUS01392,1,EMP0023,Vodafone Cash,Completed,160,80
ORD0007517,02/02/2022,20220202,CUS02040,6,EMP0114,  Debit Card  ,Completed,126,80
ORD0003665,02/02/2022,20220202,CUS02336,13,EMP0190,InstaPay,Completed,160,70
ORD0004886,03/02/2022,20220203,CUS02530,11,EMP0171,Debit Card,Completed,356,180
ORD0007635,03/02/2022,20220203,CUS01936,3,EMP0060,Credit Card,Completed,1023,500
ORD0010032,03/02/2022,20220203,CUS01372,3,EMP0078,InstaPay,Completed,3696.5,2010
ORD0010882,03/02/2022,20220203,CUS01774,4,EMP0082,Vodafone Cash,Completed,2079,1070
ORD0001405,03/02/2022,20220203,CUS02325,15,EMP0213,Fawry,Completed,5200,5200
ORD0003825,03/02/2022,20220203,CUS00093,2,EMP0050,  Debit Card  ,Completed,5377,4580
ORD0006829,03/02/2022,20220203,CUS02269,10,EMP0160,Vodafone Cash,Completed,72,40
ORD0008057,04/02/2022,20220204,CUS00415,6,EMP0121,Vodafone Cash,Completed,1626.5,820
ORD0005727,04/02/2022,20220204,CUS02544,4,EMP0088,Cash,Completed,364,250
ORD0005716,04/02/2022,20220204,CUS01623,12,EMP0177,  Credit Card  ,Completed,184,110
ORD0009158,04/02/2022,20220204,CUS02466,1,EMP0027,  Fawry  ,Completed,1134,620
ORD0011714,04/02/2022,20220204,CUS02378,3,EMP0073,Vodafone Cash,Cancelled,567,300
ORD0008145,04/02/2022,20220204,CUS02485,1,EMP0015,Cash,Completed,13734,10790
ORD0011008,04/02/2022,20220204,CUS01719,6,EMP0123,  Cash  ,Completed,1198.5,690
ORD0000639,04/02/2022,20220204,CUS01304,3,EMP0072,  Fawry  ,Completed,950,550
ORD0010641,05/02/2022,20220205,CUS01456,5,EMP0102,Cash,Returned,8214,6460
ORD0006865,05/02/2022,20220205,CUS01737,8,EMP0141,Cash,Completed,2036.5,1040
ORD0007233,05/02/2022,20220205,CUS02956,12,EMP0179,  Cash  ,Completed,15797,12380
ORD0006460,05/02/2022,20220205,CUS02585,3,EMP0063,Credit Card,Completed,229.5,120
ORD0006831,05/02/2022,20220205,CUS02546,4,EMP0088,Debit Card,Completed,460,220
ORD0011502,05/02/2022,20220205,CUS02808,13,EMP0193,Cash,Cancelled,931,480
ORD0002153,05/02/2022,20220205,CUS00994,13,EMP0189,  InstaPay  ,Completed,582,330
ORD0003286,05/02/2022,20220205,CUS01752,6,EMP0125,  Cash  ,Returned,280,130
ORD0000058,05/02/2022,20220205,CUS01645,1,EMP0013,Debit Card,Completed,180,80
ORD0006242,06/02/2022,20220206,CUS01933,8,EMP0140,Cash,Completed,1627.5,900
ORD0005220,06/02/2022,20220206,CUS01031,9,EMP0148,Vodafone Cash,Completed,140,70
ORD0003055,06/02/2022,20220206,CUS01014,12,EMP0177,Cash,Completed,560.5,290
ORD0009951,06/02/2022,20220206,CUS02530,4,EMP0088,  Fawry  ,Completed,19920,15540
ORD0011014,06/02/2022,20220206,CUS01411,10,EMP0163,Credit Card,Completed,26639.5,21780
ORD0005542,06/02/2022,20220206,CUS00755,8,,Cash,Completed,275.5,140
ORD0001858,06/02/2022,20220206,CUS01560,14,EMP0194,Cash,Cancelled,243,120
ORD0008545,06/02/2022,20220206,CUS00141,4,EMP0087,Vodafone Cash,Completed,240,120
ORD0008389,06/02/2022,20220206,CUS01628,15,EMP0211,InstaPay,Completed,1510,740
ORD0008142,07/02/2022,20220207,CUS02883,14,EMP0201,Vodafone Cash,Completed,1175.5,630
ORD0006962,07/02/2022,20220207,CUS02472,6,EMP0119,Cash,Completed,2160,1050
ORD0010166,07/02/2022,20220207,CUS00992,1,EMP0019,  Debit Card  ,Completed,731,380
ORD0010892,07/02/2022,20220207,CUS00773,11,EMP0170,Fawry,Completed,486,240
ORD0008383,07/02/2022,20220207,CUS00229,6,EMP0113,Vodafone Cash,Completed,1190,550
ORD0007494,07/02/2022,20220207,CUS00289,1,EMP0001,Cash,Completed,980,610
ORD0008344,07/02/2022,20220207,CUS02606,12,EMP0177,Fawry,Completed,602.5,300
ORD0009940,07/02/2022,20220207,CUS01334,3,EMP0073,Cash,Completed,2786,1450
ORD0007450,07/02/2022,20220207,CUS02966,15,EMP0215,  Debit Card  ,Completed,1417,770
ORD0010794,07/02/2022,20220207,CUS01979,10,EMP0152,Credit Card,Completed,4132,2670
ORD0011468,08/02/2022,20220208,CUS01741,13,EMP0193,Fawry,Completed,1404,750
ORD0001785,08/02/2022,20220208,CUS01773,4,EMP0091,  Debit Card  ,Completed,199.5,100
ORD0006686,08/02/2022,20220208,CUS02134,4,EMP0089,Cash,Completed,777,380
ORD0007129,08/02/2022,20220208,CUS01692,6,EMP0121,Debit Card,Returned,180,80
ORD0007127,08/02/2022,20220208,CUS02751,5,EMP0101,Debit Card,Completed,1488,920
ORD0003764,08/02/2022,20220208,CUS00021,3,EMP0075,  Debit Card  ,Completed,14656.5,11350
ORD0001984,08/02/2022,20220208,CUS02977,11,EMP0173,Fawry,Completed,310,140
ORD0004882,08/02/2022,20220208,CUS02280,4,EMP0093,Credit Card,Completed,5760,5280
ORD0007702,08/02/2022,20220208,CUS02159,4,EMP0085,Fawry,Completed,2782.5,1440
ORD0007263,08/02/2022,20220208,CUS01258,7,EMP0129,InstaPay,Completed,980,480
ORD0000673,08/02/2022,20220208,CUS00041,9,EMP0150,Credit Card,Returned,1290,640
ORD0008831,08/02/2022,20220208,CUS02848,4,,Credit Card,Completed,11880,10600
ORD0011307,08/02/2022,20220208,CUS01484,2,EMP0038,InstaPay,Completed,2839,1430
ORD0006925,09/02/2022,20220209,CUS02878,5,EMP0107,  Fawry  ,Completed,32175,26420
ORD0009336,09/02/2022,20220209,CUS02768,1,EMP0023,Debit Card,Completed,878,470
ORD0005013,09/02/2022,20220209,CUS02133,7,EMP0134,  InstaPay  ,Completed,10900,8500
ORD0003025,09/02/2022,20220209,CUS02723,1,EMP0018,Cash,Completed,630.5,300
ORD0007074,09/02/2022,20220209,CUS01590,3,,InstaPay,Completed,696,340
ORD0006181,09/02/2022,20220209,CUS01900,4,EMP0091,  Debit Card  ,Completed,1144.5,650
ORD0011080,09/02/2022,20220209,CUS02446,6,EMP0120,Cash,Completed,12124,11760
ORD0004720,09/02/2022,20220209,CUS01027,15,EMP0206,InstaPay,Completed,1040,520
ORD0001949,09/02/2022,20220209,CUS00369,11,EMP0170,Cash,Completed,480,230
ORD0006327,09/02/2022,20220209,CUS02450,10,EMP0156,Vodafone Cash,Completed,1666,910
ORD0008958,09/02/2022,20220209,CUS00301,14,EMP0199,Credit Card,Completed,687,350
ORD0010437,09/02/2022,20220209,CUS02265,3,EMP0075,Fawry,Returned,190,100
ORD0007519,09/02/2022,20220209,CUS00285,9,EMP0149,Vodafone Cash,Completed,540,300
ORD0007864,09/02/2022,20220209,CUS02275,5,EMP0100,Credit Card,Completed,16650,14800
ORD0002668,10/02/2022,20220210,CUS01669,11,EMP0170,Cash,Completed,983,510
ORD0008390,10/02/2022,20220210,CUS01968,4,EMP0083,Fawry,Completed,1572,770
ORD0006376,10/02/2022,20220210,CUS02836,2,EMP0047,Debit Card,Completed,640,320
ORD0006201,10/02/2022,20220210,CUS01119,14,EMP0194,InstaPay,Completed,1284,620
ORD0000603,10/02/2022,20220210,CUS00777,2,EMP0036,Credit Card,Completed,340,160
ORD0000514,10/02/2022,20220210,CUS00862,11,EMP0173,InstaPay,Returned,54634,48070
ORD0003585,10/02/2022,20220210,CUS02820,7,EMP0132,Fawry,Completed,270,130
ORD0008424,11/02/2022,20220211,CUS02287,5,EMP0108,Debit Card,Returned,804,380
ORD0003246,11/02/2022,20220211,CUS01463,6,EMP0116,InstaPay,Completed,600,300
ORD0005298,11/02/2022,20220211,CUS02210,7,EMP0127,Fawry,Completed,1008,690
ORD0007997,11/02/2022,20220211,CUS01219,13,EMP0192,Credit Card,Completed,1515,760
ORD0011523,11/02/2022,20220211,CUS00516,12,,InstaPay,Completed,560.5,290
ORD0011118,11/02/2022,20220211,CUS01795,1,,Debit Card,Completed,714,380
ORD0000990,11/02/2022,20220211,CUS01379,12,EMP0177,Credit Card,Completed,874,460
ORD0008319,12/02/2022,20220212,CUS01566,3,EMP0063,Credit Card,Completed,474,230
ORD0003592,12/02/2022,20220212,CUS01271,3,EMP0078,  Credit Card  ,Completed,351.5,180
ORD0002742,12/02/2022,20220212,CUS02030,6,EMP0114,Credit Card,Completed,822,420
ORD0011845,12/02/2022,20220212,CUS00503,11,EMP0169,Vodafone Cash,Returned,741,390
ORD0003384,12/02/2022,20220212,CUS00736,2,EMP0049,Credit Card,Completed,420,190
ORD0000721,12/02/2022,20220212,CUS02851,3,EMP0068,Credit Card,Completed,2160,1050
ORD0006188,12/02/2022,20220212,CUS01467,1,EMP0009,Debit Card,Completed,1653,820
ORD0006031,12/02/2022,20220212,CUS00846,3,EMP0076,Fawry,Completed,142.5,70
ORD0004770,12/02/2022,20220212,CUS01640,9,EMP0147,Vodafone Cash,Cancelled,127.5,70
ORD0005318,12/02/2022,20220212,CUS02034,10,EMP0158,Vodafone Cash,Completed,117,60
ORD0001869,12/02/2022,20220212,CUS00925,6,EMP0120,  Debit Card  ,Completed,240,140
ORD0003823,13/02/2022,20220213,CUS00729,15,EMP0211,InstaPay,Completed,1560,780
ORD0000274,13/02/2022,20220213,CUS01245,5,EMP0108,Vodafone Cash,Completed,1224,720
ORD0010847,13/02/2022,20220213,CUS02618,8,EMP0141,Vodafone Cash,Cancelled,3542,1800
ORD0011739,13/02/2022,20220213,CUS00580,12,EMP0183,Credit Card,Returned,800,400
ORD0008039,13/02/2022,20220213,CUS01681,13,EMP0192,InstaPay,Completed,17630,17500
ORD0001586,13/02/2022,20220213,CUS02154,14,EMP0196,  Credit Card  ,Completed,510,280
ORD0008316,13/02/2022,20220213,CUS01660,10,EMP0156,  Debit Card  ,Returned,8000,6400
ORD0004344,13/02/2022,20220213,CUS00738,5,EMP0111,Credit Card,Completed,2248,1190
ORD0009272,13/02/2022,20220213,CUS01045,1,EMP0023,Vodafone Cash,Completed,108,60
ORD0009774,14/02/2022,20220214,CUS01059,3,EMP0067,Cash,Completed,1142,670
ORD0001751,14/02/2022,20220214,CUS02837,3,,Debit Card,Completed,18499,14860
ORD0005589,14/02/2022,20220214,CUS01786,5,EMP0110,Credit Card,Completed,720,350
ORD0008956,14/02/2022,20220214,CUS02545,12,EMP0174,Cash,Completed,180,80
ORD0002268,14/02/2022,20220214,CUS02883,4,EMP0087,  Debit Card  ,Completed,951,540
ORD0001149,14/02/2022,20220214,CUS00972,9,EMP0150,InstaPay,Completed,1462,840
ORD0005133,14/02/2022,20220214,CUS00609,15,EMP0213,Debit Card,Completed,1080.5,570
ORD0001892,14/02/2022,20220214,CUS01714,1,EMP0002,Fawry,Completed,20400,19200
ORD0004072,14/02/2022,20220214,CUS00698,4,EMP0088,Fawry,Completed,2819,1480
ORD0009615,14/02/2022,20220214,CUS00425,13,EMP0189,Vodafone Cash,Completed,240,120
ORD0011309,15/02/2022,20220215,CUS02809,2,EMP0052,Cash,Completed,593,290
ORD0011675,15/02/2022,20220215,CUS01648,2,EMP0033,Vodafone Cash,Completed,56700,50300
ORD0000241,15/02/2022,20220215,CUS02408,4,EMP0086,Cash,Returned,410,190
ORD0009084,15/02/2022,20220215,CUS02730,2,EMP0040,Debit Card,Completed,28872,31360
ORD0006930,15/02/2022,20220215,CUS02115,13,EMP0193,Credit Card,Completed,1320,810
ORD0005387,15/02/2022,20220215,CUS00539,15,EMP0209,InstaPay,Completed,1008.5,500
ORD0007340,15/02/2022,20220215,CUS02775,12,EMP0176,Debit Card,Completed,1071,620
ORD0011765,15/02/2022,20220215,CUS00020,13,EMP0187,Fawry,Completed,160,70
ORD0010963,15/02/2022,20220215,CUS01681,14,EMP0194,InstaPay,Completed,23481.5,21530
ORD0011004,15/02/2022,20220215,CUS01475,5,EMP0106,Fawry,Completed,960,820
ORD0011323,15/02/2022,20220215,CUS01920,7,EMP0131,Credit Card,Completed,285,140
ORD0008124,15/02/2022,20220215,CUS00837,7,EMP0127,  InstaPay  ,Completed,1371,660
ORD0005665,16/02/2022,20220216,CUS02647,5,EMP0102,Credit Card,Completed,190,90
ORD0008699,16/02/2022,20220216,CUS02056,13,EMP0188,InstaPay,Cancelled,48325.5,48030
ORD0006476,16/02/2022,20220216,CUS00463,11,EMP0169,  Fawry  ,Completed,10620,9400
ORD0007230,16/02/2022,20220216,CUS00957,2,EMP0049,Fawry,Completed,1341,680
ORD0011244,16/02/2022,20220216,CUS01302,4,EMP0088,Debit Card,Completed,544,280
ORD0000333,16/02/2022,20220216,CUS01862,2,EMP0037,  Vodafone Cash  ,Completed,16160,16200
ORD0006310,16/02/2022,20220216,CUS00238,3,EMP0070,Debit Card,Completed,405,210
ORD0009490,16/02/2022,20220216,CUS02318,11,EMP0166,InstaPay,Completed,1320,880
ORD0008309,16/02/2022,20220216,CUS00890,8,EMP0139,Vodafone Cash,Completed,712,360
ORD0011669,16/02/2022,20220216,CUS00676,7,,Credit Card,Completed,3621.5,1870
ORD0011578,17/02/2022,20220217,CUS01904,5,EMP0105,  Debit Card  ,Completed,5946.5,4430
ORD0007039,17/02/2022,20220217,CUS02658,6,EMP0125,Debit Card,Completed,1660,820
ORD0001162,17/02/2022,20220217,CUS02610,1,EMP0014,Fawry,Completed,187,100
ORD0010952,17/02/2022,20220217,CUS01385,10,EMP0156,Fawry,Completed,655,360
ORD0006910,17/02/2022,20220217,CUS02518,1,EMP0028,Credit Card,Completed,2000,1000
ORD0008512,17/02/2022,20220217,CUS02123,6,EMP0115,InstaPay,Completed,22440,21000
ORD0001407,17/02/2022,20220217,CUS01143,14,EMP0199,Credit Card,Returned,270,130
ORD0000410,17/02/2022,20220217,CUS02005,1,,Fawry,Returned,33952.5,29950
ORD0006620,17/02/2022,20220217,CUS02881,2,EMP0051,Debit Card,Completed,247,130
ORD0004874,17/02/2022,20220217,CUS01287,13,EMP0188,Vodafone Cash,Completed,19519,15770
ORD0006539,17/02/2022,20220217,CUS02874,1,EMP0028,Credit Card,Completed,150,70
ORD0011062,17/02/2022,20220217,CUS00112,14,EMP0200,Fawry,Completed,810,400
ORD0004773,17/02/2022,20220217,CUS01288,2,EMP0032,Debit Card,Completed,414,220
ORD0000802,17/02/2022,20220217,CUS02711,14,EMP0196,Cash,Completed,14392,13180
ORD0003051,17/02/2022,20220217,CUS02644,5,EMP0107,Credit Card,Returned,682,410
ORD0000754,17/02/2022,20220217,CUS01812,8,EMP0142,Credit Card,Completed,5600,4500
ORD0011204,17/02/2022,20220217,CUS00482,11,EMP0164,Cash,Completed,1040,480
ORD0006442,18/02/2022,20220218,CUS01275,1,EMP0005,Cash,Completed,37110,29640
ORD0011193,18/02/2022,20220218,CUS02536,5,EMP0099,Fawry,Completed,932,460
ORD0003800,18/02/2022,20220218,CUS02430,5,EMP0099,InstaPay,Completed,26252,20940
ORD0010567,18/02/2022,20220218,CUS02151,2,EMP0029,InstaPay,Completed,4440,3460
ORD0007429,18/02/2022,20220218,CUS00016,1,,Fawry,Completed,260,120
ORD0002844,18/02/2022,20220218,CUS00743,1,,Cash,Completed,720,360
ORD0004717,18/02/2022,20220218,CUS01512,2,EMP0041,Debit Card,Completed,130,60
ORD0005299,18/02/2022,20220218,CUS01292,1,EMP0021,InstaPay,Completed,8016,6070
ORD0004899,18/02/2022,20220218,CUS02110,2,EMP0052,Debit Card,Completed,1106.5,570
ORD0011077,19/02/2022,20220219,CUS01774,6,EMP0119,  Fawry  ,Completed,6743,5350
ORD0002549,19/02/2022,20220219,CUS01297,2,EMP0047,Cash,Returned,612,310
ORD0011707,19/02/2022,20220219,CUS02106,5,EMP0104,Credit Card,Completed,2587,1330
ORD0002619,19/02/2022,20220219,CUS01247,5,EMP0108,Credit Card,Returned,171,80
ORD0003687,19/02/2022,20220219,CUS00726,3,EMP0067,  Vodafone Cash  ,Completed,6960,5180
ORD0006670,19/02/2022,20220219,CUS01252,10,EMP0162,Debit Card,Returned,740,360
ORD0005300,19/02/2022,20220219,CUS02179,11,EMP0167,Cash,Completed,1200,560
ORD0010013,19/02/2022,20220219,CUS02345,9,EMP0146,  Vodafone Cash  ,Returned,190,90
ORD0005457,19/02/2022,20220219,CUS01540,7,EMP0127,InstaPay,Completed,1280,620
ORD0007989,19/02/2022,20220219,CUS00312,12,EMP0177,Vodafone Cash,Completed,876,460
ORD0010828,19/02/2022,20220219,CUS01913,1,EMP0009,Credit Card,Completed,378,210
ORD0006564,19/02/2022,20220219,CUS02381,5,EMP0098,  Credit Card  ,Completed,2396,1210
ORD0011597,19/02/2022,20220219,CUS02268,14,EMP0196,Cash,Completed,1720,820
ORD0001493,19/02/2022,20220219,CUS02185,6,,Cash,Completed,2935.5,1540
ORD0005875,19/02/2022,20220219,CUS00209,13,EMP0189,Credit Card,Completed,90,40
ORD0005197,20/02/2022,20220220,CUS01150,8,EMP0143,Vodafone Cash,Cancelled,1377,710
ORD0001977,20/02/2022,20220220,CUS00145,1,EMP0028,Vodafone Cash,Completed,1864.5,930
ORD0001781,20/02/2022,20220220,CUS01567,1,EMP0014,Cash,Completed,233.5,130
ORD0007457,20/02/2022,20220220,CUS02595,2,EMP0046,  Fawry  ,Completed,828,440
ORD0004129,20/02/2022,20220220,CUS01809,3,EMP0066,Credit Card,Completed,28236,23760
ORD0002014,20/02/2022,20220220,CUS00855,7,EMP0132,Cash,Completed,31667,24820
ORD0011114,20/02/2022,20220220,CUS00242,5,EMP0099,Fawry,Completed,1167,750
ORD0005080,20/02/2022,20220220,CUS00044,5,EMP0097,InstaPay,Completed,2936,1660
ORD0004214,20/02/2022,20220220,CUS02221,5,EMP0095,Debit Card,Completed,30632.5,24470
ORD0005676,20/02/2022,20220220,CUS00120,3,EMP0063,Vodafone Cash,Completed,1330,740
ORD0002739,21/02/2022,20220221,CUS00457,1,EMP0022,Cash,Completed,1504,760
ORD0001230,21/02/2022,20220221,CUS01971,2,EMP0030,Credit Card,Completed,2157,1160
ORD0004309,21/02/2022,20220221,CUS00952,10,EMP0159,Fawry,Completed,2143,1280
ORD0003189,21/02/2022,20220221,CUS02078,1,EMP0005,  InstaPay  ,Completed,2010,1150
ORD0005669,21/02/2022,20220221,CUS02019,2,EMP0054,Fawry,Completed,126,70
ORD0004421,21/02/2022,20220221,CUS00173,2,EMP0031,Credit Card,Completed,190,90
ORD0004010,21/02/2022,20220221,CUS01462,2,EMP0034,  Fawry  ,Completed,144,70
ORD0002768,21/02/2022,20220221,CUS01304,1,EMP0004,Credit Card,Completed,15609,12960
ORD0009518,21/02/2022,20220221,CUS00214,15,EMP0210,Fawry,Completed,196,140
ORD0001470,21/02/2022,20220221,CUS02695,12,EMP0176,InstaPay,Returned,2857,1390
ORD0000582,22/02/2022,20220222,CUS01412,11,EMP0166,Fawry,Completed,15388.5,12870
ORD0002392,22/02/2022,20220222,CUS00561,6,EMP0119,Credit Card,Completed,1278,670
ORD0010026,22/02/2022,20220222,CUS01739,1,EMP0013,  Fawry  ,Completed,1386,690
ORD0005498,22/02/2022,20220222,CUS01806,6,EMP0116,Credit Card,Completed,14000,11200
ORD0004864,22/02/2022,20220222,CUS00681,7,EMP0131,  InstaPay  ,Completed,549,300
ORD0007724,22/02/2022,20220222,CUS00067,12,EMP0178,Vodafone Cash,Cancelled,61560,48550
ORD0007986,22/02/2022,20220222,CUS01544,2,EMP0052,InstaPay,Returned,6644,5270
ORD0007677,22/02/2022,20220222,CUS00836,12,EMP0178,InstaPay,Completed,189,100
ORD0011775,22/02/2022,20220222,CUS00159,11,EMP0171,Fawry,Completed,2357,1350
ORD0010082,22/02/2022,20220222,CUS00624,2,EMP0043,Credit Card,Returned,468,240
ORD0001948,23/02/2022,20220223,CUS00038,9,EMP0145,  Credit Card  ,Completed,1317,680
ORD0005834,23/02/2022,20220223,CUS02845,5,EMP0100,  Debit Card  ,Completed,5100,4040
ORD0000135,23/02/2022,20220223,CUS00034,2,EMP0041,Cash,Completed,153,80
ORD0005426,23/02/2022,20220223,CUS02353,3,EMP0065,Cash,Completed,976,490
ORD0007313,23/02/2022,20220223,CUS02003,14,EMP0195,Debit Card,Completed,414,230
ORD0007852,23/02/2022,20220223,CUS00952,3,EMP0067,InstaPay,Cancelled,3053,1590
ORD0008899,23/02/2022,20220223,CUS01517,8,EMP0143,Debit Card,Completed,2821,1520
ORD0007799,23/02/2022,20220223,CUS02338,10,EMP0161,Fawry,Completed,1519.5,800
ORD0005180,23/02/2022,20220223,CUS02701,1,EMP0015,Debit Card,Completed,272,160
ORD0001806,23/02/2022,20220223,CUS01404,5,EMP0103,Fawry,Completed,133,70
ORD0002953,23/02/2022,20220223,CUS02600,10,EMP0154,Debit Card,Completed,61326,48660
ORD0000576,23/02/2022,20220223,CUS01582,3,EMP0057,Credit Card,Completed,790,450
ORD0007099,23/02/2022,20220223,CUS02645,2,EMP0029,Credit Card,Completed,360,180
ORD0009209,24/02/2022,20220224,CUS01661,3,EMP0059,Debit Card,Completed,555,370
ORD0011727,24/02/2022,20220224,CUS01589,6,EMP0119,Vodafone Cash,Completed,1302.5,730
ORD0005780,24/02/2022,20220224,CUS00248,3,EMP0076,Credit Card,Returned,12788.5,9820
ORD0007593,24/02/2022,20220224,CUS02697,4,EMP0088,Credit Card,Completed,506,300
ORD0006555,24/02/2022,20220224,CUS01779,7,EMP0131,InstaPay,Completed,846,460
ORD0010954,24/02/2022,20220224,CUS02741,10,EMP0162,Cash,Completed,30742,24360
ORD0007451,24/02/2022,20220224,CUS00806,9,EMP0150,Credit Card,Completed,1735,840
ORD0003453,24/02/2022,20220224,CUS01141,4,EMP0085,Vodafone Cash,Completed,1536,920
ORD0009087,24/02/2022,20220224,CUS01032,7,EMP0136,Debit Card,Completed,67.5,40
ORD0003111,24/02/2022,20220224,CUS01140,15,EMP0207,Vodafone Cash,Returned,1043.5,570
ORD0004747,24/02/2022,20220224,CUS00773,2,EMP0031,Cash,Cancelled,3717,2860
ORD0005757,24/02/2022,20220224,CUS01373,2,EMP0051,  InstaPay  ,Completed,432,210
ORD0000862,25/02/2022,20220225,CUS02308,6,EMP0117,Vodafone Cash,Completed,370,180
ORD0004690,25/02/2022,20220225,CUS01162,11,EMP0170,Debit Card,Completed,24930,22200
ORD0007269,25/02/2022,20220225,CUS02120,3,EMP0061,Vodafone Cash,Completed,1105,540
ORD0003559,25/02/2022,20220225,CUS00353,10,EMP0153,Debit Card,Completed,1110,540
ORD0005167,25/02/2022,20220225,CUS00752,1,EMP0020,  Credit Card  ,Completed,2044,1000
ORD0011352,25/02/2022,20220225,CUS02476,4,EMP0082,Debit Card,Completed,770,380
ORD0003624,25/02/2022,20220225,CUS00411,5,EMP0112,  Credit Card  ,Cancelled,1689,830
ORD0007432,26/02/2022,20220226,CUS00820,1,EMP0026,Debit Card,Completed,1900,1020
ORD0000655,26/02/2022,20220226,CUS02963,1,EMP0022,  Vodafone Cash  ,Completed,522.5,290
ORD0006316,26/02/2022,20220226,CUS01487,1,EMP0010,  Vodafone Cash  ,Completed,418,220
ORD0010889,26/02/2022,20220226,CUS02307,2,EMP0048,Vodafone Cash,Completed,5605,5140
ORD0009273,26/02/2022,20220226,CUS02666,13,EMP0189,Debit Card,Completed,504,280
ORD0003160,26/02/2022,20220226,CUS02630,11,EMP0164,Cash,Completed,300,140
ORD0007163,26/02/2022,20220226,CUS01200,4,EMP0092,Vodafone Cash,Completed,600,280
ORD0011146,26/02/2022,20220226,CUS00754,7,EMP0128,Fawry,Completed,120,60
ORD0000866,26/02/2022,20220226,CUS02583,3,,Fawry,Completed,1341,740
ORD0006211,26/02/2022,20220226,CUS01931,13,EMP0192,Credit Card,Completed,170,80
ORD0009658,26/02/2022,20220226,CUS00465,1,EMP0015,Fawry,Cancelled,228,120
ORD0002975,26/02/2022,20220226,CUS00433,3,EMP0070,  Debit Card  ,Completed,1938,1020
ORD0011717,26/02/2022,20220226,CUS00281,14,EMP0196,Credit Card,Completed,1960,960
ORD0006163,26/02/2022,20220226,CUS01448,10,EMP0161,InstaPay,Completed,510,300
ORD0004091,27/02/2022,20220227,CUS01398,1,EMP0018,  Cash  ,Completed,3749,1900
ORD0007909,27/02/2022,20220227,CUS01385,12,EMP0176,InstaPay,Completed,982,500
ORD0005661,27/02/2022,20220227,CUS01092,4,EMP0084,Vodafone Cash,Completed,240,120
ORD0005161,27/02/2022,20220227,CUS01759,14,EMP0195,InstaPay,Completed,1120,560
ORD0010637,27/02/2022,20220227,CUS01189,10,EMP0155,  Debit Card  ,Completed,2946,1590
ORD0010215,27/02/2022,20220227,CUS02038,1,EMP0013,Credit Card,Completed,653,340
ORD0011836,27/02/2022,20220227,CUS00654,4,EMP0082,Debit Card,Completed,845,440
ORD0011044,27/02/2022,20220227,CUS00611,1,EMP0011,Credit Card,Completed,786,390
ORD0000958,27/02/2022,20220227,CUS00343,4,EMP0088,  Debit Card  ,Completed,234,120
ORD0001972,27/02/2022,20220227,CUS02497,13,EMP0189,Credit Card,Completed,448,280
ORD0001916,27/02/2022,20220227,CUS00084,13,EMP0189,Fawry,Completed,1392,800
ORD0010846,27/02/2022,20220227,CUS00809,1,EMP0013,Vodafone Cash,Completed,2099,1050
ORD0008767,28/02/2022,20220228,CUS01166,2,EMP0033,Vodafone Cash,Returned,1572,800
ORD0007448,28/02/2022,20220228,CUS01371,8,EMP0142,InstaPay,Returned,1738.5,920
ORD0004943,28/02/2022,20220228,CUS01344,13,EMP0192,Debit Card,Completed,340,160
ORD0011506,28/02/2022,20220228,CUS02043,4,EMP0085,Cash,Completed,1720,1110
ORD0010354,28/02/2022,20220228,CUS01576,7,EMP0135,Debit Card,Completed,270,120
ORD0005631,28/02/2022,20220228,CUS01927,8,EMP0144,Fawry,Completed,703,360
ORD0001595,28/02/2022,20220228,CUS02581,4,EMP0084,InstaPay,Cancelled,1814,930
ORD0009164,28/02/2022,20220228,CUS01073,2,EMP0043,InstaPay,Completed,13878,12210
ORD0010008,28/02/2022,20220228,CUS02443,14,EMP0200,Vodafone Cash,Completed,672,400
ORD0009972,28/02/2022,20220228,CUS00063,13,EMP0188,Debit Card,Completed,1666,960
ORD0011422,28/02/2022,20220228,CUS00145,5,EMP0097,Vodafone Cash,Completed,105577.5,88410
ORD0011287,28/02/2022,20220228,CUS00120,1,EMP0024,Credit Card,Completed,1440,850
ORD0010320,28/02/2022,20220228,CUS01728,6,EMP0124,Cash,Completed,1742.5,880
ORD0009971,28/02/2022,20220228,CUS00335,5,EMP0103,Credit Card,Returned,3806,2000
ORD0006868,28/02/2022,20220228,CUS02329,2,EMP0034,Credit Card,Completed,1444,700
ORD0003192,28/02/2022,20220228,CUS00762,7,EMP0136,InstaPay,Completed,3170,2220
ORD0009619,28/02/2022,20220228,CUS02674,2,EMP0038,Fawry,Completed,18940,15070
ORD0001520,01/03/2022,20220301,CUS00952,1,EMP0019,Debit Card,Returned,1030,590
ORD0004910,01/03/2022,20220301,CUS02630,5,EMP0111,  Cash  ,Completed,380,180
ORD0003604,01/03/2022,20220301,CUS01839,11,EMP0166,InstaPay,Completed,520,240
ORD0000544,01/03/2022,20220301,CUS01693,3,EMP0066,Fawry,Completed,558,300
ORD0000720,01/03/2022,20220301,CUS02855,2,EMP0053,Vodafone Cash,Completed,6315,5150
ORD0001144,01/03/2022,20220301,CUS02045,11,,Fawry,Completed,3528,1760
ORD0001585,01/03/2022,20220301,CUS00736,8,EMP0142,Debit Card,Completed,3830,1940
ORD0006184,01/03/2022,20220301,CUS02913,8,EMP0144,InstaPay,Completed,340,160
ORD0004107,01/03/2022,20220301,CUS00473,1,EMP0013,Credit Card,Completed,24672,19740
ORD0004822,01/03/2022,20220301,CUS01869,3,EMP0057,  Fawry  ,Returned,337.5,220
ORD0004624,01/03/2022,20220301,CUS01109,8,EMP0137,Cash,Completed,320,160
ORD0004033,01/03/2022,20220301,CUS00090,6,EMP0126,Debit Card,Completed,334,170
ORD0009740,01/03/2022,20220301,CUS00544,10,EMP0157,Credit Card,Completed,1986,1050
ORD0011215,01/03/2022,20220301,CUS02065,4,EMP0083,Debit Card,Completed,506,290
ORD0011032,02/03/2022,20220302,CUS00132,11,EMP0168,Fawry,Completed,229.5,130
ORD0001468,02/03/2022,20220302,CUS01705,2,EMP0043,Vodafone Cash,Completed,210,100
ORD0009560,02/03/2022,20220302,CUS00728,6,EMP0119,Vodafone Cash,Completed,380,180
ORD0001327,02/03/2022,20220302,CUS01244,1,EMP0006,  InstaPay  ,Completed,304,150
ORD0000292,02/03/2022,20220302,CUS01233,12,EMP0178,  Debit Card  ,Completed,170,80
ORD0000101,02/03/2022,20220302,CUS01965,1,EMP0021,Debit Card,Completed,199.5,100
ORD0000389,02/03/2022,20220302,CUS01277,1,EMP0028,InstaPay,Completed,1320,640
ORD0006857,02/03/2022,20220302,CUS00312,1,,Vodafone Cash,Completed,31290,35700
ORD0007923,02/03/2022,20220302,CUS01635,3,EMP0062,  InstaPay  ,Completed,260,120
ORD0008373,02/03/2022,20220302,CUS01121,11,EMP0169,Vodafone Cash,Completed,1569.5,780
ORD0007256,02/03/2022,20220302,CUS00699,1,EMP0011,InstaPay,Completed,3229,2260
ORD0010425,03/03/2022,20220303,CUS02789,12,EMP0181,Debit Card,Completed,243,130
ORD0000627,03/03/2022,20220303,CUS02940,1,EMP0009,  InstaPay  ,Completed,15155,11670
ORD0008567,03/03/2022,20220303,CUS00014,1,EMP0014,InstaPay,Completed,456,260
ORD0003614,03/03/2022,20220303,CUS01251,1,EMP0017,Fawry,Returned,3756,1860
ORD0010727,03/03/2022,20220303,CUS00685,15,EMP0213,Debit Card,Completed,21280,17800
ORD0009600,03/03/2022,20220303,CUS01843,6,EMP0116,Fawry,Completed,140,70
ORD0008548,03/03/2022,20220303,CUS01282,14,EMP0196,Credit Card,Completed,33139,26330
ORD0000985,03/03/2022,20220303,CUS02786,11,EMP0167,Credit Card,Completed,367.5,240
ORD0007002,03/03/2022,20220303,CUS02681,3,EMP0063,Fawry,Completed,2446,1240
ORD0006572,03/03/2022,20220303,CUS02201,1,EMP0013,Fawry,Completed,1192,610
ORD0004412,04/03/2022,20220304,CUS02405,4,EMP0087,Vodafone Cash,Completed,862,430
ORD0006248,04/03/2022,20220304,CUS01312,4,EMP0092,  Credit Card  ,Completed,27715,21920
ORD0005371,04/03/2022,20220304,CUS00113,2,EMP0050,Credit Card,Completed,13540,11370
ORD0005924,04/03/2022,20220304,CUS01280,11,EMP0167,  Credit Card  ,Completed,566,330
ORD0005418,04/03/2022,20220304,CUS02829,6,EMP0115,Cash,Completed,120,60
ORD0004366,04/03/2022,20220304,CUS00514,3,EMP0070,Debit Card,Completed,240,110
ORD0004289,04/03/2022,20220304,CUS02558,14,EMP0202,  InstaPay  ,Completed,324,180
ORD0009594,04/03/2022,20220304,CUS02111,4,EMP0087,Credit Card,Completed,1244,830
ORD0004303,04/03/2022,20220304,CUS02578,3,EMP0064,InstaPay,Completed,228,120
ORD0007399,04/03/2022,20220304,CUS01626,5,EMP0097,Credit Card,Completed,270,120
ORD0004818,04/03/2022,20220304,CUS02401,14,EMP0197,Cash,Cancelled,190,90
ORD0007848,04/03/2022,20220304,CUS00697,12,EMP0178,Vodafone Cash,Completed,10980,9800
ORD0000171,04/03/2022,20220304,CUS01444,7,EMP0132,InstaPay,Completed,260,130
ORD0006540,05/03/2022,20220305,CUS02474,6,EMP0126,Fawry,Completed,720,360
ORD0009830,05/03/2022,20220305,CUS01547,1,EMP0028,Debit Card,Completed,1460,750
ORD0002417,05/03/2022,20220305,CUS02935,3,EMP0059,Vodafone Cash,Cancelled,270,140
ORD0009083,05/03/2022,20220305,CUS01487,1,EMP0010,Fawry,Returned,912,480
ORD0002085,05/03/2022,20220305,CUS02357,2,EMP0046,Vodafone Cash,Completed,218.5,110
ORD0009006,05/03/2022,20220305,CUS02711,13,EMP0188,InstaPay,Returned,160,100
ORD0011736,05/03/2022,20220305,CUS00146,1,EMP0004,Debit Card,Completed,3452.5,1780
ORD0008149,05/03/2022,20220305,CUS01728,12,EMP0175,Fawry,Completed,4770.5,4090
ORD0006963,05/03/2022,20220305,CUS00845,5,EMP0100,Vodafone Cash,Returned,12665,11900
ORD0001059,05/03/2022,20220305,CUS02620,12,EMP0182,Vodafone Cash,Cancelled,250,110
ORD0002808,05/03/2022,20220305,CUS01183,15,EMP0207,Cash,Completed,446,230
ORD0006214,06/03/2022,20220306,CUS01412,4,EMP0079,  InstaPay  ,Returned,1158,650
ORD0000854,06/03/2022,20220306,CUS01360,14,EMP0195,InstaPay,Returned,4731.5,2540
ORD0008787,06/03/2022,20220306,CUS00975,12,EMP0178,Credit Card,Completed,2790,1410
ORD0007120,06/03/2022,20220306,CUS00602,10,EMP0159,InstaPay,Completed,570,280
ORD0001910,06/03/2022,20220306,CUS02953,5,EMP0095,Debit Card,Completed,380,200
ORD0007042,06/03/2022,20220306,CUS02755,2,,Vodafone Cash,Completed,950,460
ORD0004200,06/03/2022,20220306,CUS00860,14,EMP0199,Cash,Completed,4072,3320
ORD0007802,06/03/2022,20220306,CUS00933,11,EMP0170,InstaPay,Cancelled,250,120
ORD0008926,06/03/2022,20220306,CUS00584,12,EMP0180,  Cash  ,Completed,142.5,70
ORD0011754,06/03/2022,20220306,CUS01320,5,EMP0104,InstaPay,Completed,277.5,150
ORD0001037,06/03/2022,20220306,CUS01041,15,EMP0208,  Debit Card  ,Completed,2274.5,1140
ORD0006810,06/03/2022,20220306,CUS02518,5,EMP0095,Fawry,Completed,266,140
ORD0010470,06/03/2022,20220306,CUS02927,4,EMP0087,Fawry,Completed,209,100
ORD0010291,07/03/2022,20220307,CUS01418,5,EMP0099,  Vodafone Cash  ,Completed,25099,21910
ORD0008044,07/03/2022,20220307,CUS02933,8,EMP0138,InstaPay,Completed,1440,680
ORD0004462,07/03/2022,20220307,CUS02838,3,EMP0073,Vodafone Cash,Completed,1989.5,1010
ORD0008051,07/03/2022,20220307,CUS02726,1,EMP0010,Debit Card,Completed,1411,740
ORD0002288,07/03/2022,20220307,CUS01718,1,EMP0028,Debit Card,Completed,81,40
ORD0007717,07/03/2022,20220307,CUS01574,3,EMP0066,Credit Card,Completed,1400,780
ORD0008013,07/03/2022,20220307,CUS02593,14,EMP0199,Fawry,Completed,1575,1050
ORD0008163,07/03/2022,20220307,CUS00730,11,EMP0171,Vodafone Cash,Completed,510,240
ORD0001832,07/03/2022,20220307,CUS02827,9,EMP0151,Credit Card,Completed,6913,7240
ORD0004494,07/03/2022,20220307,CUS00892,6,EMP0122,Credit Card,Returned,804,480
ORD0000177,07/03/2022,20220307,CUS00242,7,EMP0135,Debit Card,Completed,995.5,530
ORD0001484,07/03/2022,20220307,CUS01428,6,EMP0118,Vodafone Cash,Completed,480,210
ORD0005673,07/03/2022,20220307,CUS02175,5,EMP0103,Vodafone Cash,Returned,810,520
ORD0005948,07/03/2022,20220307,CUS02475,14,EMP0199,Credit Card,Completed,446.5,230
ORD0000270,07/03/2022,20220307,CUS02824,8,EMP0138,  InstaPay  ,Completed,700,350
ORD0011358,08/03/2022,20220308,CUS01893,3,EMP0073,Credit Card,Completed,2442,1280
ORD0003919,08/03/2022,20220308,CUS00681,6,EMP0113,  Fawry  ,Completed,170,80
ORD0005658,08/03/2022,20220308,CUS00230,2,EMP0038,Debit Card,Completed,20748,16950
ORD0001178,08/03/2022,20220308,CUS00139,11,EMP0165,  Credit Card  ,Completed,24630.5,21650
ORD0011022,08/03/2022,20220308,CUS00604,3,EMP0068,Credit Card,Completed,1872,980
ORD0005955,08/03/2022,20220308,CUS00430,3,EMP0064,  Debit Card  ,Completed,1098,590
ORD0002461,08/03/2022,20220308,CUS02000,11,EMP0166,Credit Card,Completed,1323,720
ORD0001224,08/03/2022,20220308,CUS00764,11,EMP0172,Cash,Completed,1217,600
ORD0008528,09/03/2022,20220309,CUS00160,11,EMP0170,  Fawry  ,Completed,465,240
ORD0005459,09/03/2022,20220309,CUS02363,14,EMP0197,Debit Card,Cancelled,76,40
ORD0002966,09/03/2022,20220309,CUS02248,13,,Vodafone Cash,Completed,634.5,360
ORD0007675,09/03/2022,20220309,CUS01188,1,EMP0001,Vodafone Cash,Completed,270,140
ORD0005085,09/03/2022,20220309,CUS00315,8,EMP0143,  Vodafone Cash  ,Completed,9180,8100
ORD0005827,09/03/2022,20220309,CUS00442,7,EMP0136,Credit Card,Completed,306,170
ORD0010176,09/03/2022,20220309,CUS00365,9,EMP0148,Cash,Completed,2500,2000
ORD0011078,09/03/2022,20220309,CUS02244,1,EMP0017,Debit Card,Completed,8652,6990
ORD0009602,09/03/2022,20220309,CUS01279,5,EMP0096,InstaPay,Completed,561,320
ORD0009040,09/03/2022,20220309,CUS00719,2,EMP0053,Cash,Completed,1545,810
ORD0003928,09/03/2022,20220309,CUS00157,7,EMP0131,Debit Card,Completed,826.5,450
ORD0003576,10/03/2022,20220310,CUS00889,8,EMP0138,Fawry,Completed,323,180
ORD0009243,10/03/2022,20220310,CUS01039,12,EMP0178,Vodafone Cash,Completed,560,260
ORD0005620,10/03/2022,20220310,CUS00197,2,EMP0038,Cash,Returned,11334,9990
ORD0001818,10/03/2022,20220310,CUS01835,11,EMP0173,Debit Card,Completed,3460,1710
ORD0008762,10/03/2022,20220310,CUS02174,1,EMP0027,Vodafone Cash,Completed,954,500
ORD0006882,10/03/2022,20220310,CUS02039,6,EMP0120,Cash,Completed,39600,31500
ORD0005674,10/03/2022,20220310,CUS00055,2,EMP0047,  Fawry  ,Completed,20393.5,15720
ORD0003924,10/03/2022,20220310,CUS01270,6,EMP0124,Cash,Completed,1068,570
ORD0010948,10/03/2022,20220310,CUS02569,4,EMP0092,Cash,Cancelled,2240,1090
ORD0004765,11/03/2022,20220311,CUS00903,7,EMP0131,Debit Card,Completed,388,210
ORD0010969,11/03/2022,20220311,CUS00286,10,EMP0163,InstaPay,Completed,1400,750
ORD0010958,11/03/2022,20220311,CUS00090,4,,  Cash  ,Completed,142.5,70
ORD0011148,11/03/2022,20220311,CUS00512,3,EMP0072,Debit Card,Completed,1365,900
ORD0009291,11/03/2022,20220311,CUS02931,4,EMP0093,  Debit Card  ,Cancelled,874,440
ORD0009152,11/03/2022,20220311,CUS00033,5,EMP0112,Debit Card,Completed,2627,1920
ORD0004270,11/03/2022,20220311,CUS02093,3,EMP0065,Credit Card,Completed,432,240
ORD0001816,11/03/2022,20220311,CUS02497,14,EMP0197,Vodafone Cash,Completed,520,260
ORD0005564,11/03/2022,20220311,CUS01755,12,EMP0175,InstaPay,Returned,1052,530
ORD0001186,12/03/2022,20220312,CUS01153,7,EMP0133,Cash,Completed,23170,22090
ORD0009030,12/03/2022,20220312,CUS00225,3,EMP0064,Debit Card,Completed,238,140
ORD0009034,12/03/2022,20220312,CUS01709,5,EMP0111,Fawry,Completed,4327,3750
ORD0010002,12/03/2022,20220312,CUS01883,1,EMP0001,InstaPay,Completed,270,130
ORD0001527,12/03/2022,20220312,CUS00036,10,EMP0156,Credit Card,Completed,136,80
ORD0010381,12/03/2022,20220312,CUS00264,1,EMP0001,  Cash  ,Completed,372,200
ORD0001598,13/03/2022,20220313,CUS00494,2,EMP0052,Debit Card,Completed,611,330
ORD0004002,13/03/2022,20220313,CUS01961,2,EMP0038,Debit Card,Completed,612,320
ORD0001099,13/03/2022,20220313,CUS01743,2,EMP0044,Cash,Completed,13250,10510
ORD0001715,13/03/2022,20220313,CUS00128,5,EMP0098,Cash,Completed,570,270
ORD0009792,13/03/2022,20220313,CUS01177,2,EMP0041,Vodafone Cash,Completed,190,90
ORD0000891,13/03/2022,20220313,CUS02898,10,EMP0158,InstaPay,Completed,150,70
ORD0003587,13/03/2022,20220313,CUS00417,4,EMP0092,  Credit Card  ,Completed,564,300
ORD0000469,13/03/2022,20220313,CUS00851,11,EMP0169,Debit Card,Completed,238,140
ORD0011779,13/03/2022,20220313,CUS02197,5,EMP0106,InstaPay,Completed,21520,16760
ORD0006080,13/03/2022,20220313,CUS00608,2,EMP0046,InstaPay,Completed,195.5,110
ORD0005106,14/03/2022,20220314,CUS02731,6,EMP0119,Vodafone Cash,Completed,2236.5,1120
ORD0001378,14/03/2022,20220314,CUS02883,11,,  Credit Card  ,Completed,810,440
ORD0002057,14/03/2022,20220314,CUS00278,4,,Credit Card,Completed,270,140
ORD0011211,14/03/2022,20220314,CUS02080,1,EMP0011,Vodafone Cash,Completed,540,290
ORD0008702,14/03/2022,20220314,CUS01922,5,EMP0097,InstaPay,Completed,1282.5,660
ORD0008977,14/03/2022,20220314,CUS01567,4,EMP0085,Cash,Completed,680.5,420
ORD0008970,15/03/2022,20220315,CUS01398,10,EMP0155,  InstaPay  ,Completed,189,100
ORD0001812,15/03/2022,20220315,CUS01451,12,EMP0175,  InstaPay  ,Completed,930,460
ORD0006244,15/03/2022,20220315,CUS01364,8,EMP0139,Fawry,Completed,7092,5450
ORD0003119,15/03/2022,20220315,CUS00633,2,EMP0054,Vodafone Cash,Completed,1560,770
ORD0010705,15/03/2022,20220315,CUS02469,4,EMP0089,Fawry,Completed,9738,7330
ORD0003122,15/03/2022,20220315,CUS00177,1,EMP0026,Debit Card,Completed,1862,970
ORD0005491,15/03/2022,20220315,CUS02156,11,EMP0168,Fawry,Completed,30000,24000
ORD0001387,15/03/2022,20220315,CUS00546,14,EMP0194,  Vodafone Cash  ,Completed,13305,11800
ORD0001443,15/03/2022,20220315,CUS02840,2,EMP0049,Credit Card,Completed,3235.5,1630
ORD0009783,15/03/2022,20220315,CUS00107,1,EMP0010,Fawry,Completed,3374,1810
ORD0002623,15/03/2022,20220315,CUS01380,11,EMP0166,Credit Card,Completed,288,140
ORD0010014,15/03/2022,20220315,CUS02066,2,EMP0047,InstaPay,Completed,360,170
ORD0004348,15/03/2022,20220315,CUS00765,4,EMP0084,Debit Card,Completed,503.5,260
ORD0002862,15/03/2022,20220315,CUS00492,5,EMP0106,Fawry,Completed,1147.5,580
ORD0011271,16/03/2022,20220316,CUS02993,5,EMP0099,  Vodafone Cash  ,Completed,1755,960
ORD0009241,16/03/2022,20220316,CUS01413,1,EMP0020,InstaPay,Completed,288,160
ORD0004891,16/03/2022,20220316,CUS01295,2,EMP0029,  Credit Card  ,Completed,180,110
ORD0006411,16/03/2022,20220316,CUS01809,2,EMP0044,  InstaPay  ,Completed,243,130
ORD0008396,17/03/2022,20220317,CUS01220,2,EMP0043,Credit Card,Completed,380,180
ORD0005358,17/03/2022,20220317,CUS02093,5,EMP0096,Debit Card,Completed,800,390
ORD0006578,17/03/2022,20220317,CUS02365,10,EMP0162,Credit Card,Completed,323,160
ORD0006522,17/03/2022,20220317,CUS00655,6,EMP0125,Vodafone Cash,Completed,1309.5,710
ORD0003332,17/03/2022,20220317,CUS02884,9,EMP0147,Cash,Completed,20400,16200
ORD0007571,18/03/2022,20220318,CUS01032,7,EMP0130,  Vodafone Cash  ,Completed,461.5,220
ORD0008864,18/03/2022,20220318,CUS00769,14,EMP0196,Fawry,Cancelled,324,190
ORD0009533,18/03/2022,20220318,CUS02590,1,EMP0015,Fawry,Completed,1128,610
ORD0003593,18/03/2022,20220318,CUS00577,3,EMP0061,Debit Card,Completed,17719,15420
ORD0001736,18/03/2022,20220318,CUS00042,1,EMP0025,Cash,Completed,53169,44050
ORD0008157,18/03/2022,20220318,CUS01094,14,EMP0197,Fawry,Completed,152,90
ORD0001825,18/03/2022,20220318,CUS02557,5,EMP0099,Vodafone Cash,Returned,3980,2580
ORD0009582,18/03/2022,20220318,CUS01916,13,EMP0186,Cash,Completed,1188,560
ORD0006647,18/03/2022,20220318,CUS01970,10,EMP0161,Fawry,Completed,1147.5,640
ORD0005986,18/03/2022,20220318,CUS02117,8,EMP0142,  Credit Card  ,Completed,34608,30100
ORD0009939,18/03/2022,20220318,CUS01215,2,EMP0051,Fawry,Returned,520,260
ORD0002480,18/03/2022,20220318,CUS00990,3,EMP0069,Cash,Completed,144,70
ORD0008206,19/03/2022,20220319,CUS00480,13,EMP0189,  InstaPay  ,Returned,2098,1180
ORD0001705,19/03/2022,20220319,CUS01738,4,EMP0085,Fawry,Completed,4549,3320
ORD0002169,19/03/2022,20220319,CUS00965,2,,Cash,Completed,828,450
ORD0006772,19/03/2022,20220319,CUS01802,3,EMP0074,Fawry,Completed,540,260
ORD0007773,19/03/2022,20220319,CUS01803,4,EMP0082,  Debit Card  ,Completed,480,230
ORD0000533,19/03/2022,20220319,CUS01496,3,EMP0068,Debit Card,Completed,682,330
ORD0003625,19/03/2022,20220319,CUS00421,11,EMP0166,Vodafone Cash,Completed,2760,1360
ORD0003168,19/03/2022,20220319,CUS01092,15,EMP0208,Cash,Completed,255,140
ORD0007565,19/03/2022,20220319,CUS02166,1,EMP0005,  Vodafone Cash  ,Returned,1976,1000
ORD0009858,19/03/2022,20220319,CUS00147,7,EMP0133,Cash,Completed,52800,42000
ORD0010710,19/03/2022,20220319,CUS02248,11,EMP0168,Cash,Completed,747,410
ORD0001415,20/03/2022,20220320,CUS02201,4,EMP0090,  Credit Card  ,Completed,708,380
ORD0010707,20/03/2022,20220320,CUS01882,6,EMP0119,Fawry,Completed,260,130
ORD0007935,20/03/2022,20220320,CUS00836,4,EMP0080,Vodafone Cash,Completed,14880,14900
ORD0003432,20/03/2022,20220320,CUS02237,14,EMP0202,Debit Card,Completed,370,180
ORD0011776,20/03/2022,20220320,CUS01794,9,EMP0146,Cash,Returned,2212.5,1080
ORD0011895,20/03/2022,20220320,CUS01259,1,EMP0004,Fawry,Completed,290,140
ORD0005555,20/03/2022,20220320,CUS02357,4,EMP0081,Vodafone Cash,Completed,234,120
ORD0009406,20/03/2022,20220320,CUS02208,1,EMP0007,Fawry,Completed,1878,1030
ORD0011029,20/03/2022,20220320,CUS00408,1,EMP0005,  InstaPay  ,Completed,992,550
ORD0011636,20/03/2022,20220320,CUS00119,2,EMP0045,InstaPay,Completed,777,480
ORD0000460,20/03/2022,20220320,CUS01176,7,EMP0131,  Fawry  ,Completed,830,400
ORD0010445,21/03/2022,20220321,CUS01064,2,EMP0040,InstaPay,Completed,324,180
ORD0001842,21/03/2022,20220321,CUS02335,14,EMP0200,InstaPay,Completed,8601,8130
ORD0003232,21/03/2022,20220321,CUS00499,13,EMP0191,  Credit Card  ,Completed,1744,860
ORD0002209,21/03/2022,20220321,CUS00045,12,EMP0182,Cash,Completed,420,180
ORD0005228,21/03/2022,20220321,CUS00768,1,EMP0020,Vodafone Cash,Completed,612,290
ORD0000560,21/03/2022,20220321,CUS02902,4,EMP0084,Credit Card,Completed,1412.5,720
ORD0010223,21/03/2022,20220321,CUS02811,10,EMP0152,  InstaPay  ,Completed,10301,7800
ORD0007592,21/03/2022,20220321,CUS02504,7,EMP0131,Fawry,Completed,1064,560
ORD0006067,21/03/2022,20220321,CUS02060,2,EMP0051,Debit Card,Completed,836,680
ORD0009214,21/03/2022,20220321,CUS02024,15,EMP0210,  InstaPay  ,Completed,442,240
ORD0007032,21/03/2022,20220321,CUS00440,15,EMP0206,Credit Card,Completed,741,360
ORD0007396,21/03/2022,20220321,CUS01709,10,EMP0159,Fawry,Completed,270,130
ORD0006856,21/03/2022,20220321,CUS01970,5,EMP0108,Fawry,Completed,300,150
ORD0008526,21/03/2022,20220321,CUS00181,10,EMP0162,Cash,Completed,320,140
ORD0009101,21/03/2022,20220321,CUS01561,4,,Vodafone Cash,Completed,405,210
ORD0000218,22/03/2022,20220322,CUS02235,1,EMP0027,Credit Card,Completed,840,510
ORD0005367,22/03/2022,20220322,CUS01441,4,EMP0087,Fawry,Completed,1102,580
ORD0009974,22/03/2022,20220322,CUS01039,3,EMP0063,Credit Card,Completed,136,80
ORD0001985,22/03/2022,20220322,CUS01689,5,EMP0111,Debit Card,Completed,799,460
ORD0002217,22/03/2022,20220322,CUS01287,4,EMP0080,InstaPay,Completed,1664,1000
ORD0008523,22/03/2022,20220322,CUS00078,2,EMP0043,Credit Card,Completed,13000,10400
ORD0009070,22/03/2022,20220322,CUS01691,3,EMP0076,Fawry,Completed,550,270
ORD0010690,22/03/2022,20220322,CUS00238,11,,  Cash  ,Completed,1186,630
ORD0007107,23/03/2022,20220323,CUS01895,2,,Cash,Completed,4503,2390
ORD0004948,23/03/2022,20220323,CUS00012,9,EMP0148,Debit Card,Completed,930,460
ORD0007293,23/03/2022,20220323,CUS01918,3,EMP0074,Cash,Returned,6847,5360
ORD0007821,23/03/2022,20220323,CUS02736,5,EMP0108,Fawry,Completed,2810,1500
ORD0007515,23/03/2022,20220323,CUS01011,7,EMP0131,Vodafone Cash,Completed,208,120
ORD0011890,23/03/2022,20220323,CUS01705,13,EMP0187,Cash,Returned,1573,900
ORD0001251,23/03/2022,20220323,CUS01772,3,EMP0071,Debit Card,Completed,216,120
ORD0003029,23/03/2022,20220323,CUS01262,9,EMP0151,InstaPay,Completed,130,60
ORD0009223,23/03/2022,20220323,CUS00823,2,EMP0048,Debit Card,Returned,3740,1900
ORD0008535,23/03/2022,20220323,CUS02998,4,EMP0086,Vodafone Cash,Cancelled,1440,880
ORD0004542,23/03/2022,20220323,CUS00711,1,EMP0019,Vodafone Cash,Completed,8337,9190
ORD0010005,23/03/2022,20220323,CUS01130,1,EMP0004,Vodafone Cash,Completed,7780,8350
ORD0006899,24/03/2022,20220324,CUS02982,11,EMP0165,Credit Card,Completed,998,500
ORD0008740,24/03/2022,20220324,CUS00925,3,EMP0067,  Cash  ,Completed,8425,6290
ORD0001992,24/03/2022,20220324,CUS02338,6,EMP0116,Debit Card,Completed,30880,24360
ORD0006351,24/03/2022,20220324,CUS02173,1,EMP0009,  Fawry  ,Returned,1434,770
ORD0010670,24/03/2022,20220324,CUS01350,12,EMP0177,Debit Card,Returned,756,520
ORD0006430,24/03/2022,20220324,CUS01623,11,EMP0171,Vodafone Cash,Returned,128,70
ORD0005199,24/03/2022,20220324,CUS01362,6,EMP0116,InstaPay,Completed,450,210
ORD0003742,24/03/2022,20220324,CUS01650,1,EMP0013,Credit Card,Completed,745,380
ORD0005956,24/03/2022,20220324,CUS01444,3,EMP0065,Debit Card,Completed,192,110
ORD0001028,25/03/2022,20220325,CUS02629,2,EMP0032,Vodafone Cash,Completed,1728,940
ORD0002494,25/03/2022,20220325,CUS01318,3,EMP0070,  InstaPay  ,Completed,136,70
ORD0011317,25/03/2022,20220325,CUS02468,1,EMP0010,  Credit Card  ,Completed,2340,1230
ORD0003718,25/03/2022,20220325,CUS02258,4,EMP0082,Debit Card,Completed,1200.5,630
ORD0001151,25/03/2022,20220325,CUS00886,1,EMP0024,Vodafone Cash,Completed,504,270
ORD0000675,25/03/2022,20220325,CUS00445,6,EMP0116,Vodafone Cash,Completed,180,80
ORD0011068,25/03/2022,20220325,CUS00483,3,EMP0073,Credit Card,Completed,238,140
ORD0005130,25/03/2022,20220325,CUS02669,2,EMP0030,  Cash  ,Completed,1567,830
ORD0011606,25/03/2022,20220325,CUS00440,12,EMP0182,InstaPay,Completed,1238.5,730
ORD0001017,25/03/2022,20220325,CUS00502,12,,Credit Card,Completed,14400,11200
ORD0009501,25/03/2022,20220325,CUS02326,11,,Vodafone Cash,Completed,1626.5,860
ORD0011365,25/03/2022,20220325,CUS00188,1,EMP0021,Credit Card,Completed,120,60
ORD0000941,25/03/2022,20220325,CUS02128,10,EMP0156,Cash,Completed,2789,1720
ORD0007582,26/03/2022,20220326,CUS01574,15,EMP0214,  InstaPay  ,Completed,3488,1990
ORD0008031,26/03/2022,20220326,CUS01572,3,EMP0072,Cash,Completed,705,390
ORD0011753,26/03/2022,20220326,CUS01087,5,EMP0097,  Vodafone Cash  ,Completed,18500,14800
ORD0009641,26/03/2022,20220326,CUS02708,4,EMP0086,Fawry,Completed,1468,1000
ORD0000493,26/03/2022,20220326,CUS01026,12,EMP0175,Vodafone Cash,Completed,1400,680
ORD0003355,26/03/2022,20220326,CUS00098,13,EMP0193,Credit Card,Completed,720,360
ORD0008025,26/03/2022,20220326,CUS00873,4,EMP0093,InstaPay,Completed,1450,1070
ORD0004408,26/03/2022,20220326,CUS02256,15,EMP0208,Fawry,Completed,1551.5,870
ORD0011970,26/03/2022,20220326,CUS01973,6,EMP0115,Cash,Completed,691,330
ORD0006955,26/03/2022,20220326,CUS00499,2,EMP0043,Credit Card,Completed,1340,620
ORD0003219,26/03/2022,20220326,CUS00482,3,EMP0075,  Cash  ,Completed,252,140
ORD0011408,26/03/2022,20220326,CUS02458,6,EMP0121,Fawry,Completed,4468,3020
ORD0007308,27/03/2022,20220327,CUS02296,2,EMP0036,  InstaPay  ,Completed,1258,640
ORD0007043,27/03/2022,20220327,CUS01216,2,EMP0050,Cash,Completed,672,400
ORD0011481,27/03/2022,20220327,CUS02797,1,,Debit Card,Returned,770,450
ORD0002024,27/03/2022,20220327,CUS01808,9,EMP0151,  InstaPay  ,Completed,1010,490
ORD0011392,27/03/2022,20220327,CUS02343,11,EMP0168,Cash,Completed,8455,7100
ORD0006290,27/03/2022,20220327,CUS01573,2,EMP0041,InstaPay,Completed,1183,620
ORD0009991,27/03/2022,20220327,CUS00163,13,EMP0189,Credit Card,Returned,4043,2140
ORD0005335,27/03/2022,20220327,CUS00682,10,EMP0161,  InstaPay  ,Completed,658,340
ORD0005396,28/03/2022,20220328,CUS01237,8,,Fawry,Completed,1161,580
ORD0001784,28/03/2022,20220328,CUS00453,3,EMP0062,Cash,Completed,1368,730
ORD0009474,28/03/2022,20220328,CUS00240,3,EMP0065,Debit Card,Completed,2843.5,1530
ORD0003646,28/03/2022,20220328,CUS00683,4,EMP0081,Credit Card,Completed,140,70
ORD0005666,28/03/2022,20220328,CUS02797,6,EMP0113,InstaPay,Completed,992,510
ORD0001469,28/03/2022,20220328,CUS02202,14,EMP0197,Vodafone Cash,Cancelled,735,410
ORD0000516,28/03/2022,20220328,CUS02283,14,EMP0200,Cash,Completed,408,230
ORD0007509,28/03/2022,20220328,CUS00299,9,EMP0149,Credit Card,Completed,1440,680
ORD0007458,29/03/2022,20220329,CUS02383,3,EMP0074,InstaPay,Completed,630,350
ORD0011444,29/03/2022,20220329,CUS01262,11,EMP0164,InstaPay,Completed,924,500
ORD0009279,29/03/2022,20220329,CUS02859,7,EMP0135,Fawry,Completed,1686,920
ORD0000183,29/03/2022,20220329,CUS00540,3,EMP0069,Debit Card,Returned,275,130
ORD0009648,29/03/2022,20220329,CUS02541,2,EMP0044,Cash,Completed,1125.5,520
ORD0010824,29/03/2022,20220329,CUS00386,4,EMP0083,InstaPay,Completed,1660,820
ORD0011194,29/03/2022,20220329,CUS01707,11,EMP0173,Fawry,Completed,411,260
ORD0003216,29/03/2022,20220329,CUS01143,11,EMP0166,Cash,Completed,520,260
ORD0011521,29/03/2022,20220329,CUS00702,10,EMP0158,Cash,Completed,340,160
ORD0008646,29/03/2022,20220329,CUS00201,1,EMP0008,Cash,Cancelled,15300,12000
ORD0004809,30/03/2022,20220330,CUS01335,2,EMP0033,  InstaPay  ,Completed,1945.5,1090
ORD0002656,30/03/2022,20220330,CUS02228,1,EMP0024,Vodafone Cash,Completed,539.5,270
ORD0005016,30/03/2022,20220330,CUS00229,10,EMP0157,Vodafone Cash,Returned,712,350
ORD0001931,30/03/2022,20220330,CUS02022,4,EMP0085,  Debit Card  ,Completed,3788,1930
ORD0011530,30/03/2022,20220330,CUS02154,4,EMP0091,InstaPay,Completed,437,220
ORD0001137,30/03/2022,20220330,CUS01784,9,EMP0151,Vodafone Cash,Completed,37488,29980
ORD0011956,30/03/2022,20220330,CUS02863,9,,Cash,Completed,2396,1270
ORD0004074,30/03/2022,20220330,CUS01184,1,EMP0002,  InstaPay  ,Completed,15332,12150
ORD0002236,30/03/2022,20220330,CUS00539,1,EMP0018,Debit Card,Completed,530,260
ORD0001853,30/03/2022,20220330,CUS00133,10,EMP0159,Credit Card,Completed,4996,2500
ORD0007680,30/03/2022,20220330,CUS01394,3,EMP0077,Fawry,Completed,14076,12300
ORD0004771,30/03/2022,20220330,CUS00608,5,EMP0097,Cash,Completed,1150.5,580
ORD0009218,31/03/2022,20220331,CUS00874,8,EMP0142,Cash,Completed,22188,19720
ORD0005350,31/03/2022,20220331,CUS02892,7,EMP0133,Fawry,Completed,14448,13370
ORD0000368,31/03/2022,20220331,CUS00775,3,EMP0067,Credit Card,Completed,240,120
ORD0002338,31/03/2022,20220331,CUS02643,6,,Cash,Completed,178.5,100
ORD0001766,31/03/2022,20220331,CUS00452,15,EMP0209,Cash,Completed,17479,13240
ORD0003092,31/03/2022,20220331,CUS00323,10,EMP0158,Fawry,Returned,586,300
ORD0000600,31/03/2022,20220331,CUS02656,7,EMP0131,Credit Card,Completed,468,260
ORD0004794,31/03/2022,20220331,CUS00631,7,EMP0135,Cash,Completed,470,230
ORD0009569,31/03/2022,20220331,CUS00690,6,EMP0123,Credit Card,Completed,895.5,450
ORD0002398,31/03/2022,20220331,CUS02835,4,EMP0085,Fawry,Cancelled,400,190
ORD0003154,31/03/2022,20220331,CUS01285,1,EMP0005,InstaPay,Completed,518.5,300
ORD0000198,01/04/2022,20220401,CUS02863,12,,  Credit Card  ,Completed,1996.5,1010
ORD0001568,01/04/2022,20220401,CUS01111,2,EMP0044,Debit Card,Completed,1300,640
ORD0005536,01/04/2022,20220401,CUS00795,3,EMP0061,Vodafone Cash,Completed,2537,1440
ORD0008472,01/04/2022,20220401,CUS01555,2,EMP0054,Fawry,Completed,430,210
ORD0006342,01/04/2022,20220401,CUS00728,5,EMP0097,  Vodafone Cash  ,Completed,360,180
ORD0000951,01/04/2022,20220401,CUS02379,1,EMP0016,Fawry,Completed,5100,4000
ORD0010915,01/04/2022,20220401,CUS01523,4,EMP0079,Vodafone Cash,Completed,1350,660
ORD0006319,01/04/2022,20220401,CUS02043,7,EMP0132,Credit Card,Completed,1026,540
ORD0008109,01/04/2022,20220401,CUS01776,3,EMP0075,Credit Card,Completed,1254,680
ORD0004038,01/04/2022,20220401,CUS02468,4,EMP0092,Credit Card,Completed,692,380
ORD0005937,01/04/2022,20220401,CUS02704,1,EMP0027,Vodafone Cash,Completed,1057.5,870
ORD0005816,02/04/2022,20220402,CUS00340,8,EMP0143,InstaPay,Completed,10900,8700
ORD0004440,02/04/2022,20220402,CUS01795,1,EMP0008,Fawry,Completed,972,520
ORD0003213,02/04/2022,20220402,CUS01048,4,EMP0085,Vodafone Cash,Completed,142.5,90
ORD0001663,02/04/2022,20220402,CUS02742,4,EMP0089,  Vodafone Cash  ,Completed,13770,14050
ORD0005560,02/04/2022,20220402,CUS02255,11,EMP0173,  Credit Card  ,Completed,873,500
ORD0002537,02/04/2022,20220402,CUS00893,2,EMP0034,InstaPay,Completed,1344,650
ORD0007392,02/04/2022,20220402,CUS01362,5,EMP0109,  InstaPay  ,Returned,544,310
ORD0008601,02/04/2022,20220402,CUS01618,3,EMP0062,  Cash  ,Completed,208,120
ORD0006139,02/04/2022,20220402,CUS01576,5,EMP0102,  Vodafone Cash  ,Cancelled,1650,800
ORD0004996,02/04/2022,20220402,CUS01646,3,EMP0073,Credit Card,Completed,300,150
ORD0000781,02/04/2022,20220402,CUS01326,4,EMP0090,InstaPay,Completed,28965.5,24390
ORD0004422,02/04/2022,20220402,CUS01328,8,EMP0138,Debit Card,Completed,7200,6400
ORD0002010,02/04/2022,20220402,CUS00133,4,EMP0080,  Credit Card  ,Completed,8779,9030
ORD0002456,02/04/2022,20220402,CUS01528,2,EMP0035,InstaPay,Completed,901,480
ORD0003494,03/04/2022,20220403,CUS02431,2,EMP0042,InstaPay,Completed,720,390
ORD0003846,03/04/2022,20220403,CUS02850,2,EMP0049,Vodafone Cash,Completed,210,100
ORD0009574,03/04/2022,20220403,CUS02716,1,,Debit Card,Completed,81,40
ORD0011691,03/04/2022,20220403,CUS00303,11,EMP0167,Vodafone Cash,Completed,851.5,470
ORD0009115,03/04/2022,20220403,CUS02463,15,EMP0209,Credit Card,Completed,710,340
ORD0000090,03/04/2022,20220403,CUS02378,2,EMP0053,Cash,Completed,2043,1120
ORD0007602,03/04/2022,20220403,CUS00644,2,EMP0042,Cash,Completed,5580,4480
ORD0003777,03/04/2022,20220403,CUS01447,9,EMP0145,  Cash  ,Completed,13733.5,11350
ORD0006873,03/04/2022,20220403,CUS01726,2,EMP0032,Vodafone Cash,Completed,243,130
ORD0009167,03/04/2022,20220403,CUS00259,12,EMP0182,Fawry,Returned,208,130
ORD0008634,03/04/2022,20220403,CUS01905,12,EMP0182,  Debit Card  ,Completed,140,60
ORD0005495,04/04/2022,20220404,CUS00721,2,EMP0029,Fawry,Returned,2170,1190
ORD0003510,04/04/2022,20220404,CUS02876,8,EMP0140,Credit Card,Completed,522,290
ORD0009105,04/04/2022,20220404,CUS00185,3,EMP0067,Credit Card,Completed,144,70
ORD0000128,04/04/2022,20220404,CUS00461,1,EMP0024,Debit Card,Completed,532,240
ORD0006786,04/04/2022,20220404,CUS02095,10,EMP0160,Credit Card,Completed,468,240
ORD0009935,04/04/2022,20220404,CUS00131,7,EMP0136,  Fawry  ,Returned,646,320
ORD0005453,04/04/2022,20220404,CUS02224,8,EMP0143,  Fawry  ,Completed,748,440
ORD0004280,04/04/2022,20220404,CUS01325,6,EMP0117,Debit Card,Completed,270,130
ORD0004502,04/04/2022,20220404,CUS02584,11,EMP0166,  Vodafone Cash  ,Completed,323,160
ORD0007843,04/04/2022,20220404,CUS02729,12,EMP0184,Cash,Completed,1234.5,610
ORD0010388,04/04/2022,20220404,CUS02777,2,EMP0037,Cash,Completed,1200,680
ORD0010321,05/04/2022,20220405,CUS02221,8,EMP0142,Credit Card,Completed,324,170
ORD0008081,05/04/2022,20220405,CUS01461,15,EMP0205,Vodafone Cash,Completed,1533,810
ORD0009744,05/04/2022,20220405,CUS00827,2,EMP0040,Cash,Completed,126,70
ORD0007688,05/04/2022,20220405,CUS01043,1,EMP0002,Vodafone Cash,Completed,380,180
ORD0003678,05/04/2022,20220405,CUS01785,2,EMP0039,Vodafone Cash,Completed,104,60
ORD0010789,05/04/2022,20220405,CUS02041,9,EMP0148,Fawry,Completed,136,80
ORD0003317,05/04/2022,20220405,CUS00619,9,EMP0150,Fawry,Completed,216,110
ORD0008870,05/04/2022,20220405,CUS01710,7,EMP0130,Fawry,Completed,1106.5,570
ORD0011434,05/04/2022,20220405,CUS01531,12,EMP0177,Credit Card,Completed,378,210
ORD0004870,05/04/2022,20220405,CUS00654,1,EMP0014,  Vodafone Cash  ,Completed,6579,5040
ORD0002671,05/04/2022,20220405,CUS00751,12,EMP0184,Fawry,Completed,1050,510
ORD0000486,05/04/2022,20220405,CUS01757,6,EMP0124,Fawry,Completed,1159,600
ORD0008054,05/04/2022,20220405,CUS02072,11,EMP0169,Debit Card,Completed,370,180
ORD0009534,06/04/2022,20220406,CUS02245,3,EMP0067,  Vodafone Cash  ,Completed,826.5,480
ORD0003179,06/04/2022,20220406,CUS01001,2,EMP0045,InstaPay,Returned,160,70
ORD0011879,06/04/2022,20220406,CUS02637,8,EMP0143,Vodafone Cash,Returned,703,370
ORD0005800,06/04/2022,20220406,CUS01807,5,EMP0104,Vodafone Cash,Completed,680,400
ORD0008579,06/04/2022,20220406,CUS02703,8,EMP0138,InstaPay,Completed,238,140
ORD0000074,06/04/2022,20220406,CUS01446,3,EMP0056,Credit Card,Completed,340,160
ORD0008012,06/04/2022,20220406,CUS02434,8,EMP0138,Credit Card,Completed,569,280
ORD0009022,06/04/2022,20220406,CUS01227,6,EMP0121,Fawry,Returned,2800,1390
ORD0011748,06/04/2022,20220406,CUS02517,5,,Debit Card,Completed,160,80
ORD0011640,06/04/2022,20220406,CUS00275,7,EMP0128,Fawry,Completed,276.5,150
ORD0004169,07/04/2022,20220407,CUS01442,2,EMP0037,Fawry,Completed,740,360
ORD0002366,07/04/2022,20220407,CUS02077,15,EMP0207,Cash,Returned,560,280
ORD0000238,07/04/2022,20220407,CUS02621,14,EMP0200,Credit Card,Completed,833,430
ORD0006621,07/04/2022,20220407,CUS00190,4,EMP0091,Credit Card,Completed,467,270
ORD0002298,07/04/2022,20220407,CUS00174,6,EMP0113,Debit Card,Completed,81,40
ORD0005791,07/04/2022,20220407,CUS01142,13,EMP0192,Vodafone Cash,Returned,700,350
ORD0009206,07/04/2022,20220407,CUS01781,1,EMP0009,Vodafone Cash,Completed,7005,5780
ORD0007697,07/04/2022,20220407,CUS02774,14,EMP0199,Vodafone Cash,Completed,2701.5,1350
ORD0008235,07/04/2022,20220407,CUS01243,2,EMP0043,Credit Card,Completed,2400,2100
ORD0002391,07/04/2022,20220407,CUS00753,2,EMP0049,InstaPay,Completed,450,240
ORD0000309,07/04/2022,20220407,CUS01930,3,EMP0060,Credit Card,Completed,3036,1580
ORD0003812,08/04/2022,20220408,CUS01268,1,EMP0022,  Vodafone Cash  ,Completed,2612,1320
ORD0007751,08/04/2022,20220408,CUS01231,4,EMP0085,Fawry,Completed,949.5,480
ORD0001076,08/04/2022,20220408,CUS02021,6,EMP0121,Credit Card,Completed,1465,780
ORD0005603,08/04/2022,20220408,CUS00505,12,EMP0180,Cash,Returned,3920,1920
ORD0002891,08/04/2022,20220408,CUS02056,9,EMP0146,Credit Card,Completed,1594,760
ORD0004473,08/04/2022,20220408,CUS01236,12,EMP0177,  Debit Card  ,Completed,250,120
ORD0003735,08/04/2022,20220408,CUS02076,2,EMP0050,Credit Card,Completed,210,100
ORD0002724,08/04/2022,20220408,CUS01693,2,EMP0048,Credit Card,Completed,240,140
ORD0009556,08/04/2022,20220408,CUS01745,5,EMP0098,Cash,Completed,309.5,170
ORD0010119,08/04/2022,20220408,CUS02890,14,EMP0200,Vodafone Cash,Completed,1283,720
ORD0007378,08/04/2022,20220408,CUS02984,5,EMP0105,Fawry,Completed,3365,1710
ORD0005503,09/04/2022,20220409,CUS01608,3,EMP0066,Cash,Completed,2326,1150
ORD0000286,09/04/2022,20220409,CUS02196,1,EMP0011,Vodafone Cash,Completed,1330,1040
ORD0010524,09/04/2022,20220409,CUS01856,12,EMP0184,Vodafone Cash,Completed,100,50
ORD0004411,09/04/2022,20220409,CUS02790,4,EMP0080,Vodafone Cash,Completed,480,240
ORD0000061,09/04/2022,20220409,CUS00665,3,EMP0066,Credit Card,Completed,972,520
ORD0004083,09/04/2022,20220409,CUS02492,4,EMP0093,  Credit Card  ,Completed,310,150
ORD0004299,09/04/2022,20220409,CUS00846,3,EMP0063,Credit Card,Completed,30300,24300
ORD0002370,09/04/2022,20220409,CUS01234,2,EMP0052,  Cash  ,Completed,4625,3770
ORD0007060,09/04/2022,20220409,CUS00538,3,,Cash,Returned,1036,520
ORD0008580,10/04/2022,20220410,CUS00761,11,EMP0164,Cash,Completed,2718,1370
ORD0010403,10/04/2022,20220410,CUS00445,3,EMP0061,Credit Card,Cancelled,4190,2500
ORD0010908,10/04/2022,20220410,CUS00351,1,EMP0014,Credit Card,Completed,2165.5,1180
ORD0003686,10/04/2022,20220410,CUS02523,1,EMP0020,  Fawry  ,Completed,1122,560
ORD0010930,10/04/2022,20220410,CUS00959,6,EMP0117,Vodafone Cash,Returned,1734,1000
ORD0000450,10/04/2022,20220410,CUS00635,1,EMP0003,Cash,Completed,5230,4350
ORD0009155,10/04/2022,20220410,CUS00994,6,EMP0117,Fawry,Completed,5301,4220
ORD0002299,10/04/2022,20220410,CUS00329,4,,Credit Card,Completed,2563.5,1530
ORD0006116,11/04/2022,20220411,CUS02189,5,EMP0097,Credit Card,Completed,520,240
ORD0002828,11/04/2022,20220411,CUS00403,1,,InstaPay,Completed,160,70
ORD0004897,11/04/2022,20220411,CUS00582,8,EMP0144,InstaPay,Returned,991,820
ORD0002113,11/04/2022,20220411,CUS00812,6,EMP0126,Fawry,Completed,190,90
ORD0003053,11/04/2022,20220411,CUS02163,5,EMP0096,InstaPay,Completed,940,460
ORD0011492,11/04/2022,20220411,CUS00620,10,EMP0152,Credit Card,Completed,1780,990
ORD0004714,11/04/2022,20220411,CUS01171,4,EMP0092,  Fawry  ,Cancelled,400,200
ORD0003650,11/04/2022,20220411,CUS00730,12,EMP0179,  Cash  ,Cancelled,406,290
ORD0001903,11/04/2022,20220411,CUS00257,1,EMP0006,Vodafone Cash,Completed,67.5,40
ORD0004277,11/04/2022,20220411,CUS02167,3,EMP0067,Vodafone Cash,Completed,2000,1600
ORD0003647,11/04/2022,20220411,CUS01598,13,EMP0187,InstaPay,Completed,6000,4800
ORD0009616,11/04/2022,20220411,CUS01632,7,EMP0134,  Cash  ,Returned,4250,4000
ORD0010011,11/04/2022,20220411,CUS02016,6,EMP0123,InstaPay,Completed,880,440
ORD0002759,12/04/2022,20220412,CUS01667,4,EMP0084,InstaPay,Completed,502,250
ORD0011171,12/04/2022,20220412,CUS02188,10,EMP0157,Vodafone Cash,Completed,1542,790
ORD0007869,12/04/2022,20220412,CUS02664,5,,Credit Card,Completed,85.5,40
ORD0011601,12/04/2022,20220412,CUS01809,2,EMP0042,InstaPay,Completed,1326,750
ORD0008104,12/04/2022,20220412,CUS02685,3,EMP0061,Debit Card,Completed,777,540
ORD0001166,12/04/2022,20220412,CUS01587,4,EMP0084,Cash,Completed,1924.5,1110
ORD0000284,12/04/2022,20220412,CUS02885,12,,  Cash  ,Completed,126,60
ORD0011324,12/04/2022,20220412,CUS02053,6,EMP0123,  InstaPay  ,Completed,610,290
ORD0009220,12/04/2022,20220412,CUS02384,3,,  InstaPay  ,Completed,270,170
ORD0011603,12/04/2022,20220412,CUS01285,1,EMP0005,Cash,Returned,14788,12970
ORD0001688,12/04/2022,20220412,CUS01417,1,EMP0013,  Fawry  ,Completed,940,450
ORD0006527,12/04/2022,20220412,CUS00892,12,EMP0180,InstaPay,Completed,6649,5460
ORD0003145,13/04/2022,20220413,CUS00396,10,,Vodafone Cash,Completed,680,600
ORD0001358,13/04/2022,20220413,CUS02147,7,EMP0129,InstaPay,Completed,24787,21730
ORD0002402,13/04/2022,20220413,CUS00348,14,EMP0195,  Vodafone Cash  ,Completed,797.5,420
ORD0001283,13/04/2022,20220413,CUS02822,2,EMP0054,  Debit Card  ,Completed,1412,680
ORD0009821,13/04/2022,20220413,CUS00226,2,EMP0050,Vodafone Cash,Completed,2298,1190
ORD0006853,13/04/2022,20220413,CUS01126,1,EMP0017,Debit Card,Completed,752,460
ORD0002178,13/04/2022,20220413,CUS00356,1,EMP0015,InstaPay,Completed,16040,12790
ORD0002197,13/04/2022,20220413,CUS00782,9,EMP0149,Fawry,Completed,85.5,40
ORD0003420,13/04/2022,20220413,CUS02301,5,EMP0103,InstaPay,Completed,720,380
ORD0001385,14/04/2022,20220414,CUS00698,12,EMP0179,Vodafone Cash,Completed,703,360
ORD0008511,14/04/2022,20220414,CUS02976,1,EMP0015,Credit Card,Completed,324,160
ORD0009842,14/04/2022,20220414,CUS02477,6,EMP0118,Credit Card,Completed,204,110
ORD0007209,14/04/2022,20220414,CUS01378,1,EMP0002,InstaPay,Completed,1060,490
ORD0011250,14/04/2022,20220414,CUS01358,15,EMP0207,Credit Card,Completed,5312,4700
ORD0004589,14/04/2022,20220414,CUS01555,5,EMP0095,InstaPay,Completed,1302,650
ORD0008577,14/04/2022,20220414,CUS02941,7,EMP0128,Debit Card,Completed,2254.5,1640
ORD0004564,14/04/2022,20220414,CUS02888,9,EMP0151,Cash,Completed,18080,14340
ORD0004315,14/04/2022,20220414,CUS00901,1,EMP0023,Debit Card,Completed,600,500
ORD0010041,14/04/2022,20220414,CUS01834,4,EMP0082,Fawry,Completed,936,500
ORD0000671,15/04/2022,20220415,CUS00382,2,EMP0052,Cash,Completed,351.5,180
ORD0007252,15/04/2022,20220415,CUS01287,2,EMP0052,  Fawry  ,Completed,270,160
ORD0011448,15/04/2022,20220415,CUS00447,5,EMP0098,Vodafone Cash,Completed,1038.5,530
ORD0008126,15/04/2022,20220415,CUS01898,9,EMP0150,Credit Card,Completed,722,370
ORD0006861,15/04/2022,20220415,CUS00035,12,EMP0184,  InstaPay  ,Completed,645,310
ORD0006651,15/04/2022,20220415,CUS00286,3,EMP0055,InstaPay,Completed,15232,12520
ORD0008729,15/04/2022,20220415,CUS00562,1,EMP0017,Vodafone Cash,Completed,969,480
ORD0001589,15/04/2022,20220415,CUS00659,7,EMP0130,Cash,Completed,1168,720
ORD0002535,15/04/2022,20220415,CUS01494,2,EMP0053,Credit Card,Completed,1583,770
ORD0005954,15/04/2022,20220415,CUS00906,6,EMP0116,Debit Card,Completed,18006,15880
ORD0004650,15/04/2022,20220415,CUS02087,6,EMP0117,Cash,Completed,1150,560
ORD0005965,15/04/2022,20220415,CUS01363,6,EMP0124,Credit Card,Completed,150,70
ORD0006883,15/04/2022,20220415,CUS01976,3,EMP0061,Cash,Returned,3720,3450
ORD0007960,15/04/2022,20220415,CUS01730,12,EMP0175,Fawry,Completed,12157.5,9150
ORD0005499,15/04/2022,20220415,CUS01870,2,,Cash,Completed,270,140
ORD0000566,15/04/2022,20220415,CUS01861,9,EMP0147,Credit Card,Returned,2090,2040
ORD0008392,15/04/2022,20220415,CUS02835,2,EMP0041,Debit Card,Completed,979,500
ORD0011538,15/04/2022,20220415,CUS00968,2,EMP0054,Vodafone Cash,Completed,1910.5,1000
ORD0006012,16/04/2022,20220416,CUS01332,3,EMP0061,Credit Card,Completed,800,350
ORD0002661,16/04/2022,20220416,CUS02848,2,,Credit Card,Returned,982,490
ORD0001906,16/04/2022,20220416,CUS02546,2,EMP0035,Credit Card,Returned,345,220
ORD0010995,16/04/2022,20220416,CUS00607,12,EMP0174,Credit Card,Completed,5630,3760
ORD0008218,16/04/2022,20220416,CUS02924,7,EMP0131,Cash,Completed,486,260
ORD0009541,16/04/2022,20220416,CUS00402,1,EMP0011,Vodafone Cash,Completed,1970.5,1020
ORD0011451,16/04/2022,20220416,CUS02601,12,EMP0180,InstaPay,Completed,2404,1200
ORD0004407,17/04/2022,20220417,CUS01722,7,EMP0134,Debit Card,Completed,18854,15040
ORD0011860,17/04/2022,20220417,CUS01796,12,EMP0178,  Vodafone Cash  ,Returned,793,390
ORD0007339,17/04/2022,20220417,CUS00761,3,EMP0075,Cash,Completed,520,250
ORD0003644,17/04/2022,20220417,CUS00044,13,EMP0186,Fawry,Completed,290,130
ORD0007026,17/04/2022,20220417,CUS02655,2,EMP0051,Credit Card,Returned,1180,1070
ORD0010227,17/04/2022,20220417,CUS00009,4,EMP0084,  Cash  ,Returned,1080,680
ORD0011403,17/04/2022,20220417,CUS00464,1,EMP0021,  Fawry  ,Completed,320,180
ORD0008509,17/04/2022,20220417,CUS02622,3,EMP0061,Debit Card,Completed,266,140
ORD0004224,17/04/2022,20220417,CUS02587,3,EMP0070,Credit Card,Completed,2520,1360
ORD0008504,17/04/2022,20220417,CUS02750,3,EMP0076,Debit Card,Completed,304,180
ORD0000028,17/04/2022,20220417,CUS02146,7,EMP0128,  Vodafone Cash  ,Completed,954,480
ORD0007295,17/04/2022,20220417,CUS01244,5,EMP0112,  Debit Card  ,Completed,446,240
ORD0008201,17/04/2022,20220417,CUS02983,2,EMP0053,Debit Card,Returned,766,390
ORD0011312,17/04/2022,20220417,CUS00161,4,EMP0093,Vodafone Cash,Completed,824,450
ORD0000473,18/04/2022,20220418,CUS01325,6,EMP0117,InstaPay,Completed,413,290
ORD0007947,18/04/2022,20220418,CUS01579,1,EMP0026,  Debit Card  ,Completed,648,340
ORD0000653,18/04/2022,20220418,CUS02575,11,EMP0169,Fawry,Completed,13845,11840
ORD0009405,18/04/2022,20220418,CUS02686,15,EMP0209,Fawry,Completed,1134,590
ORD0003475,18/04/2022,20220418,CUS00464,9,EMP0149,Vodafone Cash,Completed,360,210
ORD0010673,18/04/2022,20220418,CUS01365,1,EMP0020,Cash,Completed,6135,5060
ORD0008932,18/04/2022,20220418,CUS02849,6,EMP0124,  Debit Card  ,Cancelled,209,100
ORD0006005,18/04/2022,20220418,CUS00462,7,EMP0127,Vodafone Cash,Returned,127.5,70
ORD0011557,18/04/2022,20220418,CUS00196,5,EMP0098,InstaPay,Completed,190,90
ORD0010184,18/04/2022,20220418,CUS02781,2,EMP0033,  InstaPay  ,Completed,230,110
ORD0002897,18/04/2022,20220418,CUS00282,13,,InstaPay,Completed,1060.5,560
ORD0009473,18/04/2022,20220418,CUS00270,3,EMP0055,Fawry,Completed,1786,920
ORD0011966,19/04/2022,20220419,CUS01495,10,,  Fawry  ,Completed,900,440
ORD0011698,19/04/2022,20220419,CUS00559,3,EMP0078,Credit Card,Completed,110.5,60
ORD0008014,19/04/2022,20220419,CUS01184,2,EMP0036,InstaPay,Completed,2488,1230
ORD0002678,19/04/2022,20220419,CUS00483,2,,Vodafone Cash,Completed,2380,1180
ORD0000174,19/04/2022,20220419,CUS00415,2,EMP0054,Fawry,Returned,540,270
ORD0011697,19/04/2022,20220419,CUS02371,1,EMP0027,  Fawry  ,Completed,343,190
ORD0004946,19/04/2022,20220419,CUS01051,2,EMP0034,Credit Card,Completed,901.5,490
ORD0000772,19/04/2022,20220419,CUS01143,13,EMP0186,Cash,Completed,6300,4940
ORD0000485,19/04/2022,20220419,CUS01310,6,EMP0125,Credit Card,Completed,540,360
ORD0006529,19/04/2022,20220419,CUS00463,15,EMP0216,Credit Card,Completed,320,160
ORD0002754,19/04/2022,20220419,CUS01480,10,EMP0157,InstaPay,Completed,333,180
ORD0006175,19/04/2022,20220419,CUS00429,3,EMP0065,InstaPay,Completed,857.5,460
ORD0004340,20/04/2022,20220420,CUS02636,5,EMP0112,Fawry,Completed,171,90
ORD0011475,20/04/2022,20220420,CUS01656,4,EMP0092,Fawry,Completed,495,270
ORD0006194,20/04/2022,20220420,CUS00606,11,EMP0173,Vodafone Cash,Completed,1147.5,550
ORD0004007,20/04/2022,20220420,CUS01989,5,EMP0101,Vodafone Cash,Completed,5648,4280
ORD0005284,20/04/2022,20220420,CUS01557,3,EMP0064,Fawry,Completed,18121.5,14970
ORD0006305,20/04/2022,20220420,CUS02607,10,,Credit Card,Completed,200,100
ORD0004492,20/04/2022,20220420,CUS00944,4,EMP0092,Cash,Completed,862.5,500
ORD0006222,20/04/2022,20220420,CUS02251,6,EMP0116,Debit Card,Completed,1978,1030
ORD0008372,20/04/2022,20220420,CUS00685,2,EMP0046,Fawry,Completed,25360,21340
ORD0007895,20/04/2022,20220420,CUS02414,6,EMP0122,InstaPay,Returned,756,400
ORD0002937,21/04/2022,20220421,CUS02827,8,EMP0137,InstaPay,Completed,184,110
ORD0011642,21/04/2022,20220421,CUS02578,10,EMP0155,Vodafone Cash,Completed,2817,1820
ORD0003271,21/04/2022,20220421,CUS00140,3,EMP0076,Debit Card,Completed,487.5,290
ORD0003316,21/04/2022,20220421,CUS02399,14,EMP0201,Fawry,Completed,468,260
ORD0006615,21/04/2022,20220421,CUS01832,15,EMP0206,Debit Card,Completed,740.5,370
ORD0006008,21/04/2022,20220421,CUS02944,6,EMP0113,  Cash  ,Completed,160,80
ORD0010469,22/04/2022,20220422,CUS01906,2,EMP0033,Debit Card,Completed,972,510
ORD0006063,22/04/2022,20220422,CUS01406,10,EMP0157,Debit Card,Completed,342,180
ORD0011374,22/04/2022,20220422,CUS02783,5,EMP0096,Vodafone Cash,Completed,160,70
ORD0001207,22/04/2022,20220422,CUS01331,6,EMP0113,InstaPay,Completed,450,220
ORD0000459,22/04/2022,20220422,CUS02481,8,EMP0144,Credit Card,Completed,1620,790
ORD0002741,22/04/2022,20220422,CUS01519,12,EMP0175,  InstaPay  ,Completed,19570.5,16790
ORD0006820,22/04/2022,20220422,CUS02585,3,EMP0062,InstaPay,Completed,684,360
ORD0004009,22/04/2022,20220422,CUS01592,2,EMP0044,InstaPay,Completed,1878.5,1000
ORD0002258,22/04/2022,20220422,CUS02781,5,EMP0110,Debit Card,Completed,13991.5,11620
ORD0003105,23/04/2022,20220423,CUS02093,1,EMP0016,Debit Card,Returned,150,70
ORD0007587,23/04/2022,20220423,CUS01863,1,EMP0004,  Fawry  ,Completed,601,330
ORD0001287,23/04/2022,20220423,CUS00294,12,EMP0178,  Credit Card  ,Returned,10240,10300
ORD0005194,23/04/2022,20220423,CUS02686,2,EMP0038,Fawry,Completed,240,150
ORD0009350,23/04/2022,20220423,CUS01384,2,EMP0049,Fawry,Completed,3581,1760
ORD0008155,23/04/2022,20220423,CUS02254,11,EMP0165,InstaPay,Completed,680,340
ORD0010083,23/04/2022,20220423,CUS02586,5,EMP0096,  Cash  ,Completed,26518,22380
ORD0002340,23/04/2022,20220423,CUS01221,1,EMP0019,Credit Card,Completed,1777.5,900
ORD0009593,24/04/2022,20220424,CUS01483,4,EMP0089,Fawry,Completed,1798,890
ORD0011594,24/04/2022,20220424,CUS00809,6,EMP0124,Credit Card,Completed,3360,1630
ORD0000668,24/04/2022,20220424,CUS00118,2,EMP0046,  InstaPay  ,Completed,1364,700
ORD0000571,24/04/2022,20220424,CUS00123,3,EMP0069,Cash,Completed,2728,1410
ORD0003520,24/04/2022,20220424,CUS01617,2,EMP0049,Debit Card,Completed,450,220
ORD0004210,24/04/2022,20220424,CUS02579,11,EMP0164,Fawry,Completed,1202,680
ORD0000032,24/04/2022,20220424,CUS00133,4,,Debit Card,Completed,7388,6570
ORD0001905,24/04/2022,20220424,CUS01704,13,EMP0191,Credit Card,Completed,2642,1400
ORD0002324,24/04/2022,20220424,CUS02050,15,EMP0214,Debit Card,Completed,14832,12360
ORD0001967,24/04/2022,20220424,CUS00766,14,EMP0203,Vodafone Cash,Cancelled,416,260
ORD0002009,24/04/2022,20220424,CUS02998,2,EMP0042,Fawry,Completed,2205,1410
ORD0008281,24/04/2022,20220424,CUS02130,2,EMP0031,Cash,Completed,748,370
ORD0003805,24/04/2022,20220424,CUS02049,4,EMP0092,  InstaPay  ,Completed,37970.5,30110
ORD0000050,24/04/2022,20220424,CUS01086,2,EMP0036,Fawry,Completed,180,80
ORD0008575,24/04/2022,20220424,CUS01897,10,EMP0157,Credit Card,Returned,1404,780
ORD0011829,24/04/2022,20220424,CUS01751,7,EMP0131,Fawry,Returned,460,230
ORD0006974,24/04/2022,20220424,CUS00269,1,EMP0015,InstaPay,Completed,456,220
ORD0002660,24/04/2022,20220424,CUS01020,7,EMP0129,Debit Card,Completed,127.5,70
ORD0006314,24/04/2022,20220424,CUS00291,3,EMP0066,Credit Card,Completed,1232,610
ORD0007284,25/04/2022,20220425,CUS00972,11,EMP0170,Credit Card,Completed,1170.5,630
ORD0007579,25/04/2022,20220425,CUS01058,1,EMP0006,  InstaPay  ,Returned,319.5,180
ORD0008592,25/04/2022,20220425,CUS01602,13,EMP0189,Debit Card,Completed,394.5,200
ORD0003498,25/04/2022,20220425,CUS02153,1,EMP0021,Debit Card,Returned,1052,520
ORD0008894,25/04/2022,20220425,CUS01844,5,,  Fawry  ,Returned,3025,1670
ORD0010736,25/04/2022,20220425,CUS00537,2,EMP0037,Fawry,Completed,929,540
ORD0011749,25/04/2022,20220425,CUS01737,1,EMP0014,Cash,Completed,195.5,100
ORD0008322,25/04/2022,20220425,CUS02056,6,,Fawry,Completed,10180,10580
ORD0010202,25/04/2022,20220425,CUS01253,5,EMP0102,Cash,Completed,505.5,260
ORD0004371,25/04/2022,20220425,CUS01106,8,,InstaPay,Completed,351.5,180
ORD0008194,25/04/2022,20220425,CUS00235,6,EMP0116,Fawry,Completed,112,60
ORD0002172,25/04/2022,20220425,CUS02780,6,EMP0115,Credit Card,Completed,984,510
ORD0001179,25/04/2022,20220425,CUS01217,3,EMP0064,  Cash  ,Completed,55191,43780
ORD0008746,25/04/2022,20220425,CUS00576,2,EMP0044,  Vodafone Cash  ,Completed,861,510
ORD0003770,25/04/2022,20220425,CUS02471,3,EMP0059,Cash,Completed,1662.5,820
ORD0006874,25/04/2022,20220425,CUS00566,2,EMP0047,InstaPay,Completed,727.5,400
ORD0005571,26/04/2022,20220426,CUS02470,4,,Debit Card,Completed,484.5,300
ORD0004367,26/04/2022,20220426,CUS02791,5,EMP0110,Vodafone Cash,Completed,999,540
ORD0001801,26/04/2022,20220426,CUS02427,1,EMP0025,InstaPay,Returned,9960,9290
ORD0006705,26/04/2022,20220426,CUS01787,3,EMP0076,Debit Card,Completed,1040,500
ORD0006565,26/04/2022,20220426,CUS01772,3,EMP0066,Credit Card,Completed,85,40
ORD0004127,26/04/2022,20220426,CUS00527,1,,  InstaPay  ,Completed,520,250
ORD0010507,26/04/2022,20220426,CUS00238,5,EMP0112,Fawry,Completed,10789,8300
ORD0002558,26/04/2022,20220426,CUS01046,9,EMP0149,Debit Card,Completed,3150,1520
ORD0004121,27/04/2022,20220427,CUS02071,13,EMP0190,Vodafone Cash,Completed,390,190
ORD0004981,27/04/2022,20220427,CUS01422,2,EMP0041,  Debit Card  ,Completed,1680,840
ORD0011314,27/04/2022,20220427,CUS00187,4,EMP0094,  InstaPay  ,Completed,480,240
ORD0003732,27/04/2022,20220427,CUS02651,2,EMP0051,Vodafone Cash,Completed,384,210
ORD0000868,27/04/2022,20220427,CUS00621,8,EMP0141,Fawry,Completed,1018,570
ORD0001973,27/04/2022,20220427,CUS02645,5,EMP0109,  Credit Card  ,Completed,224,140
ORD0006113,27/04/2022,20220427,CUS01168,5,EMP0108,InstaPay,Completed,152,70
ORD0011198,27/04/2022,20220427,CUS02808,10,EMP0160,  Credit Card  ,Completed,288,180
ORD0007557,27/04/2022,20220427,CUS01409,1,EMP0028,Vodafone Cash,Completed,1787.5,940
ORD0011663,27/04/2022,20220427,CUS00392,3,,InstaPay,Completed,682.5,400
ORD0011657,27/04/2022,20220427,CUS01085,8,EMP0139,Fawry,Completed,384,210
ORD0002540,27/04/2022,20220427,CUS01088,4,EMP0081,InstaPay,Completed,2364,1340
ORD0010263,27/04/2022,20220427,CUS02660,7,EMP0136,Credit Card,Completed,1264,650
ORD0010226,27/04/2022,20220427,CUS00851,2,EMP0032,Credit Card,Completed,7980,6290
ORD0001258,27/04/2022,20220427,CUS00670,4,EMP0084,InstaPay,Completed,450,210
ORD0007162,27/04/2022,20220427,CUS02680,6,EMP0114,Cash,Completed,408,210
ORD0001486,27/04/2022,20220427,CUS02566,9,EMP0146,Vodafone Cash,Completed,190,90
ORD0004264,27/04/2022,20220427,CUS02031,1,EMP0019,Cash,Completed,30782,24460
ORD0004509,27/04/2022,20220427,CUS01203,6,EMP0115,  Fawry  ,Returned,9333,8220
ORD0009707,27/04/2022,20220427,CUS01308,2,EMP0033,Fawry,Completed,126,70
ORD0001052,28/04/2022,20220428,CUS02698,8,EMP0139,Debit Card,Completed,280,140
ORD0010293,28/04/2022,20220428,CUS01324,5,EMP0103,  Vodafone Cash  ,Completed,1116,600
ORD0003413,28/04/2022,20220428,CUS00252,12,EMP0176,Debit Card,Completed,32457,25760
ORD0011805,28/04/2022,20220428,CUS02207,1,EMP0007,InstaPay,Completed,2278,1280
ORD0007419,28/04/2022,20220428,CUS01131,4,EMP0091,Fawry,Completed,127.5,70
ORD0009920,28/04/2022,20220428,CUS02416,5,EMP0095,Credit Card,Completed,3408,1950
ORD0011155,28/04/2022,20220428,CUS01626,10,EMP0153,InstaPay,Completed,16380,12930
ORD0002513,28/04/2022,20220428,CUS01156,12,EMP0175,Fawry,Completed,1027,520
ORD0000638,28/04/2022,20220428,CUS02393,1,EMP0016,InstaPay,Completed,959.5,490
ORD0010906,29/04/2022,20220429,CUS00625,3,EMP0061,  InstaPay  ,Completed,2127.5,1160
ORD0011297,29/04/2022,20220429,CUS02709,11,,Debit Card,Completed,4422,2300
ORD0011415,29/04/2022,20220429,CUS00881,6,EMP0123,Cash,Completed,12082,10420
ORD0005143,29/04/2022,20220429,CUS01774,7,EMP0134,InstaPay,Completed,578,340
ORD0004799,29/04/2022,20220429,CUS00755,2,EMP0038,Vodafone Cash,Completed,665,340
ORD0009888,29/04/2022,20220429,CUS02211,3,EMP0060,Debit Card,Returned,1425,730
ORD0011096,29/04/2022,20220429,CUS02254,9,EMP0151,  Vodafone Cash  ,Completed,228,110
ORD0007211,29/04/2022,20220429,CUS01489,15,EMP0211,  Vodafone Cash  ,Completed,1251.5,640
ORD0005575,29/04/2022,20220429,CUS01645,12,EMP0174,InstaPay,Completed,4500,4000
ORD0011997,29/04/2022,20220429,CUS02654,2,EMP0033,Fawry,Completed,1024,590
ORD0011375,30/04/2022,20220430,CUS02846,13,EMP0185,  Cash  ,Completed,440,200
ORD0004562,30/04/2022,20220430,CUS01884,7,EMP0130,Cash,Completed,940,460
ORD0005988,30/04/2022,20220430,CUS00460,14,EMP0203,  Cash  ,Completed,15000,12200
ORD0002629,30/04/2022,20220430,CUS02584,5,EMP0102,Fawry,Completed,840,400
ORD0004855,30/04/2022,20220430,CUS02825,5,EMP0107,  Cash  ,Completed,1936,980
ORD0004978,30/04/2022,20220430,CUS02036,10,EMP0159,InstaPay,Completed,1857.5,950
ORD0005804,30/04/2022,20220430,CUS02247,15,,Cash,Completed,510,240
ORD0004888,30/04/2022,20220430,CUS00745,4,EMP0090,Vodafone Cash,Completed,18000,16000
ORD0001422,30/04/2022,20220430,CUS00967,14,EMP0194,InstaPay,Completed,1154,700
ORD0006354,30/04/2022,20220430,CUS00531,2,EMP0036,  Vodafone Cash  ,Completed,1610,820
ORD0011926,30/04/2022,20220430,CUS02728,2,,Fawry,Completed,630,340
ORD0008916,30/04/2022,20220430,CUS00787,15,EMP0214,InstaPay,Completed,330,160
ORD0001987,30/04/2022,20220430,CUS00489,9,EMP0145,Vodafone Cash,Completed,108,60
ORD0008945,30/04/2022,20220430,CUS00278,13,EMP0189,Fawry,Completed,821.5,450
ORD0007007,01/05/2022,20220501,CUS02985,1,EMP0025,Cash,Completed,1024,500
ORD0002878,01/05/2022,20220501,CUS01289,7,EMP0130,Credit Card,Completed,142.5,70
ORD0008355,01/05/2022,20220501,CUS00674,11,EMP0171,Credit Card,Cancelled,260,120
ORD0005763,01/05/2022,20220501,CUS01142,5,EMP0098,Credit Card,Cancelled,4357,2570
ORD0010193,01/05/2022,20220501,CUS02612,1,EMP0004,  Fawry  ,Completed,510,250
ORD0011951,01/05/2022,20220501,CUS00742,6,EMP0122,  Cash  ,Completed,1209.5,670
ORD0009563,01/05/2022,20220501,CUS02376,8,EMP0138,InstaPay,Returned,12370,9680
ORD0011167,01/05/2022,20220501,CUS01931,3,EMP0061,Vodafone Cash,Completed,104,60
ORD0010064,01/05/2022,20220501,CUS01613,15,EMP0207,Credit Card,Completed,860,420
ORD0006261,01/05/2022,20220501,CUS01543,4,,Vodafone Cash,Completed,220,100
ORD0009287,01/05/2022,20220501,CUS00295,10,EMP0158,Debit Card,Completed,638.5,350
ORD0011822,01/05/2022,20220501,CUS01497,1,EMP0012,Vodafone Cash,Completed,4490,4910
ORD0010761,01/05/2022,20220501,CUS00034,1,EMP0014,InstaPay,Completed,1997.5,1040
ORD0003654,01/05/2022,20220501,CUS01609,2,EMP0047,Vodafone Cash,Completed,541.5,270
ORD0007659,01/05/2022,20220501,CUS01166,4,EMP0079,Vodafone Cash,Completed,1095.5,570
ORD0010289,02/05/2022,20220502,CUS02898,3,EMP0063,Cash,Completed,30000,24000
ORD0001515,02/05/2022,20220502,CUS02619,5,EMP0097,Credit Card,Completed,170,80
ORD0002980,02/05/2022,20220502,CUS02505,6,EMP0124,Credit Card,Completed,2349,1250
ORD0011785,02/05/2022,20220502,CUS01851,4,EMP0087,Vodafone Cash,Completed,337.5,220
ORD0005339,02/05/2022,20220502,CUS01292,4,EMP0093,Debit Card,Completed,85.5,40
ORD0005213,02/05/2022,20220502,CUS01216,1,EMP0020,Cash,Completed,408,230
ORD0002847,02/05/2022,20220502,CUS01261,2,EMP0049,Cash,Cancelled,11802.5,10800
ORD0001760,02/05/2022,20220502,CUS00146,15,EMP0213,InstaPay,Completed,212.5,120
ORD0004793,02/05/2022,20220502,CUS00650,4,EMP0085,Debit Card,Cancelled,981,570
ORD0010595,02/05/2022,20220502,CUS02193,4,EMP0081,  InstaPay  ,Completed,1054,600
ORD0008020,02/05/2022,20220502,CUS00984,14,EMP0199,Debit Card,Completed,952,570
ORD0004265,02/05/2022,20220502,CUS01071,11,EMP0168,Vodafone Cash,Completed,1133,560
ORD0000669,02/05/2022,20220502,CUS02844,1,EMP0019,Debit Card,Returned,80,40
ORD0005891,03/05/2022,20220503,CUS02754,3,EMP0063,InstaPay,Returned,468,260
ORD0007667,03/05/2022,20220503,CUS02841,1,EMP0024,InstaPay,Cancelled,6061,5140
ORD0001291,03/05/2022,20220503,CUS02871,5,EMP0105,Vodafone Cash,Completed,270,130
ORD0005627,03/05/2022,20220503,CUS00332,3,EMP0060,Cash,Completed,950,800
ORD0006087,03/05/2022,20220503,CUS01221,4,EMP0085,  Debit Card  ,Completed,3053.5,2750
ORD0009715,03/05/2022,20220503,CUS01913,1,EMP0015,  Cash  ,Returned,1079,610
ORD0005121,03/05/2022,20220503,CUS00290,3,EMP0055,  Fawry  ,Completed,133,70
ORD0009102,04/05/2022,20220504,CUS00206,2,,Debit Card,Completed,12000,12800
ORD0007177,04/05/2022,20220504,CUS01912,10,EMP0152,  Fawry  ,Returned,119,70
ORD0011656,04/05/2022,20220504,CUS01863,11,EMP0170,Debit Card,Completed,608,360
ORD0009066,04/05/2022,20220504,CUS00711,4,EMP0090,  Cash  ,Returned,1744,890
ORD0005633,04/05/2022,20220504,CUS01093,1,EMP0014,  Debit Card  ,Completed,1620,900
ORD0005717,04/05/2022,20220504,CUS02218,5,EMP0111,Fawry,Cancelled,577.5,380
ORD0000929,05/05/2022,20220505,CUS01929,8,EMP0143,Fawry,Completed,150,70
ORD0004581,05/05/2022,20220505,CUS00705,7,EMP0134,Cash,Completed,10200,8100
ORD0006149,05/05/2022,20220505,CUS01782,4,EMP0094,Credit Card,Completed,10980,9340
ORD0000928,05/05/2022,20220505,CUS00338,7,EMP0129,  Fawry  ,Completed,1298,680
ORD0006126,05/05/2022,20220505,CUS01801,14,EMP0201,Fawry,Returned,624,380
ORD0010623,05/05/2022,20220505,CUS02540,12,EMP0174,InstaPay,Completed,1578,790
ORD0008955,05/05/2022,20220505,CUS00366,11,EMP0173,Debit Card,Completed,3254,2680
ORD0004938,05/05/2022,20220505,CUS00845,6,EMP0122,Vodafone Cash,Completed,405.5,180
ORD0010864,05/05/2022,20220505,CUS01375,12,EMP0179,Cash,Completed,477,260
ORD0000767,05/05/2022,20220505,CUS01317,6,EMP0116,Cash,Returned,288,140
ORD0005651,05/05/2022,20220505,CUS02560,2,,  Cash  ,Completed,513,270
ORD0005002,05/05/2022,20220505,CUS02911,8,EMP0144,Cash,Completed,1157.5,630
ORD0009447,05/05/2022,20220505,CUS01033,5,EMP0102,Cash,Completed,384,240
ORD0008028,05/05/2022,20220505,CUS02844,4,EMP0094,Cash,Completed,1500,730
ORD0008910,06/05/2022,20220506,CUS02776,1,EMP0025,  InstaPay  ,Completed,770.5,450
ORD0011084,06/05/2022,20220506,CUS01629,2,EMP0053,InstaPay,Completed,1730,840
ORD0011238,06/05/2022,20220506,CUS02872,3,EMP0078,Credit Card,Completed,1122,600
ORD0001802,06/05/2022,20220506,CUS01762,1,,Cash,Completed,1125,1200
ORD0001727,06/05/2022,20220506,CUS02856,13,EMP0192,Cash,Completed,502,240
ORD0001388,06/05/2022,20220506,CUS02144,1,EMP0014,  Fawry  ,Completed,216,120
ORD0011377,06/05/2022,20220506,CUS00815,12,EMP0176,Fawry,Completed,2276.5,1160
ORD0004178,06/05/2022,20220506,CUS00327,10,EMP0161,Cash,Completed,870,480
ORD0000797,07/05/2022,20220507,CUS01625,5,EMP0111,Cash,Completed,1560.5,790
ORD0003309,07/05/2022,20220507,CUS02569,5,EMP0102,Debit Card,Completed,1770,880
ORD0002270,07/05/2022,20220507,CUS02429,3,EMP0061,  Cash  ,Returned,18024,14340
ORD0001882,07/05/2022,20220507,CUS02580,4,EMP0094,Vodafone Cash,Completed,9724,7300
ORD0002604,07/05/2022,20220507,CUS00250,7,EMP0133,Vodafone Cash,Completed,975,570
ORD0004021,07/05/2022,20220507,CUS02035,5,EMP0104,InstaPay,Completed,1784,960
ORD0001453,07/05/2022,20220507,CUS00044,11,EMP0168,Fawry,Completed,645,330
ORD0002719,07/05/2022,20220507,CUS02072,1,EMP0018,Cash,Completed,1249,660
ORD0000156,08/05/2022,20220508,CUS01709,7,EMP0128,Debit Card,Completed,171,90
ORD0002401,08/05/2022,20220508,CUS02499,2,EMP0053,Debit Card,Completed,380,200
ORD0010792,08/05/2022,20220508,CUS02071,2,EMP0042,Credit Card,Completed,6760,5330
ORD0001073,08/05/2022,20220508,CUS00845,6,EMP0117,Vodafone Cash,Completed,788.5,410
ORD0000273,08/05/2022,20220508,CUS00523,9,EMP0151,Vodafone Cash,Completed,540,300
ORD0009467,08/05/2022,20220508,CUS01167,2,EMP0046,InstaPay,Completed,798,400
ORD0010785,08/05/2022,20220508,CUS01721,2,EMP0030,  Debit Card  ,Returned,11937.5,10120
ORD0003398,08/05/2022,20220508,CUS01893,3,EMP0078,InstaPay,Completed,3270.5,1900
ORD0010762,08/05/2022,20220508,CUS02415,5,EMP0098,Fawry,Completed,136,70
ORD0003766,08/05/2022,20220508,CUS00211,13,EMP0187,Fawry,Completed,450,240
ORD0002843,08/05/2022,20220508,CUS00834,1,EMP0024,  Vodafone Cash  ,Completed,14378,12470
ORD0002996,08/05/2022,20220508,CUS02140,8,EMP0140,Vodafone Cash,Completed,350,170
ORD0002609,08/05/2022,20220508,CUS00613,4,EMP0079,InstaPay,Completed,76.5,40
ORD0002307,09/05/2022,20220509,CUS02625,5,EMP0101,  InstaPay  ,Completed,8809,6910
ORD0007649,09/05/2022,20220509,CUS02868,15,EMP0215,InstaPay,Completed,210,100
ORD0004643,09/05/2022,20220509,CUS02495,4,EMP0079,  Vodafone Cash  ,Completed,12844.5,13210
ORD0010636,09/05/2022,20220509,CUS02077,12,EMP0182,InstaPay,Completed,12344,9870
ORD0011325,09/05/2022,20220509,CUS02786,15,EMP0206,Fawry,Completed,255,140
ORD0007318,09/05/2022,20220509,CUS02301,2,EMP0031,Cash,Completed,696,360
ORD0001735,09/05/2022,20220509,CUS00885,4,EMP0088,InstaPay,Returned,144,80
ORD0001038,10/05/2022,20220510,CUS01772,11,,Fawry,Completed,580,280
ORD0004595,10/05/2022,20220510,CUS02763,1,EMP0007,Debit Card,Completed,1200,1000
ORD0006633,10/05/2022,20220510,CUS00106,1,EMP0008,Vodafone Cash,Completed,360,180
ORD0001872,10/05/2022,20220510,CUS00246,1,EMP0004,Debit Card,Completed,980,480
ORD0009958,10/05/2022,20220510,CUS01526,13,EMP0192,  Debit Card  ,Completed,3092,1860
ORD0009871,10/05/2022,20220510,CUS02486,8,EMP0139,InstaPay,Completed,405,210
ORD0005981,10/05/2022,20220510,CUS01836,10,,  Credit Card  ,Completed,1082,610
ORD0008609,10/05/2022,20220510,CUS01144,1,EMP0014,  Debit Card  ,Completed,240,140
ORD0002531,10/05/2022,20220510,CUS02105,5,EMP0096,Credit Card,Completed,31903.5,24850
ORD0001690,10/05/2022,20220510,CUS01537,15,EMP0207,Fawry,Completed,13200,10600
ORD0005707,10/05/2022,20220510,CUS02444,10,EMP0156,InstaPay,Completed,1700,840
ORD0000939,11/05/2022,20220511,CUS00508,2,EMP0039,Fawry,Cancelled,887,500
ORD0005031,11/05/2022,20220511,CUS02506,3,EMP0061,Vodafone Cash,Completed,130,60
ORD0011634,11/05/2022,20220511,CUS00490,8,EMP0137,Cash,Completed,4960,4180
ORD0005998,11/05/2022,20220511,CUS01035,15,EMP0215,  Cash  ,Completed,983,510
ORD0011252,11/05/2022,20220511,CUS00598,12,EMP0174,Vodafone Cash,Completed,170,80
ORD0003531,11/05/2022,20220511,CUS01055,6,EMP0126,Credit Card,Returned,18592.5,14600
ORD0002145,11/05/2022,20220511,CUS01016,4,EMP0093,Fawry,Cancelled,200,100
ORD0007775,11/05/2022,20220511,CUS02604,2,EMP0051,Debit Card,Completed,1546,760
ORD0004566,12/05/2022,20220512,CUS00917,13,EMP0190,Credit Card,Completed,240,140
ORD0001191,12/05/2022,20220512,CUS02141,10,EMP0154,InstaPay,Returned,180.5,90
ORD0006418,12/05/2022,20220512,CUS00158,2,EMP0043,InstaPay,Completed,1358,710
ORD0004655,12/05/2022,20220512,CUS01815,10,EMP0163,InstaPay,Completed,11727.5,12770
ORD0009692,12/05/2022,20220512,CUS02920,9,EMP0149,  Debit Card  ,Completed,120,60
ORD0002600,12/05/2022,20220512,CUS01652,9,EMP0147,Debit Card,Completed,590,280
ORD0010072,12/05/2022,20220512,CUS01154,12,,  InstaPay  ,Completed,745,360
ORD0003391,12/05/2022,20220512,CUS01096,1,EMP0010,Fawry,Completed,2139,1100
ORD0011522,13/05/2022,20220513,CUS00578,14,EMP0199,Fawry,Completed,558,320
ORD0008608,13/05/2022,20220513,CUS02760,2,EMP0044,InstaPay,Completed,1320,680
ORD0010668,13/05/2022,20220513,CUS00476,3,EMP0077,Vodafone Cash,Completed,246.5,140
ORD0000637,13/05/2022,20220513,CUS01519,13,EMP0190,InstaPay,Completed,1377,750
ORD0009741,13/05/2022,20220513,CUS01019,7,EMP0128,Fawry,Completed,13200,10600
ORD0007858,13/05/2022,20220513,CUS01453,1,EMP0012,Debit Card,Completed,656,350
ORD0007522,13/05/2022,20220513,CUS02673,8,EMP0143,Cash,Completed,112,60
ORD0005443,13/05/2022,20220513,CUS02175,7,EMP0133,Vodafone Cash,Completed,225,140
ORD0006528,13/05/2022,20220513,CUS02462,1,EMP0020,Vodafone Cash,Completed,1192,690
ORD0004427,14/05/2022,20220514,CUS01781,1,EMP0027,  Vodafone Cash  ,Completed,1101.5,550
ORD0008374,14/05/2022,20220514,CUS00024,4,EMP0087,InstaPay,Completed,415,210
ORD0007788,14/05/2022,20220514,CUS00568,1,EMP0013,  Vodafone Cash  ,Completed,1605,900
ORD0004735,14/05/2022,20220514,CUS00642,1,EMP0011,InstaPay,Completed,440,220
ORD0002016,14/05/2022,20220514,CUS00743,2,EMP0030,Credit Card,Completed,432,240
ORD0004068,14/05/2022,20220514,CUS01132,5,EMP0109,Fawry,Completed,540,300
ORD0010180,14/05/2022,20220514,CUS02652,4,EMP0085,InstaPay,Returned,345,210
ORD0004865,14/05/2022,20220514,CUS00021,3,EMP0073,  Fawry  ,Completed,2886,1440
ORD0009544,14/05/2022,20220514,CUS00122,2,EMP0048,Fawry,Returned,1222.5,620
ORD0003484,14/05/2022,20220514,CUS01439,1,EMP0028,Vodafone Cash,Completed,816,480
ORD0001272,14/05/2022,20220514,CUS01494,14,EMP0202,Cash,Completed,26400,21000
ORD0008821,14/05/2022,20220514,CUS01064,13,EMP0187,InstaPay,Completed,1890,930
ORD0010155,14/05/2022,20220514,CUS00872,2,EMP0036,Vodafone Cash,Completed,882,440
ORD0009047,14/05/2022,20220514,CUS00606,4,EMP0083,Credit Card,Completed,2096,1140
ORD0001267,14/05/2022,20220514,CUS02190,7,EMP0132,Credit Card,Completed,1590,750
ORD0007111,14/05/2022,20220514,CUS02932,2,EMP0033,Vodafone Cash,Completed,3484.5,2640
ORD0008897,15/05/2022,20220515,CUS01581,1,,Fawry,Completed,1050,510
ORD0000677,15/05/2022,20220515,CUS02646,2,EMP0039,Debit Card,Completed,700,340
ORD0002323,15/05/2022,20220515,CUS01994,4,EMP0087,  Credit Card  ,Completed,20194.5,18140
ORD0006436,15/05/2022,20220515,CUS01501,3,EMP0072,Debit Card,Returned,37740,30080
ORD0004939,15/05/2022,20220515,CUS01856,3,,Cash,Completed,27352.5,24170
ORD0006510,15/05/2022,20220515,CUS01741,2,EMP0053,  Vodafone Cash  ,Completed,3728,1950
ORD0004436,15/05/2022,20220515,CUS02325,13,EMP0189,InstaPay,Completed,1346,740
ORD0005549,15/05/2022,20220515,CUS02957,4,EMP0083,InstaPay,Completed,153,90
ORD0010813,15/05/2022,20220515,CUS02049,3,EMP0059,  Credit Card  ,Completed,1700,860
ORD0000316,15/05/2022,20220515,CUS00556,7,EMP0135,Debit Card,Completed,1050,520
ORD0000310,15/05/2022,20220515,CUS01610,4,EMP0083,  Vodafone Cash  ,Returned,37840,31900
ORD0008594,15/05/2022,20220515,CUS00820,3,EMP0065,Debit Card,Returned,700,310
ORD0010542,15/05/2022,20220515,CUS01398,12,EMP0180,  InstaPay  ,Cancelled,364,250
ORD0000643,15/05/2022,20220515,CUS01740,4,EMP0093,Vodafone Cash,Returned,24649,18580
ORD0001930,16/05/2022,20220516,CUS00506,13,EMP0185,Cash,Completed,1326,760
ORD0001325,16/05/2022,20220516,CUS02610,11,EMP0173,Vodafone Cash,Completed,1644,840
ORD0010090,16/05/2022,20220516,CUS02577,4,EMP0080,Debit Card,Completed,76,40
ORD0005162,16/05/2022,20220516,CUS02490,1,EMP0010,  Credit Card  ,Completed,1388,690
ORD0005525,16/05/2022,20220516,CUS00714,5,EMP0105,Cash,Completed,450,240
ORD0005749,16/05/2022,20220516,CUS02952,1,EMP0009,InstaPay,Completed,38216,32140
ORD0008120,16/05/2022,20220516,CUS00155,4,EMP0090,Debit Card,Completed,1825,950
ORD0007353,16/05/2022,20220516,CUS00208,1,,Cash,Completed,289,170
ORD0006965,16/05/2022,20220516,CUS01034,5,EMP0105,Vodafone Cash,Completed,830,410
ORD0008890,16/05/2022,20220516,CUS00809,4,EMP0087,Vodafone Cash,Returned,1658.5,850
ORD0004681,16/05/2022,20220516,CUS02922,14,EMP0202,Fawry,Returned,8900,7100
ORD0008166,16/05/2022,20220516,CUS02572,5,,Credit Card,Completed,774.5,420
ORD0006182,17/05/2022,20220517,CUS02135,4,EMP0090,InstaPay,Returned,1230,690
ORD0007473,17/05/2022,20220517,CUS02186,11,EMP0171,Cash,Completed,2900,1390
ORD0004373,17/05/2022,20220517,CUS01670,1,EMP0006,Credit Card,Completed,1098,620
ORD0008857,17/05/2022,20220517,CUS01365,5,EMP0099,Cash,Completed,1353,800
ORD0008852,17/05/2022,20220517,CUS01477,12,,Credit Card,Completed,270,140
ORD0008907,17/05/2022,20220517,CUS01482,10,EMP0158,InstaPay,Completed,18100,14340
ORD0006721,17/05/2022,20220517,CUS00387,10,EMP0157,Vodafone Cash,Completed,3057,1520
ORD0000152,17/05/2022,20220517,CUS02927,2,EMP0043,Debit Card,Completed,1936,1060
ORD0009288,17/05/2022,20220517,CUS01064,3,EMP0078,  Cash  ,Completed,240,150
ORD0004928,17/05/2022,20220517,CUS01985,12,EMP0176,Cash,Completed,1271,720
ORD0010165,17/05/2022,20220517,CUS02114,3,EMP0071,Cash,Completed,276.5,140
ORD0006532,17/05/2022,20220517,CUS02071,14,EMP0199,Cash,Completed,2244,1180
ORD0000295,17/05/2022,20220517,CUS01159,14,EMP0194,Fawry,Completed,7612.5,4650
ORD0006270,17/05/2022,20220517,CUS00404,3,EMP0075,Cash,Returned,272,160
ORD0001317,17/05/2022,20220517,CUS02944,9,EMP0148,Debit Card,Completed,300,140
ORD0002348,17/05/2022,20220517,CUS01197,2,EMP0044,Fawry,Returned,1350,660
ORD0008569,17/05/2022,20220517,CUS01712,1,EMP0013,Vodafone Cash,Completed,962,540
ORD0006262,18/05/2022,20220518,CUS01347,5,EMP0105,InstaPay,Completed,1352,660
ORD0000451,18/05/2022,20220518,CUS02493,4,EMP0088,Fawry,Completed,780,380
ORD0001419,18/05/2022,20220518,CUS01696,3,EMP0057,InstaPay,Completed,740,360
ORD0011555,18/05/2022,20220518,CUS02072,2,EMP0036,Fawry,Completed,13822,10910
ORD0009121,18/05/2022,20220518,CUS02741,3,EMP0063,Credit Card,Completed,450,210
ORD0002259,18/05/2022,20220518,CUS01634,4,EMP0094,Debit Card,Completed,1890,1010
ORD0003128,18/05/2022,20220518,CUS02723,3,EMP0076,Cash,Returned,210,100
ORD0010718,18/05/2022,20220518,CUS00085,10,EMP0159,  Credit Card  ,Completed,160,70
ORD0000753,18/05/2022,20220518,CUS02045,3,EMP0068,  InstaPay  ,Completed,441,210
ORD0007058,18/05/2022,20220518,CUS02698,10,EMP0160,Credit Card,Completed,4335,4000
ORD0009470,18/05/2022,20220518,CUS01798,6,EMP0116,InstaPay,Completed,1186,660
ORD0004976,19/05/2022,20220519,CUS02277,2,EMP0030,InstaPay,Completed,817,390
ORD0009506,19/05/2022,20220519,CUS00309,15,EMP0212,  InstaPay  ,Cancelled,488,300
ORD0011140,19/05/2022,20220519,CUS02958,6,EMP0117,Credit Card,Completed,420,180
ORD0007686,19/05/2022,20220519,CUS02229,3,EMP0063,InstaPay,Completed,710,340
ORD0000010,19/05/2022,20220519,CUS02951,1,,Fawry,Returned,85,40
ORD0002683,19/05/2022,20220519,CUS00811,13,EMP0191,Cash,Completed,612,320
ORD0008283,19/05/2022,20220519,CUS02955,14,EMP0203,Fawry,Completed,1164,610
ORD0004061,19/05/2022,20220519,CUS01733,14,EMP0196,  Vodafone Cash  ,Completed,342,170
ORD0003233,19/05/2022,20220519,CUS00399,5,EMP0109,  Cash  ,Returned,144,80
ORD0002220,19/05/2022,20220519,CUS01787,1,EMP0001,  Cash  ,Completed,29899,27440
ORD0002987,19/05/2022,20220519,CUS01650,6,EMP0120,Cash,Completed,700,340
ORD0005324,20/05/2022,20220520,CUS00903,4,EMP0093,InstaPay,Completed,1055,570
ORD0009413,20/05/2022,20220520,CUS02099,2,EMP0043,  InstaPay  ,Completed,360,170
ORD0010278,20/05/2022,20220520,CUS02922,8,EMP0138,Debit Card,Completed,510,270
ORD0000847,20/05/2022,20220520,CUS01680,15,EMP0208,Cash,Returned,702,380
ORD0011935,20/05/2022,20220520,CUS01647,1,EMP0012,Vodafone Cash,Completed,180.5,90
ORD0001241,20/05/2022,20220520,CUS01316,8,,  Credit Card  ,Completed,63600,50800
ORD0011778,20/05/2022,20220520,CUS01620,1,EMP0014,Cash,Completed,1149,600
ORD0001323,20/05/2022,20220520,CUS01474,7,EMP0127,  InstaPay  ,Completed,1498,740
ORD0005062,20/05/2022,20220520,CUS00070,2,EMP0037,Debit Card,Completed,2409.5,1600
ORD0005900,20/05/2022,20220520,CUS02131,14,EMP0200,Cash,Completed,752,410
ORD0007704,20/05/2022,20220520,CUS00399,15,EMP0212,InstaPay,Completed,1146.5,630
ORD0004753,20/05/2022,20220520,CUS01073,1,EMP0003,Cash,Returned,120,60
ORD0011065,20/05/2022,20220520,CUS02408,10,EMP0158,InstaPay,Completed,540,280
ORD0006457,21/05/2022,20220521,CUS01401,3,EMP0060,InstaPay,Completed,513.5,250
ORD0007367,21/05/2022,20220521,CUS00540,11,EMP0169,  Debit Card  ,Completed,666,390
ORD0003257,21/05/2022,20220521,CUS01677,6,EMP0118,  Debit Card  ,Completed,712,380
ORD0009896,21/05/2022,20220521,CUS02354,1,EMP0002,Fawry,Returned,144,70
ORD0004229,21/05/2022,20220521,CUS01233,14,EMP0200,Fawry,Completed,9038,7830
ORD0006905,22/05/2022,20220522,CUS00996,13,EMP0191,Vodafone Cash,Completed,780,410
ORD0006667,22/05/2022,20220522,CUS00143,1,EMP0011,Cash,Completed,102,60
ORD0006352,22/05/2022,20220522,CUS00278,3,EMP0071,  Fawry  ,Completed,52940,42060
ORD0000064,22/05/2022,20220522,CUS02959,6,EMP0114,Fawry,Cancelled,1275,840
ORD0006372,22/05/2022,20220522,CUS02491,2,EMP0053,Cash,Completed,142.5,70
ORD0001305,23/05/2022,20220523,CUS00038,11,EMP0164,  Vodafone Cash  ,Completed,936,490
ORD0006303,23/05/2022,20220523,CUS01598,12,EMP0179,Cash,Completed,1714,850
ORD0006526,23/05/2022,20220523,CUS01174,4,EMP0086,InstaPay,Completed,1940,940
ORD0008111,23/05/2022,20220523,CUS00343,7,EMP0136,Credit Card,Completed,1625,860
ORD0006852,23/05/2022,20220523,CUS01511,15,EMP0214,Credit Card,Completed,516,300
ORD0009808,23/05/2022,20220523,CUS02239,3,EMP0057,InstaPay,Completed,5121,3780
ORD0005230,23/05/2022,20220523,CUS02384,5,EMP0100,Credit Card,Completed,104,60
ORD0005729,23/05/2022,20220523,CUS00540,3,EMP0058,Cash,Completed,18651,14600
ORD0010302,23/05/2022,20220523,CUS01075,2,EMP0031,  InstaPay  ,Completed,912,560
ORD0005302,23/05/2022,20220523,CUS00375,2,EMP0046,Fawry,Completed,2605.5,1560
ORD0004477,23/05/2022,20220523,CUS02636,7,EMP0135,Fawry,Completed,476,280
ORD0002696,23/05/2022,20220523,CUS02240,3,EMP0070,Debit Card,Completed,152,80
ORD0001601,23/05/2022,20220523,CUS01361,2,EMP0048,Cash,Cancelled,252,140
ORD0002611,23/05/2022,20220523,CUS01688,1,EMP0015,Vodafone Cash,Completed,8000,6400
ORD0005798,24/05/2022,20220524,CUS02125,5,EMP0108,Debit Card,Completed,1220,560
ORD0004400,24/05/2022,20220524,CUS00832,2,EMP0030,Debit Card,Completed,700,340
ORD0004028,24/05/2022,20220524,CUS02569,15,EMP0209,Fawry,Returned,950,500
ORD0000733,24/05/2022,20220524,CUS01437,4,EMP0086,  InstaPay  ,Completed,504,310
ORD0002173,24/05/2022,20220524,CUS01474,1,EMP0011,Cash,Completed,142.5,90
ORD0000764,24/05/2022,20220524,CUS02109,3,EMP0061,InstaPay,Completed,212,110
ORD0011949,24/05/2022,20220524,CUS01693,4,EMP0087,Fawry,Completed,1670,880
ORD0001007,24/05/2022,20220524,CUS01634,3,EMP0056,InstaPay,Cancelled,1894,950
ORD0006289,24/05/2022,20220524,CUS00524,4,EMP0080,Vodafone Cash,Completed,3040,1520
ORD0005408,24/05/2022,20220524,CUS01691,2,EMP0029,Debit Card,Completed,2913,1510
ORD0000771,24/05/2022,20220524,CUS01536,5,EMP0098,Credit Card,Completed,510,240
ORD0009762,24/05/2022,20220524,CUS00375,6,EMP0123,Cash,Completed,446,200
ORD0002720,24/05/2022,20220524,CUS01292,2,,InstaPay,Completed,1062,530
ORD0004279,24/05/2022,20220524,CUS02749,10,EMP0153,InstaPay,Completed,150,70
ORD0002654,25/05/2022,20220525,CUS02093,3,EMP0059,Credit Card,Completed,350,170
ORD0003793,25/05/2022,20220525,CUS01416,4,EMP0088,Cash,Completed,180,90
ORD0006323,25/05/2022,20220525,CUS00506,6,,InstaPay,Completed,285,140
ORD0003261,25/05/2022,20220525,CUS02360,1,EMP0019,InstaPay,Cancelled,6660,5770
ORD0009907,25/05/2022,20220525,CUS01073,6,EMP0114,Cash,Completed,1373,700
ORD0008179,25/05/2022,20220525,CUS01691,7,EMP0128,  Cash  ,Completed,408,230
ORD0001086,25/05/2022,20220525,CUS00763,1,EMP0018,  Credit Card  ,Completed,360,180
ORD0002032,25/05/2022,20220525,CUS02117,5,EMP0111,  Fawry  ,Completed,12746,11800
ORD0009207,25/05/2022,20220525,CUS00182,13,EMP0190,Credit Card,Completed,22824,21230
ORD0000228,25/05/2022,20220525,CUS01327,3,EMP0068,Fawry,Completed,288,180
ORD0010667,25/05/2022,20220525,CUS02044,4,EMP0089,Debit Card,Completed,400,200
ORD0005488,25/05/2022,20220525,CUS01729,5,EMP0104,Debit Card,Completed,2040,1200
ORD0000427,25/05/2022,20220525,CUS01498,6,EMP0123,Credit Card,Completed,11680,9840
ORD0004706,25/05/2022,20220525,CUS00113,1,EMP0005,InstaPay,Completed,5880,4370
ORD0002737,25/05/2022,20220525,CUS02387,7,EMP0134,Fawry,Completed,1527,970
ORD0005803,25/05/2022,20220525,CUS01420,5,EMP0105,Debit Card,Completed,370.5,180
ORD0010160,25/05/2022,20220525,CUS00084,2,EMP0054,InstaPay,Completed,485,270
ORD0004673,26/05/2022,20220526,CUS01254,12,EMP0175,Credit Card,Completed,356,200
ORD0008936,26/05/2022,20220526,CUS02345,2,EMP0054,Debit Card,Completed,2440,1440
ORD0005061,26/05/2022,20220526,CUS01613,7,EMP0131,Fawry,Cancelled,1025.5,540
ORD0009495,26/05/2022,20220526,CUS00822,1,EMP0019,Vodafone Cash,Completed,1714.5,990
ORD0010868,26/05/2022,20220526,CUS00760,2,EMP0044,Credit Card,Completed,370,180
ORD0011132,26/05/2022,20220526,CUS02216,4,EMP0089,Fawry,Returned,1099,560
ORD0000114,26/05/2022,20220526,CUS01695,1,EMP0005,InstaPay,Completed,4365,3270
ORD0009800,26/05/2022,20220526,CUS02262,4,EMP0092,Credit Card,Completed,14700,11800
ORD0005850,26/05/2022,20220526,CUS02339,1,EMP0022,Cash,Completed,1366,660
ORD0004955,26/05/2022,20220526,CUS01825,13,EMP0185,Fawry,Completed,240,150
ORD0011115,26/05/2022,20220526,CUS00989,3,EMP0057,Cash,Completed,199.5,100
ORD0002566,26/05/2022,20220526,CUS01161,1,EMP0021,Vodafone Cash,Completed,1134,600
ORD0010955,26/05/2022,20220526,CUS02431,14,EMP0203,Cash,Completed,3293,1870
ORD0008763,26/05/2022,20220526,CUS02618,6,EMP0115,Cash,Completed,480,240
ORD0005113,27/05/2022,20220527,CUS00066,15,EMP0208,Cash,Completed,945,510
ORD0007608,27/05/2022,20220527,CUS01739,12,EMP0184,Vodafone Cash,Completed,530,250
ORD0011037,27/05/2022,20220527,CUS01729,3,EMP0057,Fawry,Completed,916,470
ORD0007325,27/05/2022,20220527,CUS00205,2,,  Credit Card  ,Completed,893,460
ORD0009997,27/05/2022,20220527,CUS00301,8,EMP0139,  Fawry  ,Completed,192,120
ORD0000622,27/05/2022,20220527,CUS00209,2,EMP0044,Vodafone Cash,Completed,648,350
ORD0003235,27/05/2022,20220527,CUS00698,3,EMP0070,Cash,Completed,2281,1320
ORD0010058,27/05/2022,20220527,CUS00266,1,EMP0008,Credit Card,Completed,368,230
ORD0011347,27/05/2022,20220527,CUS01699,2,EMP0036,Cash,Completed,1466,690
ORD0006773,28/05/2022,20220528,CUS01751,2,EMP0050,  Debit Card  ,Completed,1162,750
ORD0002901,28/05/2022,20220528,CUS01123,7,EMP0129,Fawry,Completed,670,330
ORD0006229,28/05/2022,20220528,CUS00322,3,EMP0069,Credit Card,Cancelled,652,370
ORD0008027,28/05/2022,20220528,CUS00784,2,,  Debit Card  ,Cancelled,856.5,420
ORD0003794,28/05/2022,20220528,CUS00012,3,EMP0060,Vodafone Cash,Completed,1020.5,550
ORD0010369,28/05/2022,20220528,CUS02288,11,EMP0166,Cash,Completed,2910,1440
ORD0007305,28/05/2022,20220528,CUS00174,2,EMP0038,Cash,Completed,144,70
ORD0008098,28/05/2022,20220528,CUS01895,11,EMP0171,Cash,Completed,1072,530
ORD0000845,28/05/2022,20220528,CUS02602,2,EMP0048,  Fawry  ,Completed,931,500
ORD0011331,28/05/2022,20220528,CUS00373,1,EMP0024,Credit Card,Completed,680,320
ORD0005843,28/05/2022,20220528,CUS00208,2,EMP0035,  InstaPay  ,Completed,493,280
ORD0011112,28/05/2022,20220528,CUS02785,6,EMP0119,Debit Card,Completed,1043,610
ORD0008766,28/05/2022,20220528,CUS00433,7,,Credit Card,Completed,3568.5,1740
ORD0002618,29/05/2022,20220529,CUS01133,2,,  Fawry  ,Completed,962,520
ORD0001237,29/05/2022,20220529,CUS00603,1,EMP0004,Debit Card,Completed,171,90
ORD0011126,29/05/2022,20220529,CUS00853,9,EMP0147,Vodafone Cash,Completed,256.5,130
ORD0005095,29/05/2022,20220529,CUS02693,5,EMP0112,  Cash  ,Completed,500,240
ORD0002250,29/05/2022,20220529,CUS02567,4,EMP0085,Vodafone Cash,Cancelled,1862,980
ORD0003034,29/05/2022,20220529,CUS02487,2,EMP0051,Cash,Completed,862.5,440
ORD0003876,30/05/2022,20220530,CUS02676,4,EMP0080,InstaPay,Completed,720,340
ORD0006636,30/05/2022,20220530,CUS00657,2,EMP0054,Fawry,Completed,5900,4700
ORD0008707,30/05/2022,20220530,CUS00330,14,EMP0197,  Vodafone Cash  ,Completed,769,390
ORD0000607,30/05/2022,20220530,CUS00140,11,EMP0165,InstaPay,Completed,90,40
ORD0011568,30/05/2022,20220530,CUS00971,12,EMP0180,  Cash  ,Completed,2672,1330
ORD0010065,30/05/2022,20220530,CUS02942,3,EMP0065,Credit Card,Completed,700,340
ORD0010682,30/05/2022,20220530,CUS00220,12,EMP0176,Vodafone Cash,Completed,136,70
ORD0006061,30/05/2022,20220530,CUS02645,13,,  InstaPay  ,Completed,16597,12800
ORD0011147,30/05/2022,20220530,CUS02342,7,,Credit Card,Completed,8516,5700
ORD0009014,30/05/2022,20220530,CUS01196,12,,InstaPay,Completed,1418,760
ORD0007176,30/05/2022,20220530,CUS02902,1,EMP0007,  InstaPay  ,Completed,390,180
ORD0009777,30/05/2022,20220530,CUS00597,2,EMP0042,  Cash  ,Returned,20400,16200
ORD0001521,30/05/2022,20220530,CUS02668,12,EMP0175,  Debit Card  ,Completed,2160,1080
ORD0011766,30/05/2022,20220530,CUS01357,3,EMP0077,Credit Card,Completed,1949.5,1050
ORD0008692,31/05/2022,20220531,CUS01298,6,EMP0117,Vodafone Cash,Completed,27096,22720
ORD0009509,31/05/2022,20220531,CUS00400,2,EMP0038,InstaPay,Completed,410.5,250
ORD0010097,31/05/2022,20220531,CUS00990,2,EMP0050,Debit Card,Completed,1250,620
ORD0000791,31/05/2022,20220531,CUS01645,2,EMP0046,Cash,Completed,1368,720
ORD0004243,31/05/2022,20220531,CUS02266,1,EMP0017,Debit Card,Returned,731.5,360
ORD0004745,31/05/2022,20220531,CUS01945,4,EMP0085,Vodafone Cash,Returned,210,140
ORD0009696,31/05/2022,20220531,CUS01731,6,EMP0113,Debit Card,Completed,320,160
ORD0001531,31/05/2022,20220531,CUS01060,3,EMP0077,InstaPay,Completed,618,320
ORD0001439,31/05/2022,20220531,CUS01561,15,EMP0206,Cash,Completed,189,130
ORD0004644,01/06/2022,20220601,CUS01648,2,EMP0030,Cash,Cancelled,117,60
ORD0002431,01/06/2022,20220601,CUS00646,6,EMP0117,Fawry,Completed,171,80
ORD0002653,01/06/2022,20220601,CUS01520,2,EMP0032,Cash,Completed,666,340
ORD0003827,01/06/2022,20220601,CUS00425,2,EMP0042,Vodafone Cash,Completed,150,90
ORD0009988,02/06/2022,20220602,CUS00336,1,EMP0020,Credit Card,Completed,1700.5,940
ORD0002350,02/06/2022,20220602,CUS02371,8,EMP0138,Fawry,Completed,75241.5,69380
ORD0011052,02/06/2022,20220602,CUS00598,3,EMP0059,Fawry,Completed,2104.5,1100
ORD0002551,02/06/2022,20220602,CUS01097,2,EMP0040,Credit Card,Completed,1458,740
ORD0011529,02/06/2022,20220602,CUS02662,11,EMP0171,Vodafone Cash,Completed,820,400
ORD0008742,02/06/2022,20220602,CUS02409,4,EMP0080,  Debit Card  ,Completed,3060,1680
ORD0000794,02/06/2022,20220602,CUS02880,9,EMP0146,Debit Card,Completed,3504.5,2150
ORD0008129,03/06/2022,20220603,CUS02787,4,EMP0091,  Credit Card  ,Completed,649.5,340
ORD0006047,03/06/2022,20220603,CUS02416,4,EMP0083,  Debit Card  ,Completed,581,320
ORD0002354,03/06/2022,20220603,CUS02371,5,EMP0095,Vodafone Cash,Completed,357,200
ORD0000243,03/06/2022,20220603,CUS01113,5,EMP0104,Fawry,Completed,550,270
ORD0009526,03/06/2022,20220603,CUS00188,6,EMP0115,Vodafone Cash,Completed,1056,600
ORD0004761,03/06/2022,20220603,CUS01047,6,EMP0118,Fawry,Completed,864.5,440
ORD0008663,03/06/2022,20220603,CUS01942,7,EMP0136,Debit Card,Completed,1180,940
ORD0005632,03/06/2022,20220603,CUS00918,2,EMP0035,Cash,Completed,855,440
ORD0004598,03/06/2022,20220603,CUS00126,1,EMP0010,Vodafone Cash,Completed,1295,710
ORD0000952,03/06/2022,20220603,CUS01917,11,EMP0170,InstaPay,Cancelled,15071,12380
ORD0003378,03/06/2022,20220603,CUS02059,11,EMP0164,Fawry,Completed,799,420
ORD0002945,04/06/2022,20220604,CUS02530,14,EMP0199,  Vodafone Cash  ,Completed,3526,1970
ORD0005939,04/06/2022,20220604,CUS00666,4,EMP0090,InstaPay,Completed,1480,730
ORD0008112,04/06/2022,20220604,CUS00315,2,EMP0052,Credit Card,Completed,720,340
ORD0011486,04/06/2022,20220604,CUS00615,4,EMP0083,Fawry,Completed,1322,690
ORD0010446,04/06/2022,20220604,CUS02152,12,EMP0174,  Credit Card  ,Completed,437,220
ORD0000121,04/06/2022,20220604,CUS01029,3,EMP0069,Vodafone Cash,Completed,8999,9130
ORD0011122,04/06/2022,20220604,CUS02961,3,,Fawry,Returned,1092,580
ORD0004768,04/06/2022,20220604,CUS00401,3,EMP0067,Vodafone Cash,Completed,560,700
ORD0003369,04/06/2022,20220604,CUS01095,5,EMP0100,InstaPay,Completed,14835,13400
ORD0007168,04/06/2022,20220604,CUS02949,3,EMP0068,Debit Card,Completed,5320,4500
ORD0003638,05/06/2022,20220605,CUS01473,6,EMP0119,Vodafone Cash,Returned,1440,690
ORD0001700,05/06/2022,20220605,CUS02780,15,EMP0213,  Debit Card  ,Completed,460,230
ORD0004572,05/06/2022,20220605,CUS00233,5,EMP0103,Credit Card,Completed,440,220
ORD0000387,05/06/2022,20220605,CUS02162,2,EMP0042,InstaPay,Completed,780,380
ORD0011319,05/06/2022,20220605,CUS02170,12,EMP0178,Vodafone Cash,Completed,1035,650
ORD0000662,05/06/2022,20220605,CUS00131,5,EMP0102,Vodafone Cash,Completed,7775.5,7460
ORD0005500,05/06/2022,20220605,CUS00961,3,EMP0071,Credit Card,Completed,1477.5,810
ORD0004201,05/06/2022,20220605,CUS02770,3,EMP0063,Cash,Returned,190,90
ORD0005196,05/06/2022,20220605,CUS02450,3,EMP0056,Debit Card,Completed,1002,580
ORD0008662,05/06/2022,20220605,CUS00944,15,EMP0213,Debit Card,Completed,25415,23840
ORD0000347,06/06/2022,20220606,CUS02595,3,EMP0078,  Credit Card  ,Completed,1054.5,540
ORD0010712,06/06/2022,20220606,CUS02258,2,EMP0037,Debit Card,Cancelled,7414,5790
ORD0007611,06/06/2022,20220606,CUS00213,5,EMP0098,Cash,Completed,828,460
ORD0001556,06/06/2022,20220606,CUS00930,6,EMP0126,Fawry,Completed,5030,3100
ORD0010729,06/06/2022,20220606,CUS01269,2,EMP0039,Debit Card,Completed,15646,11780
ORD0002606,07/06/2022,20220607,CUS00674,6,EMP0115,  Vodafone Cash  ,Completed,506,250
ORD0004848,07/06/2022,20220607,CUS01968,5,EMP0110,InstaPay,Completed,1970,990
ORD0007860,07/06/2022,20220607,CUS01885,6,,Cash,Completed,751,370
ORD0006830,07/06/2022,20220607,CUS02854,7,EMP0128,  Fawry  ,Completed,610,290
ORD0002542,07/06/2022,20220607,CUS01028,7,EMP0132,Credit Card,Completed,5405,3840
ORD0008984,07/06/2022,20220607,CUS01295,1,EMP0013,InstaPay,Completed,2308,1350
ORD0003082,07/06/2022,20220607,CUS01646,14,EMP0203,Vodafone Cash,Completed,1364,860
ORD0006466,07/06/2022,20220607,CUS01154,14,EMP0195,Fawry,Completed,703,380
ORD0003013,07/06/2022,20220607,CUS00827,15,EMP0205,InstaPay,Returned,674.5,360
ORD0001197,07/06/2022,20220607,CUS02602,1,EMP0024,Fawry,Completed,817,410
ORD0005611,07/06/2022,20220607,CUS02160,4,EMP0089,Fawry,Completed,152,80
ORD0009503,08/06/2022,20220608,CUS02468,2,EMP0054,Cash,Cancelled,234,130
ORD0000777,08/06/2022,20220608,CUS01724,11,EMP0170,Debit Card,Completed,766,380
ORD0000097,08/06/2022,20220608,CUS01492,15,EMP0214,Credit Card,Completed,12552,10920
ORD0004012,08/06/2022,20220608,CUS01511,11,EMP0173,  Fawry  ,Completed,1530,880
ORD0009668,08/06/2022,20220608,CUS01849,10,EMP0152,Debit Card,Completed,2131,1140
ORD0010053,08/06/2022,20220608,CUS02881,15,,Fawry,Completed,320,180
ORD0000480,08/06/2022,20220608,CUS02441,4,EMP0088,Fawry,Completed,30160,24000
ORD0002201,08/06/2022,20220608,CUS01847,3,EMP0063,Fawry,Completed,1840,890
ORD0006644,08/06/2022,20220608,CUS00937,1,EMP0020,  Debit Card  ,Completed,450,240
ORD0004867,09/06/2022,20220609,CUS00869,2,EMP0049,InstaPay,Completed,423,230
ORD0001979,09/06/2022,20220609,CUS01710,1,EMP0018,Cash,Completed,240,120
ORD0005164,09/06/2022,20220609,CUS00344,5,EMP0112,Vodafone Cash,Cancelled,504,280
ORD0004057,09/06/2022,20220609,CUS02172,11,EMP0164,Cash,Completed,2695.5,1380
ORD0008103,09/06/2022,20220609,CUS00880,10,EMP0156,Cash,Completed,8955,8280
ORD0005060,09/06/2022,20220609,CUS02438,5,EMP0105,Debit Card,Completed,2749,1440
ORD0000261,09/06/2022,20220609,CUS01663,2,EMP0047,Debit Card,Completed,440,220
ORD0007806,09/06/2022,20220609,CUS02531,1,EMP0002,Debit Card,Completed,2040,1030
ORD0011149,09/06/2022,20220609,CUS02561,2,EMP0029,Credit Card,Completed,266,140
ORD0006832,09/06/2022,20220609,CUS00177,13,EMP0187,Fawry,Completed,3276.5,3240
ORD0002578,09/06/2022,20220609,CUS01946,15,EMP0216,Credit Card,Cancelled,1485.5,830
ORD0003273,09/06/2022,20220609,CUS01799,1,EMP0028,InstaPay,Completed,210,100
ORD0010743,09/06/2022,20220609,CUS00135,7,EMP0128,  Vodafone Cash  ,Completed,1416.5,750
ORD0003640,10/06/2022,20220610,CUS01966,4,EMP0079,  Fawry  ,Completed,441,240
ORD0006684,10/06/2022,20220610,CUS01652,11,EMP0169,Vodafone Cash,Completed,1500,750
ORD0001063,10/06/2022,20220610,CUS01592,10,EMP0159,Cash,Completed,285,140
ORD0003557,10/06/2022,20220610,CUS00045,3,EMP0067,  Cash  ,Completed,2225,1250
ORD0007811,10/06/2022,20220610,CUS00056,7,EMP0134,InstaPay,Completed,9150,7220
ORD0006179,10/06/2022,20220610,CUS01333,6,EMP0119,Credit Card,Completed,736.5,390
ORD0011874,10/06/2022,20220610,CUS01417,9,EMP0148,Cash,Returned,160,70
ORD0000133,11/06/2022,20220611,CUS00096,14,EMP0202,Credit Card,Completed,1523.5,770
ORD0007797,11/06/2022,20220611,CUS02869,4,EMP0081,Fawry,Completed,243,130
ORD0001074,11/06/2022,20220611,CUS02732,6,EMP0122,Vodafone Cash,Completed,3944,2800
ORD0003100,11/06/2022,20220611,CUS01256,12,EMP0176,InstaPay,Cancelled,224,140
ORD0000454,11/06/2022,20220611,CUS02636,3,EMP0063,InstaPay,Returned,1230,630
ORD0007434,11/06/2022,20220611,CUS00281,4,EMP0094,Vodafone Cash,Completed,576,310
ORD0004174,11/06/2022,20220611,CUS02920,10,EMP0158,Fawry,Completed,1440,680
ORD0006640,12/06/2022,20220612,CUS00134,1,EMP0009,Debit Card,Completed,540,260
ORD0011283,12/06/2022,20220612,CUS01873,8,,Debit Card,Completed,228,110
ORD0000898,12/06/2022,20220612,CUS00626,11,EMP0165,Credit Card,Completed,526.5,270
ORD0010241,12/06/2022,20220612,CUS02196,2,EMP0054,Vodafone Cash,Returned,21435,17340
ORD0005071,12/06/2022,20220612,CUS02489,4,EMP0089,InstaPay,Completed,696,350
ORD0002005,12/06/2022,20220612,CUS02517,12,EMP0182,Debit Card,Completed,486,260
ORD0002723,12/06/2022,20220612,CUS00780,11,EMP0167,Credit Card,Completed,270,150
ORD0003474,13/06/2022,20220613,CUS01132,14,,Debit Card,Completed,723.5,390
ORD0001675,13/06/2022,20220613,CUS02670,4,EMP0085,Debit Card,Completed,11919,9470
ORD0000481,13/06/2022,20220613,CUS00383,2,EMP0043,  Debit Card  ,Completed,798,420
ORD0003455,13/06/2022,20220613,CUS02694,13,EMP0190,Cash,Completed,1096.5,630
ORD0009583,13/06/2022,20220613,CUS02042,10,EMP0160,InstaPay,Completed,270,130
ORD0010364,13/06/2022,20220613,CUS00116,3,EMP0063,Cash,Completed,13500,12000
ORD0002368,14/06/2022,20220614,CUS01391,3,EMP0069,Credit Card,Completed,926,470
ORD0000282,14/06/2022,20220614,CUS02200,2,EMP0049,Fawry,Completed,568,300
ORD0004428,14/06/2022,20220614,CUS02432,3,EMP0074,Vodafone Cash,Completed,1323,720
ORD0007141,14/06/2022,20220614,CUS00939,1,EMP0014,Credit Card,Completed,370,180
ORD0006970,14/06/2022,20220614,CUS01634,1,EMP0020,Cash,Completed,384,240
ORD0000477,14/06/2022,20220614,CUS00961,14,EMP0202,InstaPay,Cancelled,684,340
ORD0000645,14/06/2022,20220614,CUS01535,10,EMP0157,Credit Card,Completed,13518,11960
ORD0002039,14/06/2022,20220614,CUS00845,9,EMP0145,Credit Card,Completed,152,70
ORD0000834,14/06/2022,20220614,CUS01160,3,EMP0063,Cash,Completed,417,220
ORD0000318,14/06/2022,20220614,CUS02843,1,EMP0004,Fawry,Completed,140,60
ORD0010313,14/06/2022,20220614,CUS01004,2,EMP0047,Fawry,Completed,19805,15770
ORD0001965,14/06/2022,20220614,CUS02980,5,EMP0107,Cash,Completed,461,260
ORD0004312,14/06/2022,20220614,CUS01852,5,EMP0107,InstaPay,Completed,700,340
ORD0007558,15/06/2022,20220615,CUS01359,12,EMP0175,Debit Card,Completed,1044,560
ORD0002807,15/06/2022,20220615,CUS02444,3,EMP0063,  Debit Card  ,Completed,2944,2190
ORD0003645,15/06/2022,20220615,CUS02664,3,EMP0056,Fawry,Completed,2212,1180
ORD0011012,15/06/2022,20220615,CUS02764,13,EMP0187,Debit Card,Completed,28134,24620
ORD0009507,15/06/2022,20220615,CUS02697,7,EMP0130,InstaPay,Completed,776,370
ORD0011678,15/06/2022,20220615,CUS02348,10,EMP0157,Credit Card,Returned,2613,1310
ORD0000425,15/06/2022,20220615,CUS00842,11,EMP0173,Fawry,Completed,420,210
ORD0006645,15/06/2022,20220615,CUS00987,3,EMP0057,InstaPay,Returned,520,240
ORD0003058,15/06/2022,20220615,CUS00198,5,EMP0109,Fawry,Completed,2953.5,1680
ORD0008674,15/06/2022,20220615,CUS00765,13,,InstaPay,Completed,495,270
ORD0006302,15/06/2022,20220615,CUS00155,5,EMP0097,  Fawry  ,Completed,674.5,350
ORD0003696,16/06/2022,20220616,CUS01751,9,EMP0146,Vodafone Cash,Completed,10085,7200
ORD0004511,16/06/2022,20220616,CUS00813,11,EMP0173,Credit Card,Completed,8384,6220
ORD0006135,16/06/2022,20220616,CUS01304,10,EMP0158,Fawry,Completed,3898,2820
ORD0005916,16/06/2022,20220616,CUS01114,5,EMP0096,Vodafone Cash,Completed,899.5,440
ORD0009790,16/06/2022,20220616,CUS02091,3,EMP0064,InstaPay,Completed,11240,8520
ORD0001748,16/06/2022,20220616,CUS00764,1,EMP0011,Debit Card,Completed,912,480
ORD0005719,16/06/2022,20220616,CUS00491,12,EMP0180,InstaPay,Completed,1223,610
ORD0007501,16/06/2022,20220616,CUS00245,1,EMP0001,Debit Card,Completed,2512,1240
ORD0000971,16/06/2022,20220616,CUS02862,15,EMP0214,Cash,Completed,787,370
ORD0010735,16/06/2022,20220616,CUS01254,9,,Fawry,Completed,555,260
ORD0008641,16/06/2022,20220616,CUS01864,15,EMP0207,InstaPay,Completed,85.5,40
ORD0011869,16/06/2022,20220616,CUS00664,1,EMP0023,Credit Card,Completed,15880,13900
ORD0000412,16/06/2022,20220616,CUS02443,1,EMP0012,Credit Card,Returned,895,460
ORD0004551,16/06/2022,20220616,CUS00599,14,EMP0198,Cash,Completed,474,260
ORD0010175,17/06/2022,20220617,CUS01303,2,EMP0043,Fawry,Returned,135,70
ORD0002591,17/06/2022,20220617,CUS00754,3,EMP0074,Credit Card,Completed,738.5,420
ORD0002303,17/06/2022,20220617,CUS00511,10,EMP0160,  InstaPay  ,Completed,1537,810
ORD0010618,17/06/2022,20220617,CUS02782,4,EMP0079,InstaPay,Completed,12150,11360
ORD0003251,17/06/2022,20220617,CUS00638,4,EMP0079,Vodafone Cash,Cancelled,1538.5,790
ORD0009435,17/06/2022,20220617,CUS01404,2,EMP0030,  InstaPay  ,Completed,1170,780
ORD0009094,17/06/2022,20220617,CUS02095,12,EMP0179,InstaPay,Completed,2800,1360
ORD0000511,17/06/2022,20220617,CUS00089,3,EMP0066,InstaPay,Completed,366,190
ORD0004777,17/06/2022,20220617,CUS02180,3,EMP0057,InstaPay,Completed,160,70
ORD0011843,17/06/2022,20220617,CUS00105,2,EMP0034,Cash,Completed,423,230
ORD0009550,17/06/2022,20220617,CUS02759,12,EMP0181,Credit Card,Completed,90,40
ORD0008872,17/06/2022,20220617,CUS02324,4,EMP0085,InstaPay,Completed,4558,2640
ORD0004228,17/06/2022,20220617,CUS00329,1,EMP0014,Vodafone Cash,Completed,494,250
ORD0010416,18/06/2022,20220618,CUS00423,4,EMP0091,Debit Card,Completed,810,450
ORD0010126,18/06/2022,20220618,CUS02946,1,EMP0002,Vodafone Cash,Completed,950,500
ORD0009746,18/06/2022,20220618,CUS02814,2,EMP0042,InstaPay,Completed,3986,2330
ORD0000045,18/06/2022,20220618,CUS01932,9,EMP0150,Credit Card,Completed,512,320
ORD0008150,18/06/2022,20220618,CUS02493,12,EMP0182,Cash,Completed,1670,1240
ORD0007914,18/06/2022,20220618,CUS01640,12,EMP0175,Debit Card,Completed,10960,9040
ORD0011165,18/06/2022,20220618,CUS00770,5,EMP0098,InstaPay,Completed,810,410
ORD0004374,18/06/2022,20220618,CUS00166,6,EMP0120,InstaPay,Completed,440,210
ORD0007856,19/06/2022,20220619,CUS00703,6,EMP0121,Cash,Completed,50364,42110
ORD0005885,19/06/2022,20220619,CUS01157,11,EMP0167,InstaPay,Completed,297,160
ORD0004004,19/06/2022,20220619,CUS01158,10,EMP0156,Cash,Completed,342,160
ORD0007854,19/06/2022,20220619,CUS02457,11,EMP0167,Fawry,Completed,15000,12000
ORD0008931,19/06/2022,20220619,CUS00712,8,EMP0143,Cash,Completed,3920,4500
ORD0001757,19/06/2022,20220619,CUS02414,1,EMP0007,Debit Card,Completed,315,170
ORD0005637,19/06/2022,20220619,CUS02008,11,EMP0166,Fawry,Completed,914,450
ORD0002498,19/06/2022,20220619,CUS00352,12,EMP0177,Fawry,Completed,986,580
ORD0010019,19/06/2022,20220619,CUS01936,4,EMP0080,  Debit Card  ,Returned,775,480
ORD0007831,20/06/2022,20220620,CUS01635,2,EMP0036,  Debit Card  ,Completed,5388,3000
ORD0008131,20/06/2022,20220620,CUS00423,10,EMP0162,Debit Card,Completed,540,360
ORD0009246,20/06/2022,20220620,CUS01822,1,,Debit Card,Completed,1634.5,860
ORD0002587,20/06/2022,20220620,CUS00910,4,EMP0093,Cash,Completed,1798.5,930
ORD0000276,20/06/2022,20220620,CUS01842,11,EMP0164,Credit Card,Completed,567,300
ORD0001216,20/06/2022,20220620,CUS01185,11,EMP0165,Credit Card,Completed,1860,930
ORD0004550,20/06/2022,20220620,CUS01868,8,EMP0140,Cash,Completed,2102,1030
ORD0000742,20/06/2022,20220620,CUS02376,11,EMP0169,Credit Card,Completed,9639,8880
ORD0003850,20/06/2022,20220620,CUS00932,1,EMP0023,  Cash  ,Completed,1578,830
ORD0006854,20/06/2022,20220620,CUS00013,6,EMP0115,Debit Card,Completed,795,620
ORD0008181,21/06/2022,20220621,CUS01041,9,EMP0149,  Debit Card  ,Completed,2004,1040
ORD0002907,21/06/2022,20220621,CUS02277,4,EMP0090,Credit Card,Completed,1545.5,860
ORD0010091,21/06/2022,20220621,CUS02540,2,EMP0041,  Debit Card  ,Cancelled,810,390
ORD0007536,21/06/2022,20220621,CUS02357,4,EMP0091,InstaPay,Completed,72,40
ORD0005159,21/06/2022,20220621,CUS01249,4,EMP0079,Debit Card,Completed,13520,10660
ORD0001093,21/06/2022,20220621,CUS00467,5,EMP0097,Fawry,Completed,2904,1690
ORD0011050,21/06/2022,20220621,CUS01636,1,EMP0001,Vodafone Cash,Completed,290,140
ORD0007122,21/06/2022,20220621,CUS01762,2,EMP0029,Fawry,Completed,135,70
ORD0001912,21/06/2022,20220621,CUS00955,5,EMP0102,Vodafone Cash,Completed,738,420
ORD0000940,21/06/2022,20220621,CUS01851,4,EMP0091,Debit Card,Completed,28999,26920
ORD0010457,21/06/2022,20220621,CUS00825,1,EMP0016,Cash,Completed,1554,740
ORD0011426,21/06/2022,20220621,CUS02165,10,EMP0155,Debit Card,Completed,13680,10810
ORD0002545,21/06/2022,20220621,CUS01266,7,EMP0132,  Fawry  ,Completed,13965,11800
ORD0004154,21/06/2022,20220621,CUS02921,12,EMP0175,  Cash  ,Completed,820,420
ORD0001399,21/06/2022,20220621,CUS02562,2,EMP0036,Credit Card,Completed,472.5,300
ORD0003138,22/06/2022,20220622,CUS02060,14,EMP0197,Debit Card,Returned,6459,5340
ORD0006103,22/06/2022,20220622,CUS00381,3,EMP0067,Credit Card,Completed,1350,720
ORD0000920,22/06/2022,20220622,CUS01549,11,EMP0173,Debit Card,Completed,207,110
ORD0003663,22/06/2022,20220622,CUS02481,3,EMP0074,Credit Card,Completed,882,620
ORD0000086,22/06/2022,20220622,CUS00307,8,EMP0141,InstaPay,Completed,1070,510
ORD0008909,22/06/2022,20220622,CUS00702,4,EMP0079,Fawry,Completed,864,520
ORD0005897,22/06/2022,20220622,CUS02669,3,EMP0059,Debit Card,Completed,903,520
ORD0002055,22/06/2022,20220622,CUS02826,4,EMP0082,Debit Card,Completed,836,430
ORD0000944,22/06/2022,20220622,CUS00830,4,EMP0092,InstaPay,Completed,12170,10740
ORD0003121,22/06/2022,20220622,CUS02739,1,,Fawry,Returned,648,360
ORD0003774,22/06/2022,20220622,CUS00435,2,EMP0050,Fawry,Completed,1719,980
ORD0004868,23/06/2022,20220623,CUS00124,3,EMP0067,Vodafone Cash,Completed,3774,2080
ORD0002337,23/06/2022,20220623,CUS00766,3,EMP0056,InstaPay,Completed,37262,32330
ORD0004636,23/06/2022,20220623,CUS01629,1,EMP0013,Cash,Completed,3190.5,1660
ORD0008386,23/06/2022,20220623,CUS00167,5,,InstaPay,Completed,12711,10580
ORD0008172,23/06/2022,20220623,CUS02649,9,EMP0149,Credit Card,Completed,912,470
ORD0008450,23/06/2022,20220623,CUS02317,12,EMP0184,Credit Card,Completed,1639.5,900
ORD0003423,23/06/2022,20220623,CUS01879,1,EMP0023,  Cash  ,Completed,2040,1260
ORD0001823,23/06/2022,20220623,CUS00582,3,EMP0055,  Credit Card  ,Completed,768,460
ORD0007725,23/06/2022,20220623,CUS00405,8,EMP0140,  Vodafone Cash  ,Returned,700,340
ORD0001724,23/06/2022,20220623,CUS00533,4,EMP0085,InstaPay,Completed,6475,5120
ORD0004530,23/06/2022,20220623,CUS00342,2,EMP0032,Fawry,Completed,357,250
ORD0005696,24/06/2022,20220624,CUS01236,6,EMP0126,Credit Card,Cancelled,17960,14270
ORD0002385,24/06/2022,20220624,CUS02318,7,EMP0127,Fawry,Completed,4870,4070
ORD0002433,24/06/2022,20220624,CUS00909,8,EMP0137,InstaPay,Completed,563.5,290
ORD0001184,24/06/2022,20220624,CUS02596,3,EMP0078,Vodafone Cash,Completed,1759,880
ORD0001285,24/06/2022,20220624,CUS01010,5,EMP0111,Cash,Completed,255,160
ORD0003363,24/06/2022,20220624,CUS01759,2,EMP0038,Cash,Returned,602,320
ORD0006967,24/06/2022,20220624,CUS02826,9,EMP0150,Cash,Completed,2870,1660
ORD0002072,24/06/2022,20220624,CUS01492,9,EMP0147,  Debit Card  ,Completed,14817.5,12740
ORD0006952,25/06/2022,20220625,CUS02051,7,EMP0128,  Fawry  ,Completed,96,60
ORD0009720,25/06/2022,20220625,CUS00268,1,EMP0027,  Cash  ,Completed,12160,10300
ORD0008228,25/06/2022,20220625,CUS02349,14,EMP0200,InstaPay,Completed,993,480
ORD0000666,25/06/2022,20220625,CUS00210,4,EMP0084,  Fawry  ,Completed,114,60
ORD0004757,25/06/2022,20220625,CUS02181,2,EMP0052,Debit Card,Completed,2023,1010
ORD0004181,25/06/2022,20220625,CUS01802,2,EMP0053,  Credit Card  ,Completed,570,300
ORD0008158,25/06/2022,20220625,CUS01036,2,EMP0041,Fawry,Completed,14319,12140
ORD0007085,25/06/2022,20220625,CUS00442,1,EMP0003,  Credit Card  ,Completed,1961,1210
ORD0005321,25/06/2022,20220625,CUS01943,1,EMP0021,Credit Card,Completed,488,300
ORD0004682,25/06/2022,20220625,CUS02610,5,EMP0096,Vodafone Cash,Cancelled,458.5,250
ORD0001170,25/06/2022,20220625,CUS00811,1,EMP0003,  Credit Card  ,Returned,19272,16660
ORD0002045,25/06/2022,20220625,CUS00396,6,EMP0124,InstaPay,Completed,200,100
ORD0006627,26/06/2022,20220626,CUS02827,6,,  Fawry  ,Completed,2049.5,990
ORD0008679,26/06/2022,20220626,CUS02821,5,EMP0106,Credit Card,Completed,1546.5,890
ORD0004050,26/06/2022,20220626,CUS02201,5,EMP0106,  Cash  ,Completed,285,140
ORD0002008,26/06/2022,20220626,CUS01300,12,EMP0175,  Vodafone Cash  ,Completed,2400,1800
ORD0005448,26/06/2022,20220626,CUS00693,12,,Credit Card,Completed,3219,1660
ORD0009318,26/06/2022,20220626,CUS00710,2,EMP0048,Debit Card,Completed,120,70
ORD0003405,26/06/2022,20220626,CUS01729,1,EMP0016,Fawry,Completed,90,40
ORD0004632,26/06/2022,20220626,CUS00149,6,EMP0124,InstaPay,Completed,22792,20120
ORD0007638,26/06/2022,20220626,CUS00806,10,EMP0161,  Credit Card  ,Completed,1980,990
ORD0009367,27/06/2022,20220627,CUS00334,11,EMP0164,Debit Card,Completed,1329,660
ORD0005232,27/06/2022,20220627,CUS02943,4,EMP0089,Credit Card,Returned,1175.5,600
ORD0000745,27/06/2022,20220627,CUS00017,1,EMP0006,Debit Card,Completed,505,270
ORD0011075,27/06/2022,20220627,CUS00121,2,EMP0051,Cash,Completed,672,350
ORD0002920,27/06/2022,20220627,CUS01549,6,EMP0113,Credit Card,Completed,90,40
ORD0000731,27/06/2022,20220627,CUS02805,2,EMP0030,Fawry,Completed,921,480
ORD0009363,27/06/2022,20220627,CUS00514,7,EMP0129,Fawry,Returned,2916,1560
ORD0004780,27/06/2022,20220627,CUS00747,5,,Vodafone Cash,Completed,1898.5,1020
ORD0008420,27/06/2022,20220627,CUS02486,5,EMP0105,  Cash  ,Completed,8200,6500
ORD0009197,27/06/2022,20220627,CUS01084,11,EMP0172,  Cash  ,Completed,162,90
ORD0000324,27/06/2022,20220627,CUS00917,6,EMP0120,Vodafone Cash,Completed,12288.5,12440
ORD0008068,27/06/2022,20220627,CUS00832,3,EMP0055,Cash,Completed,1626,950
ORD0008623,28/06/2022,20220628,CUS00933,1,EMP0022,Fawry,Completed,414,230
ORD0000646,28/06/2022,20220628,CUS00148,2,EMP0035,Debit Card,Completed,150,70
ORD0006464,28/06/2022,20220628,CUS00644,5,EMP0106,Fawry,Completed,2014,1510
ORD0010408,28/06/2022,20220628,CUS02987,12,EMP0179,Credit Card,Completed,47777,42150
ORD0007877,28/06/2022,20220628,CUS00176,4,EMP0081,Cash,Completed,1260,610
ORD0006654,28/06/2022,20220628,CUS01733,2,EMP0035,Vodafone Cash,Completed,882,490
ORD0003099,28/06/2022,20220628,CUS01894,2,EMP0045,  Fawry  ,Completed,1230.5,650
ORD0007706,28/06/2022,20220628,CUS01078,6,EMP0115,Credit Card,Completed,535.5,310
ORD0003214,28/06/2022,20220628,CUS02620,3,EMP0061,Credit Card,Completed,230,110
ORD0003853,29/06/2022,20220629,CUS02939,13,EMP0187,Vodafone Cash,Returned,893.5,570
ORD0002502,29/06/2022,20220629,CUS00351,1,EMP0005,Cash,Completed,512,250
ORD0003782,29/06/2022,20220629,CUS02797,5,EMP0097,Fawry,Completed,150,70
ORD0009173,29/06/2022,20220629,CUS01406,1,EMP0012,Credit Card,Completed,2469,2400
ORD0002448,29/06/2022,20220629,CUS01146,6,EMP0113,Cash,Returned,2440,1200
ORD0006269,29/06/2022,20220629,CUS02765,2,EMP0052,Cash,Completed,540,280
ORD0010715,29/06/2022,20220629,CUS00606,2,,Vodafone Cash,Completed,144,70
ORD0009568,29/06/2022,20220629,CUS02312,1,EMP0017,Credit Card,Completed,1305.5,700
ORD0006343,30/06/2022,20220630,CUS00834,12,EMP0174,Cash,Completed,288,140
ORD0008971,30/06/2022,20220630,CUS02367,1,EMP0003,InstaPay,Completed,1156,580
ORD0007636,30/06/2022,20220630,CUS02223,14,EMP0200,Vodafone Cash,Completed,1509,1000
ORD0005286,30/06/2022,20220630,CUS00568,12,EMP0175,Credit Card,Completed,12980,10390
ORD0001140,30/06/2022,20220630,CUS01181,6,EMP0114,InstaPay,Completed,140,70
ORD0002084,30/06/2022,20220630,CUS01331,2,EMP0045,Vodafone Cash,Completed,1220,580
ORD0002875,30/06/2022,20220630,CUS01169,4,EMP0079,Cash,Cancelled,459,240
ORD0004966,01/07/2022,20220701,CUS02212,1,EMP0018,Cash,Completed,1384,750
ORD0002414,01/07/2022,20220701,CUS00718,1,EMP0009,Fawry,Completed,3495.5,1760
ORD0005115,01/07/2022,20220701,CUS01883,4,EMP0088,Cash,Completed,3160,2220
ORD0005793,01/07/2022,20220701,CUS01072,2,EMP0033,  Vodafone Cash  ,Completed,445,220
ORD0007901,01/07/2022,20220701,CUS00075,5,EMP0101,  Vodafone Cash  ,Completed,521,260
ORD0009062,01/07/2022,20220701,CUS02629,11,EMP0164,Fawry,Completed,480,240
ORD0003880,01/07/2022,20220701,CUS02706,2,,InstaPay,Completed,4552,3830
ORD0002266,01/07/2022,20220701,CUS01459,5,EMP0107,Debit Card,Completed,1032,630
ORD0009319,01/07/2022,20220701,CUS01185,1,EMP0024,Cash,Completed,653,330
ORD0007172,01/07/2022,20220701,CUS00851,2,EMP0036,Debit Card,Cancelled,390,180
ORD0006766,01/07/2022,20220701,CUS01911,2,EMP0042,Credit Card,Completed,1800,990
ORD0001352,01/07/2022,20220701,CUS01354,6,EMP0121,Cash,Completed,1735,990
ORD0001503,01/07/2022,20220701,CUS00835,3,EMP0058,  Debit Card  ,Returned,199.5,100
ORD0000430,01/07/2022,20220701,CUS02445,6,EMP0126,InstaPay,Completed,17410,16340
ORD0008631,01/07/2022,20220701,CUS02438,13,EMP0185,Fawry,Completed,152,70
ORD0010910,02/07/2022,20220702,CUS02500,2,EMP0046,Vodafone Cash,Completed,713,360
ORD0004834,02/07/2022,20220702,CUS01771,12,EMP0179,Credit Card,Completed,361,180
ORD0008191,02/07/2022,20220702,CUS00253,6,EMP0113,  InstaPay  ,Completed,880,440
ORD0010035,02/07/2022,20220702,CUS02191,1,EMP0025,Credit Card,Returned,600,280
ORD0004066,02/07/2022,20220702,CUS02839,6,EMP0113,InstaPay,Completed,260,130
ORD0009706,02/07/2022,20220702,CUS00486,12,EMP0175,Credit Card,Completed,2432,1480
ORD0007605,02/07/2022,20220702,CUS00179,4,EMP0079,Cash,Completed,2761,1610
ORD0010310,02/07/2022,20220702,CUS02892,5,EMP0110,  Cash  ,Completed,1098,600
ORD0011311,03/07/2022,20220703,CUS01942,2,EMP0052,  Credit Card  ,Completed,261,140
ORD0007746,03/07/2022,20220703,CUS02997,6,EMP0121,Fawry,Completed,600,300
ORD0006473,03/07/2022,20220703,CUS02096,12,EMP0178,Debit Card,Completed,1793.5,920
ORD0008549,03/07/2022,20220703,CUS01239,5,,Credit Card,Completed,822,390
ORD0005521,03/07/2022,20220703,CUS00204,4,EMP0081,  Cash  ,Completed,20400,16200
ORD0003927,03/07/2022,20220703,CUS00786,4,EMP0089,Vodafone Cash,Completed,284.5,150
ORD0003588,03/07/2022,20220703,CUS01481,1,EMP0020,  Fawry  ,Completed,3019.5,1590
ORD0010374,03/07/2022,20220703,CUS02557,6,EMP0122,Vodafone Cash,Completed,1076.5,520
ORD0002756,03/07/2022,20220703,CUS02298,3,EMP0074,Fawry,Completed,350,170
ORD0000223,04/07/2022,20220704,CUS02860,1,EMP0027,Fawry,Completed,1172,650
ORD0005929,04/07/2022,20220704,CUS02950,1,EMP0019,InstaPay,Completed,238,130
ORD0000626,04/07/2022,20220704,CUS00563,2,,Cash,Completed,367.5,210
ORD0006446,04/07/2022,20220704,CUS01503,1,EMP0028,  Cash  ,Completed,7555,5520
ORD0008863,04/07/2022,20220704,CUS00737,11,EMP0169,  Credit Card  ,Completed,342,180
ORD0007825,04/07/2022,20220704,CUS00675,8,EMP0143,Vodafone Cash,Returned,670,320
ORD0004390,04/07/2022,20220704,CUS00902,4,EMP0084,Cash,Completed,460,230
ORD0001247,04/07/2022,20220704,CUS01439,2,EMP0034,Fawry,Completed,247,130
ORD0000242,04/07/2022,20220704,CUS00990,4,EMP0087,Cash,Completed,1706.5,1010
ORD0009438,05/07/2022,20220705,CUS01868,3,EMP0076,InstaPay,Completed,980,460
ORD0010080,05/07/2022,20220705,CUS01617,14,EMP0198,Fawry,Completed,5567.5,2740
ORD0007117,06/07/2022,20220706,CUS00276,1,,InstaPay,Completed,27360,21620
ORD0004238,06/07/2022,20220706,CUS02572,12,EMP0178,Credit Card,Completed,960,460
ORD0004602,06/07/2022,20220706,CUS00663,2,EMP0047,Vodafone Cash,Completed,655,330
ORD0002384,06/07/2022,20220706,CUS01492,1,EMP0025,Debit Card,Returned,220,100
ORD0011003,06/07/2022,20220706,CUS02910,7,EMP0128,Vodafone Cash,Completed,14231,11040
ORD0004912,06/07/2022,20220706,CUS02948,4,EMP0086,Cash,Completed,3085.5,1650
ORD0010130,06/07/2022,20220706,CUS00832,2,EMP0042,Vodafone Cash,Completed,90,40
ORD0008160,06/07/2022,20220706,CUS01359,7,EMP0131,  Cash  ,Completed,741.5,410
ORD0000756,06/07/2022,20220706,CUS02574,2,EMP0054,InstaPay,Completed,860,410
ORD0003005,06/07/2022,20220706,CUS00993,2,EMP0034,InstaPay,Completed,304,150
ORD0005157,06/07/2022,20220706,CUS02850,8,EMP0138,InstaPay,Completed,1482,780
ORD0009418,06/07/2022,20220706,CUS01002,6,EMP0114,Credit Card,Completed,1744,900
ORD0004445,07/07/2022,20220707,CUS00309,3,EMP0059,  Cash  ,Returned,2366,1590
ORD0007690,07/07/2022,20220707,CUS02406,2,EMP0051,Vodafone Cash,Completed,1600,1600
ORD0010199,07/07/2022,20220707,CUS02669,3,EMP0076,Cash,Returned,2070,1020
ORD0002773,07/07/2022,20220707,CUS00543,2,EMP0052,Debit Card,Completed,420,200
ORD0002482,07/07/2022,20220707,CUS00211,3,EMP0057,  Cash  ,Completed,336,180
ORD0008434,07/07/2022,20220707,CUS00901,4,EMP0083,  Cash  ,Completed,758,410
ORD0005108,07/07/2022,20220707,CUS01688,5,EMP0109,Cash,Completed,392,190
ORD0000100,07/07/2022,20220707,CUS00500,4,EMP0086,Vodafone Cash,Returned,999,530
ORD0002675,07/07/2022,20220707,CUS01514,14,EMP0199,Vodafone Cash,Returned,432,270
ORD0001756,07/07/2022,20220707,CUS01154,12,EMP0180,Cash,Completed,8080,8100
ORD0000730,08/07/2022,20220708,CUS00503,6,EMP0120,Fawry,Completed,2100.5,1080
ORD0001720,08/07/2022,20220708,CUS00472,13,EMP0190,Credit Card,Completed,41850,44700
ORD0009917,08/07/2022,20220708,CUS00912,4,EMP0083,InstaPay,Completed,977.5,480
ORD0008357,08/07/2022,20220708,CUS02873,1,EMP0013,  Credit Card  ,Completed,432,250
ORD0009377,08/07/2022,20220708,CUS01615,1,EMP0012,Vodafone Cash,Completed,1464,820
ORD0011759,08/07/2022,20220708,CUS01257,9,EMP0147,  InstaPay  ,Completed,552,340
ORD0009407,08/07/2022,20220708,CUS01851,1,EMP0023,  Credit Card  ,Completed,6714,5590
ORD0002243,08/07/2022,20220708,CUS02125,5,EMP0102,InstaPay,Completed,25235.5,23740
ORD0010631,09/07/2022,20220709,CUS01362,2,EMP0042,  Cash  ,Completed,1339.5,740
ORD0004873,09/07/2022,20220709,CUS00328,14,EMP0199,Cash,Completed,1600.5,840
ORD0011378,09/07/2022,20220709,CUS01499,7,EMP0136,Fawry,Completed,730,380
ORD0011338,09/07/2022,20220709,CUS00582,15,EMP0210,Vodafone Cash,Returned,7000,5290
ORD0007641,09/07/2022,20220709,CUS02816,6,EMP0121,  Fawry  ,Completed,300,140
ORD0002950,09/07/2022,20220709,CUS02024,11,EMP0168,Debit Card,Completed,13230,11800
ORD0011160,09/07/2022,20220709,CUS02322,1,EMP0011,  Debit Card  ,Completed,3141,2920
ORD0010172,09/07/2022,20220709,CUS01141,4,EMP0083,Fawry,Completed,2681,2040
ORD0003418,09/07/2022,20220709,CUS00281,13,EMP0187,  Vodafone Cash  ,Completed,297.5,170
ORD0007194,09/07/2022,20220709,CUS00101,12,EMP0174,  Cash  ,Cancelled,33580,34840
ORD0005019,10/07/2022,20220710,CUS00366,4,EMP0092,Cash,Completed,772,380
ORD0002751,10/07/2022,20220710,CUS02669,2,EMP0034,  Cash  ,Completed,1370,660
ORD0011629,10/07/2022,20220710,CUS01284,7,EMP0135,Cash,Completed,690,350
ORD0001227,10/07/2022,20220710,CUS00557,3,EMP0065,  InstaPay  ,Completed,463,300
ORD0001740,10/07/2022,20220710,CUS01711,6,EMP0113,Credit Card,Completed,9903.5,8360
ORD0000348,10/07/2022,20220710,CUS01097,2,EMP0047,  InstaPay  ,Completed,775.5,390
ORD0003478,10/07/2022,20220710,CUS02216,1,EMP0003,  Debit Card  ,Completed,980.5,480
ORD0004387,10/07/2022,20220710,CUS01081,1,EMP0016,Fawry,Completed,1440,930
ORD0010939,10/07/2022,20220710,CUS01187,4,EMP0084,InstaPay,Completed,1400,680
ORD0009380,10/07/2022,20220710,CUS01896,13,EMP0186,Debit Card,Completed,1453,850
ORD0002869,10/07/2022,20220710,CUS02718,11,EMP0169,Cash,Completed,140,60
ORD0008491,10/07/2022,20220710,CUS00764,14,EMP0195,Vodafone Cash,Completed,234,120
ORD0007777,10/07/2022,20220710,CUS00901,3,EMP0063,Debit Card,Completed,441,220
ORD0000311,11/07/2022,20220711,CUS00127,9,EMP0151,Fawry,Completed,126,70
ORD0003765,11/07/2022,20220711,CUS02788,11,EMP0167,Credit Card,Completed,668,340
ORD0004539,11/07/2022,20220711,CUS00986,4,EMP0093,  Fawry  ,Completed,663,380
ORD0011410,11/07/2022,20220711,CUS02429,4,EMP0088,  Cash  ,Completed,2444,1220
ORD0005936,11/07/2022,20220711,CUS01905,7,EMP0136,InstaPay,Completed,920,470
ORD0003544,11/07/2022,20220711,CUS01931,3,EMP0065,  Debit Card  ,Completed,1200,590
ORD0009424,11/07/2022,20220711,CUS02874,4,EMP0089,Fawry,Completed,2545,2180
ORD0010154,11/07/2022,20220711,CUS01457,3,EMP0068,  Fawry  ,Completed,782,430
ORD0002515,11/07/2022,20220711,CUS00283,1,EMP0025,Vodafone Cash,Completed,484,250
ORD0005398,11/07/2022,20220711,CUS02127,4,EMP0086,Credit Card,Completed,1910.5,1000
ORD0004122,11/07/2022,20220711,CUS01030,1,EMP0019,Vodafone Cash,Completed,243,130
ORD0002851,11/07/2022,20220711,CUS00782,2,EMP0032,Credit Card,Cancelled,1422,980
ORD0009171,11/07/2022,20220711,CUS00982,3,EMP0073,Debit Card,Cancelled,216,130
ORD0007287,11/07/2022,20220711,CUS02682,4,EMP0084,Vodafone Cash,Completed,133,60
ORD0003390,11/07/2022,20220711,CUS01171,6,EMP0122,Credit Card,Completed,44400,44400
ORD0000221,12/07/2022,20220712,CUS02175,5,,  Debit Card  ,Completed,541.5,270
ORD0001011,12/07/2022,20220712,CUS00597,1,EMP0028,Cash,Completed,400,180
ORD0004343,12/07/2022,20220712,CUS01533,8,EMP0142,Vodafone Cash,Completed,288,140
ORD0004157,12/07/2022,20220712,CUS00952,5,EMP0111,  Fawry  ,Completed,1422,740
ORD0007552,12/07/2022,20220712,CUS00563,4,EMP0090,Debit Card,Completed,26290,20930
ORD0001664,12/07/2022,20220712,CUS00148,11,EMP0166,Fawry,Completed,300,140
ORD0006653,12/07/2022,20220712,CUS00235,2,EMP0049,  Debit Card  ,Completed,2031,1020
ORD0011590,12/07/2022,20220712,CUS01514,1,EMP0022,Vodafone Cash,Completed,537,260
ORD0003682,12/07/2022,20220712,CUS01371,2,,InstaPay,Completed,450,220
ORD0011053,12/07/2022,20220712,CUS01433,7,EMP0136,Vodafone Cash,Completed,14310,12700
ORD0007944,13/07/2022,20220713,CUS01133,3,EMP0056,Debit Card,Completed,3320,1640
ORD0003596,13/07/2022,20220713,CUS02867,3,EMP0065,Vodafone Cash,Completed,480,230
ORD0010805,13/07/2022,20220713,CUS02638,11,EMP0167,Fawry,Completed,153,80
ORD0011598,13/07/2022,20220713,CUS01893,15,EMP0208,InstaPay,Completed,550,270
ORD0000215,13/07/2022,20220713,CUS01909,2,EMP0032,Fawry,Returned,290,170
ORD0002252,13/07/2022,20220713,CUS00761,14,EMP0196,Debit Card,Completed,216,120
ORD0007145,13/07/2022,20220713,CUS00240,7,EMP0130,Fawry,Completed,686,390
ORD0004702,13/07/2022,20220713,CUS00215,10,EMP0155,Debit Card,Completed,18217,20760
ORD0007404,13/07/2022,20220713,CUS00591,2,EMP0035,Fawry,Completed,1204,580
ORD0007010,13/07/2022,20220713,CUS02043,10,EMP0159,Credit Card,Completed,1560,1040
ORD0004313,14/07/2022,20220714,CUS01035,3,EMP0072,  Debit Card  ,Completed,6335,5190
ORD0010860,14/07/2022,20220714,CUS01695,4,,Cash,Completed,782,460
ORD0005812,14/07/2022,20220714,CUS00481,4,EMP0086,InstaPay,Returned,300,140
ORD0004831,14/07/2022,20220714,CUS01733,2,EMP0052,Debit Card,Completed,1440,880
ORD0004500,14/07/2022,20220714,CUS01739,7,EMP0136,Fawry,Completed,684,350
ORD0006250,14/07/2022,20220714,CUS00251,3,EMP0063,  Credit Card  ,Completed,2628,1370
ORD0004903,14/07/2022,20220714,CUS01642,3,EMP0055,Vodafone Cash,Completed,5909,5420
ORD0002289,15/07/2022,20220715,CUS02517,1,EMP0005,Cash,Completed,1356,710
ORD0010057,15/07/2022,20220715,CUS01438,3,EMP0056,Vodafone Cash,Completed,44800,35600
ORD0007024,15/07/2022,20220715,CUS00347,1,EMP0027,InstaPay,Returned,480,230
ORD0010305,15/07/2022,20220715,CUS00857,6,EMP0120,Debit Card,Completed,2877,1450
ORD0011465,15/07/2022,20220715,CUS00632,15,EMP0214,Vodafone Cash,Completed,2958,1520
ORD0003801,15/07/2022,20220715,CUS02951,1,EMP0026,Credit Card,Completed,982,530
ORD0005689,15/07/2022,20220715,CUS01507,2,EMP0042,Fawry,Completed,544,320
ORD0010628,15/07/2022,20220715,CUS01967,1,EMP0020,Credit Card,Completed,342,180
ORD0005254,15/07/2022,20220715,CUS02539,6,EMP0120,Cash,Completed,4317,2400
ORD0007150,15/07/2022,20220715,CUS00950,4,EMP0092,Cash,Completed,1603,740
ORD0001391,15/07/2022,20220715,CUS00497,2,EMP0036,Vodafone Cash,Completed,1309,780
ORD0010676,15/07/2022,20220715,CUS02457,6,EMP0124,Cash,Completed,1180,580
ORD0009086,15/07/2022,20220715,CUS01264,3,EMP0058,  Debit Card  ,Completed,456,220
ORD0008481,16/07/2022,20220716,CUS00205,6,EMP0120,  Debit Card  ,Returned,502,270
ORD0011613,16/07/2022,20220716,CUS01198,8,EMP0138,  Cash  ,Completed,12286,10370
ORD0004783,16/07/2022,20220716,CUS01525,12,EMP0180,InstaPay,Completed,350,170
ORD0009126,16/07/2022,20220716,CUS00509,13,EMP0190,Vodafone Cash,Completed,45170,39230
ORD0010235,16/07/2022,20220716,CUS02353,8,EMP0139,Vodafone Cash,Completed,1050,580
ORD0001564,16/07/2022,20220716,CUS01616,1,EMP0026,Fawry,Completed,22017,19200
ORD0003364,16/07/2022,20220716,CUS00270,4,EMP0093,Cash,Completed,2636.5,1440
ORD0001029,16/07/2022,20220716,CUS00824,9,EMP0149,Vodafone Cash,Completed,142.5,70
ORD0006151,16/07/2022,20220716,CUS00691,5,EMP0102,Debit Card,Completed,1517,840
ORD0001993,17/07/2022,20220717,CUS00260,3,EMP0067,Debit Card,Completed,28560,24930
ORD0007076,17/07/2022,20220717,CUS00661,3,EMP0069,Fawry,Returned,720,360
ORD0001456,17/07/2022,20220717,CUS00721,1,EMP0006,Fawry,Completed,362.5,200
ORD0008277,17/07/2022,20220717,CUS01685,3,,Vodafone Cash,Completed,570,280
ORD0003584,17/07/2022,20220717,CUS01401,1,EMP0012,Fawry,Completed,2334,1180
ORD0004225,17/07/2022,20220717,CUS02227,13,EMP0185,InstaPay,Completed,592,360
ORD0010309,17/07/2022,20220717,CUS00651,14,EMP0196,InstaPay,Completed,1762,940
ORD0011313,17/07/2022,20220717,CUS00794,7,EMP0130,  Cash  ,Completed,904,520
ORD0010711,18/07/2022,20220718,CUS02435,4,EMP0091,Vodafone Cash,Returned,29116,24350
ORD0000044,18/07/2022,20220718,CUS02507,4,EMP0084,Vodafone Cash,Completed,1848,980
ORD0000788,18/07/2022,20220718,CUS00133,4,EMP0090,Vodafone Cash,Completed,1333.5,720
ORD0002774,18/07/2022,20220718,CUS02272,9,EMP0147,Cash,Completed,817,420
ORD0008794,18/07/2022,20220718,CUS00825,2,EMP0039,Debit Card,Completed,1730,860
ORD0008170,18/07/2022,20220718,CUS00952,1,EMP0016,Debit Card,Completed,549,300
ORD0011484,18/07/2022,20220718,CUS02593,4,EMP0086,Credit Card,Completed,1232,660
ORD0006036,18/07/2022,20220718,CUS01401,9,EMP0147,Debit Card,Completed,280,140
ORD0000926,18/07/2022,20220718,CUS01578,1,,Vodafone Cash,Completed,144,70
ORD0000257,18/07/2022,20220718,CUS02032,8,EMP0139,Vodafone Cash,Completed,300,120
ORD0003255,18/07/2022,20220718,CUS02668,4,EMP0092,Debit Card,Completed,28785,24300
ORD0001212,19/07/2022,20220719,CUS00165,6,EMP0123,Cash,Returned,360,210
ORD0006836,19/07/2022,20220719,CUS01493,1,EMP0004,InstaPay,Completed,1702,920
ORD0002993,19/07/2022,20220719,CUS01020,4,EMP0081,Vodafone Cash,Cancelled,1759,870
ORD0001357,19/07/2022,20220719,CUS00561,2,EMP0044,Debit Card,Completed,6575,5150
ORD0007147,19/07/2022,20220719,CUS00220,10,EMP0162,Debit Card,Cancelled,39740,31570
ORD0000840,19/07/2022,20220719,CUS01060,8,EMP0140,InstaPay,Completed,150,70
ORD0000869,19/07/2022,20220719,CUS02747,7,EMP0128,Credit Card,Completed,270,130
ORD0004755,19/07/2022,20220719,CUS02354,2,EMP0048,Credit Card,Completed,890,870
ORD0007204,19/07/2022,20220719,CUS02139,3,EMP0063,  Cash  ,Completed,171,90
ORD0000832,19/07/2022,20220719,CUS01159,11,EMP0168,Cash,Returned,336,210
ORD0010763,19/07/2022,20220719,CUS01873,1,EMP0028,Vodafone Cash,Completed,180.5,90
ORD0001824,20/07/2022,20220720,CUS01524,4,EMP0091,  Credit Card  ,Completed,1769,990
ORD0007779,20/07/2022,20220720,CUS00147,11,EMP0172,Fawry,Completed,144.5,80
ORD0000336,20/07/2022,20220720,CUS00880,10,EMP0162,Debit Card,Returned,2135,1180
ORD0002603,20/07/2022,20220720,CUS02293,1,EMP0015,Debit Card,Completed,420,210
ORD0008565,20/07/2022,20220720,CUS00501,11,EMP0169,Vodafone Cash,Completed,13362,10590
ORD0003250,20/07/2022,20220720,CUS02434,1,EMP0016,InstaPay,Completed,453,230
ORD0005612,20/07/2022,20220720,CUS01314,13,EMP0188,Fawry,Completed,200,100
ORD0004880,20/07/2022,20220720,CUS00342,1,EMP0013,Debit Card,Completed,8322,6600
ORD0007014,20/07/2022,20220720,CUS00766,3,EMP0069,Credit Card,Completed,880,440
ORD0000983,20/07/2022,20220720,CUS01017,2,,Vodafone Cash,Completed,216,120
ORD0010307,20/07/2022,20220720,CUS00126,5,EMP0103,Credit Card,Completed,7800,6910
ORD0007213,20/07/2022,20220720,CUS01401,1,EMP0003,Fawry,Completed,285,140
ORD0001103,21/07/2022,20220721,CUS00709,5,EMP0105,Vodafone Cash,Completed,67.5,40
ORD0002582,21/07/2022,20220721,CUS00318,3,EMP0074,Debit Card,Completed,3688,1930
ORD0009620,21/07/2022,20220721,CUS00433,7,EMP0133,  Credit Card  ,Completed,17240,16200
ORD0002637,21/07/2022,20220721,CUS02270,6,EMP0122,InstaPay,Completed,656.5,330
ORD0002265,21/07/2022,20220721,CUS02109,15,EMP0205,Fawry,Cancelled,2235,1080
ORD0000950,21/07/2022,20220721,CUS02900,2,EMP0033,Cash,Completed,680,310
ORD0005368,21/07/2022,20220721,CUS00797,10,EMP0163,Credit Card,Completed,2200,1700
ORD0002108,21/07/2022,20220721,CUS01665,1,EMP0025,Fawry,Completed,2482.5,2090
ORD0001849,21/07/2022,20220721,CUS02031,10,EMP0159,  Debit Card  ,Completed,24199.5,19300
ORD0009051,21/07/2022,20220721,CUS01687,3,EMP0062,  Debit Card  ,Completed,352,200
ORD0003639,21/07/2022,20220721,CUS01535,1,EMP0016,Debit Card,Completed,243,120
ORD0005846,21/07/2022,20220721,CUS02431,9,EMP0148,Vodafone Cash,Completed,2564,1450
ORD0001336,22/07/2022,20220722,CUS01823,1,EMP0004,Fawry,Returned,432,230
ORD0001602,22/07/2022,20220722,CUS00994,10,EMP0154,Debit Card,Completed,304,140
ORD0010253,22/07/2022,20220722,CUS02771,3,EMP0072,Fawry,Returned,720,340
ORD0005357,22/07/2022,20220722,CUS02878,3,EMP0077,  Debit Card  ,Completed,2763.5,1420
ORD0009756,22/07/2022,20220722,CUS02215,11,EMP0173,InstaPay,Completed,925,920
ORD0005349,22/07/2022,20220722,CUS00092,4,EMP0080,Credit Card,Completed,1510,740
ORD0008444,22/07/2022,20220722,CUS01639,4,EMP0085,  Debit Card  ,Completed,24230,21270
ORD0000225,22/07/2022,20220722,CUS00738,2,EMP0049,Vodafone Cash,Completed,936,480
ORD0005146,22/07/2022,20220722,CUS01670,1,EMP0008,Credit Card,Completed,1205,630
ORD0008614,22/07/2022,20220722,CUS02281,14,EMP0200,Debit Card,Completed,2244,1300
ORD0002362,22/07/2022,20220722,CUS02563,2,EMP0037,Vodafone Cash,Completed,392,230
ORD0004596,23/07/2022,20220723,CUS01258,15,EMP0211,Vodafone Cash,Cancelled,1216,880
ORD0004490,23/07/2022,20220723,CUS00117,11,EMP0166,Debit Card,Completed,10900,8700
ORD0000193,23/07/2022,20220723,CUS02824,14,EMP0194,Credit Card,Completed,1500,740
ORD0003984,23/07/2022,20220723,CUS02350,11,EMP0168,InstaPay,Completed,90,40
ORD0003877,23/07/2022,20220723,CUS01075,2,EMP0054,Fawry,Completed,1525.5,770
ORD0009797,23/07/2022,20220723,CUS00958,11,EMP0171,Cash,Completed,576,280
ORD0003676,23/07/2022,20220723,CUS00835,12,EMP0179,Fawry,Completed,480,210
ORD0005874,23/07/2022,20220723,CUS00615,1,EMP0026,Fawry,Returned,160,70
ORD0000392,23/07/2022,20220723,CUS00013,13,EMP0187,  Cash  ,Completed,300,140
ORD0004674,23/07/2022,20220723,CUS02264,5,EMP0111,  InstaPay  ,Completed,240,140
ORD0009385,24/07/2022,20220724,CUS01571,4,EMP0082,Fawry,Completed,3720,2080
ORD0000974,24/07/2022,20220724,CUS01120,8,EMP0143,Vodafone Cash,Completed,1032,540
ORD0009833,24/07/2022,20220724,CUS01855,3,EMP0062,Cash,Returned,3300,1620
ORD0000089,24/07/2022,20220724,CUS02249,6,EMP0125,  Debit Card  ,Completed,945,620
ORD0005405,24/07/2022,20220724,CUS00461,4,,Vodafone Cash,Completed,342,160
ORD0000315,24/07/2022,20220724,CUS01745,2,EMP0053,  Cash  ,Cancelled,1425,720
ORD0008405,24/07/2022,20220724,CUS02500,11,EMP0171,Fawry,Completed,742,370
ORD0010836,24/07/2022,20220724,CUS00663,7,EMP0129,  Fawry  ,Cancelled,1360,650
ORD0004535,24/07/2022,20220724,CUS00665,11,EMP0172,InstaPay,Returned,38766,30540
ORD0005999,25/07/2022,20220725,CUS00029,1,EMP0004,Fawry,Completed,1760,1240
ORD0011764,25/07/2022,20220725,CUS00326,4,EMP0082,Credit Card,Completed,430,210
ORD0003958,25/07/2022,20220725,CUS00900,8,EMP0141,InstaPay,Completed,800,360
ORD0004105,25/07/2022,20220725,CUS02520,2,EMP0035,Credit Card,Completed,1062,560
ORD0004537,25/07/2022,20220725,CUS01295,10,EMP0162,Vodafone Cash,Completed,126,70
ORD0005887,25/07/2022,20220725,CUS02574,9,EMP0149,Fawry,Cancelled,600,300
ORD0004185,25/07/2022,20220725,CUS02950,2,EMP0049,Cash,Completed,216,120
ORD0011189,25/07/2022,20220725,CUS02934,3,EMP0063,Credit Card,Completed,6140,5690
ORD0007896,25/07/2022,20220725,CUS00656,2,,Debit Card,Completed,987,530
ORD0007626,26/07/2022,20220726,CUS00611,7,EMP0131,InstaPay,Completed,112,70
ORD0005077,26/07/2022,20220726,CUS02619,6,EMP0119,Cash,Completed,1255,640
ORD0005845,26/07/2022,20220726,CUS01669,1,EMP0026,Fawry,Completed,430,210
ORD0008963,26/07/2022,20220726,CUS00558,3,EMP0059,Credit Card,Completed,1852,1060
ORD0004845,26/07/2022,20220726,CUS00202,11,,Vodafone Cash,Completed,2244,1200
ORD0009750,26/07/2022,20220726,CUS00449,3,EMP0067,InstaPay,Completed,38340,35440
ORD0001645,26/07/2022,20220726,CUS00576,8,EMP0142,Vodafone Cash,Completed,2851.5,1510
ORD0011101,26/07/2022,20220726,CUS00193,8,EMP0137,Debit Card,Completed,3200,3200
ORD0003979,26/07/2022,20220726,CUS00510,10,EMP0158,InstaPay,Completed,199.5,100
ORD0000705,27/07/2022,20220727,CUS02333,14,EMP0199,Vodafone Cash,Completed,152,70
ORD0004060,27/07/2022,20220727,CUS00042,13,EMP0189,Debit Card,Completed,872.5,470
ORD0008589,27/07/2022,20220727,CUS02607,10,EMP0154,InstaPay,Completed,8729.5,7700
ORD0008793,27/07/2022,20220727,CUS01035,15,EMP0213,Credit Card,Completed,596,340
ORD0003911,27/07/2022,20220727,CUS00714,4,EMP0079,Fawry,Completed,760,380
ORD0003157,27/07/2022,20220727,CUS02709,10,EMP0159,Debit Card,Completed,5320,4500
ORD0000833,27/07/2022,20220727,CUS00905,11,EMP0166,Debit Card,Completed,18500,14800
ORD0010022,27/07/2022,20220727,CUS01767,12,EMP0178,Credit Card,Completed,2346,1270
ORD0009411,27/07/2022,20220727,CUS01398,7,EMP0134,Fawry,Completed,228,110
ORD0002567,27/07/2022,20220727,CUS02390,8,EMP0140,Debit Card,Completed,1272.5,690
ORD0008825,27/07/2022,20220727,CUS01717,11,EMP0167,Cash,Completed,10000,8000
ORD0002909,28/07/2022,20220728,CUS01189,2,EMP0029,Fawry,Completed,5600,4500
ORD0005088,28/07/2022,20220728,CUS01986,9,EMP0146,  Debit Card  ,Completed,357,200
ORD0008128,28/07/2022,20220728,CUS02463,4,EMP0080,Cash,Completed,17975,18700
ORD0000657,28/07/2022,20220728,CUS00070,3,EMP0068,  Fawry  ,Completed,852,420
ORD0010985,28/07/2022,20220728,CUS01815,14,EMP0196,Cash,Completed,170,80
ORD0000395,28/07/2022,20220728,CUS00816,13,EMP0191,InstaPay,Completed,2748,1560
ORD0004330,28/07/2022,20220728,CUS01441,6,EMP0114,  Cash  ,Completed,2563.5,1400
ORD0005168,28/07/2022,20220728,CUS02028,8,EMP0139,Cash,Completed,760.5,430
ORD0011150,28/07/2022,20220728,CUS02439,2,EMP0045,Cash,Completed,360,230
ORD0006123,28/07/2022,20220728,CUS00633,7,EMP0130,Fawry,Completed,1740,850
ORD0003269,28/07/2022,20220728,CUS02472,3,EMP0064,Fawry,Completed,1223,610
ORD0009861,28/07/2022,20220728,CUS01237,3,EMP0060,Vodafone Cash,Completed,19080,16660
ORD0011972,28/07/2022,20220728,CUS01098,5,EMP0108,InstaPay,Completed,950,460
ORD0006946,28/07/2022,20220728,CUS02277,2,EMP0052,Fawry,Completed,100,40
ORD0007323,29/07/2022,20220729,CUS00142,14,EMP0197,Vodafone Cash,Completed,3514,1760
ORD0011705,29/07/2022,20220729,CUS02268,13,EMP0191,Cash,Completed,1137,590
ORD0009862,29/07/2022,20220729,CUS01976,14,EMP0203,InstaPay,Completed,31108,25130
ORD0011784,29/07/2022,20220729,CUS02368,6,EMP0123,  Credit Card  ,Returned,8455,7100
ORD0002573,29/07/2022,20220729,CUS02240,11,EMP0166,Cash,Completed,7600,6400
ORD0009838,29/07/2022,20220729,CUS01505,4,,InstaPay,Completed,26947,21260
ORD0007533,29/07/2022,20220729,CUS02403,14,EMP0194,Credit Card,Completed,468,260
ORD0009655,29/07/2022,20220729,CUS02029,3,EMP0077,Debit Card,Completed,260,130
ORD0004056,29/07/2022,20220729,CUS02164,1,EMP0018,Fawry,Completed,120,70
ORD0007403,29/07/2022,20220729,CUS01226,2,EMP0049,Fawry,Completed,304,140
ORD0000007,29/07/2022,20220729,CUS02742,13,EMP0187,Credit Card,Completed,29610,26300
ORD0004723,29/07/2022,20220729,CUS00420,1,EMP0027,Vodafone Cash,Completed,840,470
ORD0001878,29/07/2022,20220729,CUS00889,8,EMP0144,InstaPay,Completed,588,330
ORD0001004,30/07/2022,20220730,CUS02630,2,EMP0031,Fawry,Completed,41751,40870
ORD0009889,30/07/2022,20220730,CUS01182,14,EMP0203,Credit Card,Completed,6700,5320
ORD0005539,30/07/2022,20220730,CUS02430,4,EMP0081,Credit Card,Completed,680,380
ORD0008349,30/07/2022,20220730,CUS00272,2,EMP0047,Cash,Completed,1160,590
ORD0007402,30/07/2022,20220730,CUS01443,3,EMP0064,Debit Card,Completed,13961.5,10030
ORD0010796,30/07/2022,20220730,CUS01702,12,EMP0179,Vodafone Cash,Completed,1074,530
ORD0005963,30/07/2022,20220730,CUS00622,4,EMP0081,Debit Card,Returned,640,350
ORD0002360,30/07/2022,20220730,CUS00938,5,EMP0110,Vodafone Cash,Completed,483,270
ORD0005413,30/07/2022,20220730,CUS00426,3,EMP0071,  Cash  ,Completed,441,220
ORD0006879,31/07/2022,20220731,CUS00277,9,EMP0147,  InstaPay  ,Completed,6100,4900
ORD0005006,31/07/2022,20220731,CUS01171,3,EMP0062,Vodafone Cash,Completed,9760,9800
ORD0004959,31/07/2022,20220731,CUS01928,2,EMP0035,InstaPay,Completed,161.5,80
ORD0009933,31/07/2022,20220731,CUS00431,5,EMP0098,Debit Card,Completed,2000,1600
ORD0005316,31/07/2022,20220731,CUS00398,3,EMP0061,Fawry,Completed,1400,680
ORD0002133,31/07/2022,20220731,CUS01919,1,EMP0018,Credit Card,Completed,405,260
ORD0008253,31/07/2022,20220731,CUS02671,13,EMP0190,  Credit Card  ,Completed,1200,600
ORD0003438,31/07/2022,20220731,CUS02643,1,EMP0016,Credit Card,Completed,1470.5,720
ORD0008688,31/07/2022,20220731,CUS01224,9,EMP0145,Credit Card,Completed,935,460
ORD0001454,31/07/2022,20220731,CUS02799,11,EMP0172,Debit Card,Completed,1250,590
ORD0005677,31/07/2022,20220731,CUS02282,2,EMP0036,Cash,Completed,144,80
ORD0003910,31/07/2022,20220731,CUS02530,5,EMP0101,Credit Card,Completed,3744,3270
ORD0010723,31/07/2022,20220731,CUS01566,2,EMP0049,Fawry,Completed,462,220
ORD0004703,31/07/2022,20220731,CUS00907,7,EMP0128,Cash,Completed,600,300
ORD0007657,01/08/2022,20220801,CUS01399,4,EMP0086,InstaPay,Completed,8306.5,6560
ORD0000091,01/08/2022,20220801,CUS01290,4,,Cash,Completed,378,200
ORD0003848,01/08/2022,20220801,CUS01462,4,EMP0093,  Vodafone Cash  ,Completed,705.5,410
ORD0011631,01/08/2022,20220801,CUS00719,12,EMP0175,InstaPay,Completed,1788.5,950
ORD0009182,01/08/2022,20220801,CUS01994,12,EMP0175,Debit Card,Completed,320,140
ORD0003038,01/08/2022,20220801,CUS00011,12,EMP0184,Fawry,Completed,100,40
ORD0000249,01/08/2022,20220801,CUS00574,12,EMP0178,Credit Card,Completed,666,360
ORD0003750,01/08/2022,20220801,CUS02319,4,EMP0083,Fawry,Completed,228,120
ORD0006980,01/08/2022,20220801,CUS01417,7,EMP0129,Fawry,Completed,1677,890
ORD0008920,01/08/2022,20220801,CUS00848,12,EMP0180,  Fawry  ,Completed,1140,580
ORD0003769,01/08/2022,20220801,CUS00041,12,EMP0179,Fawry,Completed,606.5,340
ORD0010965,01/08/2022,20220801,CUS00736,10,EMP0160,Vodafone Cash,Cancelled,405.5,200
ORD0005402,01/08/2022,20220801,CUS02793,14,EMP0195,Debit Card,Completed,260,130
ORD0003802,01/08/2022,20220801,CUS02544,1,EMP0009,  InstaPay  ,Returned,49106,39370
ORD0004331,01/08/2022,20220801,CUS02847,2,EMP0049,InstaPay,Completed,864,460
ORD0011954,01/08/2022,20220801,CUS01789,3,EMP0069,Cash,Completed,503.5,260
ORD0010495,01/08/2022,20220801,CUS00501,8,EMP0137,InstaPay,Completed,510,300
ORD0010504,01/08/2022,20220801,CUS01870,1,EMP0008,Credit Card,Completed,2598.5,1320
ORD0011718,02/08/2022,20220802,CUS01020,13,EMP0187,Debit Card,Completed,11360,8970
ORD0006960,02/08/2022,20220802,CUS02782,2,EMP0040,InstaPay,Completed,1171.5,660
ORD0009579,02/08/2022,20220802,CUS01537,4,EMP0085,InstaPay,Completed,2295,1260
ORD0007708,02/08/2022,20220802,CUS01497,5,EMP0106,InstaPay,Returned,1256,690
ORD0010978,02/08/2022,20220802,CUS01629,3,EMP0070,Credit Card,Completed,800,360
ORD0002829,02/08/2022,20220802,CUS00012,3,EMP0072,Fawry,Completed,530,250
ORD0003542,02/08/2022,20220802,CUS02436,11,EMP0166,  Fawry  ,Completed,401,210
ORD0000848,02/08/2022,20220802,CUS01434,6,EMP0115,Cash,Returned,1672,960
ORD0002711,02/08/2022,20220802,CUS01741,2,EMP0039,Fawry,Completed,123.5,60
ORD0005679,03/08/2022,20220803,CUS01809,5,EMP0104,Fawry,Returned,13360,10580
ORD0007755,03/08/2022,20220803,CUS02365,2,EMP0049,Cash,Completed,240,120
ORD0003930,03/08/2022,20220803,CUS02518,7,,Cash,Completed,5900,4700
ORD0000406,03/08/2022,20220803,CUS01073,11,EMP0167,Cash,Completed,345.5,180
ORD0008666,03/08/2022,20220803,CUS02488,3,EMP0069,InstaPay,Completed,180,90
ORD0008557,03/08/2022,20220803,CUS01882,12,EMP0181,  Cash  ,Completed,1670,910
ORD0001253,03/08/2022,20220803,CUS00411,3,EMP0057,Credit Card,Completed,1776,930
ORD0006146,03/08/2022,20220803,CUS02654,4,EMP0086,Fawry,Completed,558,300
ORD0002399,03/08/2022,20220803,CUS02787,4,EMP0092,Credit Card,Completed,1735,960
ORD0009208,03/08/2022,20220803,CUS01329,6,EMP0126,  Vodafone Cash  ,Completed,373,180
ORD0003688,03/08/2022,20220803,CUS00693,3,EMP0060,  Vodafone Cash  ,Completed,1609,800
ORD0000287,03/08/2022,20220803,CUS01623,4,EMP0090,  Cash  ,Completed,8120,6000
ORD0008886,03/08/2022,20220803,CUS00565,1,EMP0017,InstaPay,Cancelled,493,280
ORD0008924,03/08/2022,20220803,CUS02975,15,,  Vodafone Cash  ,Completed,72,40
ORD0008478,04/08/2022,20220804,CUS00211,9,EMP0146,Debit Card,Completed,1421,850
ORD0004231,04/08/2022,20220804,CUS01629,1,EMP0006,InstaPay,Completed,310,150
ORD0011983,04/08/2022,20220804,CUS00277,15,EMP0207,Fawry,Completed,1870,930
ORD0004526,04/08/2022,20220804,CUS01463,6,EMP0119,InstaPay,Returned,980,480
ORD0007365,04/08/2022,20220804,CUS00865,1,EMP0019,InstaPay,Completed,382,200
ORD0009660,04/08/2022,20220804,CUS01393,11,EMP0170,  Cash  ,Completed,600,300
ORD0011039,04/08/2022,20220804,CUS00442,5,EMP0112,Credit Card,Completed,41814,36450
ORD0001526,04/08/2022,20220804,CUS01547,4,EMP0090,Credit Card,Completed,33472.5,29680
ORD0009945,04/08/2022,20220804,CUS02698,2,EMP0033,InstaPay,Completed,445,190
ORD0005524,04/08/2022,20220804,CUS02563,4,EMP0079,Debit Card,Returned,684,360
ORD0010587,04/08/2022,20220804,CUS00091,14,EMP0196,  Fawry  ,Completed,1002,500
ORD0001653,04/08/2022,20220804,CUS00652,5,EMP0095,Cash,Returned,1532,820
ORD0009549,04/08/2022,20220804,CUS01916,7,EMP0136,Vodafone Cash,Completed,1690,890
ORD0000596,04/08/2022,20220804,CUS01236,7,EMP0136,Debit Card,Completed,136,80
ORD0005007,04/08/2022,20220804,CUS01734,10,EMP0159,InstaPay,Completed,144,70
ORD0008760,04/08/2022,20220804,CUS02881,5,EMP0101,Cash,Completed,1066,560
ORD0006600,04/08/2022,20220804,CUS00636,4,EMP0086,  InstaPay  ,Completed,1416,690
ORD0005431,05/08/2022,20220805,CUS01254,2,EMP0042,Fawry,Completed,600,280
ORD0011863,05/08/2022,20220805,CUS01402,1,EMP0009,Vodafone Cash,Completed,2368.5,1230
ORD0007132,05/08/2022,20220805,CUS02891,2,EMP0032,Cash,Completed,321,160
ORD0009883,05/08/2022,20220805,CUS00334,5,EMP0112,Debit Card,Completed,16861,13540
ORD0008950,05/08/2022,20220805,CUS01706,9,EMP0150,Credit Card,Completed,40544,32000
ORD0009968,05/08/2022,20220805,CUS01000,9,EMP0145,Cash,Completed,900,440
ORD0011859,05/08/2022,20220805,CUS00993,6,EMP0115,Credit Card,Completed,13970,10580
ORD0007464,05/08/2022,20220805,CUS01939,13,EMP0188,Cash,Completed,1490,720
ORD0002679,05/08/2022,20220805,CUS00920,8,EMP0143,  Debit Card  ,Completed,240,120
ORD0008758,05/08/2022,20220805,CUS02087,11,EMP0166,Vodafone Cash,Completed,4330,4160
ORD0002655,05/08/2022,20220805,CUS00320,1,EMP0003,  Vodafone Cash  ,Completed,570,270
ORD0006731,06/08/2022,20220806,CUS01438,1,EMP0021,Vodafone Cash,Completed,216,120
ORD0007653,06/08/2022,20220806,CUS01265,12,EMP0177,InstaPay,Completed,304,160
ORD0003762,06/08/2022,20220806,CUS02784,2,EMP0037,Vodafone Cash,Completed,1040,500
ORD0007283,06/08/2022,20220806,CUS01390,13,EMP0192,InstaPay,Completed,304,160
ORD0009268,06/08/2022,20220806,CUS01380,3,EMP0077,Vodafone Cash,Completed,304.5,180
ORD0003023,06/08/2022,20220806,CUS02135,12,EMP0181,Fawry,Completed,8900,7100
ORD0002274,06/08/2022,20220806,CUS00406,10,EMP0157,Cash,Completed,1040,520
ORD0003673,06/08/2022,20220806,CUS00054,2,EMP0052,Debit Card,Completed,391,220
ORD0008069,06/08/2022,20220806,CUS02923,5,EMP0110,Cash,Completed,2075,1260
ORD0005245,06/08/2022,20220806,CUS02224,3,EMP0061,Cash,Completed,55500,44400
ORD0000624,06/08/2022,20220806,CUS02895,12,EMP0182,Credit Card,Completed,1269,690
ORD0006313,06/08/2022,20220806,CUS00304,8,EMP0140,Debit Card,Completed,1800,1600
ORD0003135,07/08/2022,20220807,CUS02330,1,,  InstaPay  ,Returned,501.5,290
ORD0010192,07/08/2022,20220807,CUS02410,3,EMP0055,InstaPay,Completed,2284,1130
ORD0009823,07/08/2022,20220807,CUS00380,2,EMP0044,  Vodafone Cash  ,Completed,680,340
ORD0010067,07/08/2022,20220807,CUS02174,6,EMP0118,Credit Card,Completed,990,480
ORD0011423,07/08/2022,20220807,CUS02293,7,EMP0128,InstaPay,Completed,2422.5,1260
ORD0002146,07/08/2022,20220807,CUS01864,12,EMP0176,  Fawry  ,Completed,270,120
ORD0010536,07/08/2022,20220807,CUS02357,2,EMP0043,  InstaPay  ,Completed,20044,18480
ORD0005322,07/08/2022,20220807,CUS02247,8,EMP0141,Credit Card,Completed,2222,1160
ORD0011473,07/08/2022,20220807,CUS00989,1,EMP0002,Credit Card,Completed,408.5,210
ORD0011187,07/08/2022,20220807,CUS00320,4,EMP0086,  Debit Card  ,Completed,170,80
ORD0003543,07/08/2022,20220807,CUS00377,14,EMP0196,Vodafone Cash,Completed,240,120
ORD0009700,07/08/2022,20220807,CUS01708,1,EMP0021,Cash,Completed,756,420
ORD0006293,07/08/2022,20220807,CUS02607,5,EMP0100,Debit Card,Completed,150,70
ORD0000751,08/08/2022,20220808,CUS02936,13,EMP0185,Fawry,Completed,698,350
ORD0005880,08/08/2022,20220808,CUS01649,2,EMP0041,Vodafone Cash,Completed,3672,2040
ORD0005416,08/08/2022,20220808,CUS01678,1,EMP0018,Cash,Completed,462,230
ORD0001222,08/08/2022,20220808,CUS01245,6,EMP0116,Cash,Completed,428,200
ORD0011256,08/08/2022,20220808,CUS01515,13,EMP0188,Cash,Completed,1225.5,640
ORD0002730,08/08/2022,20220808,CUS00101,13,EMP0188,Credit Card,Completed,2837.5,1770
ORD0004386,08/08/2022,20220808,CUS00431,3,,Credit Card,Completed,540,300
ORD0008187,08/08/2022,20220808,CUS02854,1,EMP0028,  Vodafone Cash  ,Completed,399,210
ORD0007595,08/08/2022,20220808,CUS01546,12,EMP0177,  Credit Card  ,Completed,2726,1380
ORD0008972,09/08/2022,20220809,CUS00586,3,EMP0064,InstaPay,Completed,20045,16010
ORD0001060,09/08/2022,20220809,CUS02997,15,EMP0210,  Credit Card  ,Completed,1269,700
ORD0007573,09/08/2022,20220809,CUS01402,3,EMP0073,Debit Card,Cancelled,168,100
ORD0006306,09/08/2022,20220809,CUS00167,2,EMP0049,InstaPay,Returned,333,180
ORD0005221,09/08/2022,20220809,CUS02191,12,EMP0174,Fawry,Completed,1102,550
ORD0009554,09/08/2022,20220809,CUS00131,7,EMP0132,InstaPay,Completed,7244.5,6830
ORD0000902,09/08/2022,20220809,CUS02078,3,EMP0060,Credit Card,Completed,405,220
ORD0006588,09/08/2022,20220809,CUS02428,4,EMP0082,  Fawry  ,Completed,418.5,230
ORD0010724,09/08/2022,20220809,CUS02430,2,EMP0030,Fawry,Completed,3740,1880
ORD0004743,09/08/2022,20220809,CUS00726,9,EMP0150,Debit Card,Completed,1000,800
ORD0009832,09/08/2022,20220809,CUS02379,2,EMP0049,Vodafone Cash,Returned,405,210
ORD0004520,09/08/2022,20220809,CUS00476,1,EMP0002,Vodafone Cash,Completed,189,100
ORD0008065,10/08/2022,20220810,CUS02772,1,EMP0014,Credit Card,Completed,171,90
ORD0002066,10/08/2022,20220810,CUS01659,1,EMP0028,Debit Card,Completed,10246,8670
ORD0008448,10/08/2022,20220810,CUS01284,4,EMP0084,InstaPay,Completed,1023,530
ORD0004139,10/08/2022,20220810,CUS01660,7,EMP0132,InstaPay,Completed,350,170
ORD0004069,10/08/2022,20220810,CUS02198,2,EMP0042,Cash,Completed,810,380
ORD0010699,10/08/2022,20220810,CUS01056,2,EMP0033,Cash,Completed,1688,1340
ORD0009611,10/08/2022,20220810,CUS00221,3,EMP0071,Debit Card,Completed,290,140
ORD0001369,10/08/2022,20220810,CUS02214,2,EMP0036,Debit Card,Completed,13950,14900
ORD0005515,10/08/2022,20220810,CUS01373,3,EMP0055,Credit Card,Completed,480,240
ORD0003161,10/08/2022,20220810,CUS01900,2,EMP0036,Cash,Completed,1781.5,880
ORD0011213,10/08/2022,20220810,CUS00568,3,EMP0060,Debit Card,Completed,957,490
ORD0011453,10/08/2022,20220810,CUS01038,4,EMP0079,  Debit Card  ,Completed,15000,12000
ORD0001980,10/08/2022,20220810,CUS01130,1,EMP0017,Cash,Completed,830,410
ORD0005645,10/08/2022,20220810,CUS02921,5,EMP0106,Debit Card,Completed,120,70
ORD0000726,10/08/2022,20220810,CUS02054,13,EMP0189,Credit Card,Completed,2736,1400
ORD0010615,10/08/2022,20220810,CUS02283,5,EMP0098,Fawry,Completed,567,310
ORD0001169,10/08/2022,20220810,CUS01489,3,EMP0073,Vodafone Cash,Completed,669,340
ORD0002135,10/08/2022,20220810,CUS00199,14,EMP0199,Debit Card,Completed,3240,2800
ORD0008393,11/08/2022,20220811,CUS00177,7,EMP0130,InstaPay,Completed,5566,4440
ORD0003652,11/08/2022,20220811,CUS02855,12,EMP0175,Fawry,Completed,1754.5,900
ORD0004654,11/08/2022,20220811,CUS02963,11,EMP0165,Vodafone Cash,Completed,499,320
ORD0005319,11/08/2022,20220811,CUS02846,12,EMP0181,Fawry,Completed,5490,4900
ORD0009011,11/08/2022,20220811,CUS01123,14,EMP0202,  Vodafone Cash  ,Completed,170,80
ORD0002419,11/08/2022,20220811,CUS02115,5,EMP0107,InstaPay,Completed,14384.5,11060
ORD0008590,11/08/2022,20220811,CUS00199,8,EMP0137,Credit Card,Completed,5292,4330
ORD0005342,11/08/2022,20220811,CUS01891,6,EMP0121,Debit Card,Completed,380,200
ORD0001794,11/08/2022,20220811,CUS02503,3,EMP0064,Credit Card,Completed,285,200
ORD0011390,11/08/2022,20220811,CUS00214,3,EMP0070,Debit Card,Completed,1335,680
ORD0010304,11/08/2022,20220811,CUS00877,11,EMP0166,  Cash  ,Completed,805,440
ORD0001321,11/08/2022,20220811,CUS02106,6,EMP0124,InstaPay,Completed,1088,590
ORD0001319,11/08/2022,20220811,CUS02503,4,EMP0088,Fawry,Completed,13085,12940
ORD0001425,11/08/2022,20220811,CUS01570,3,EMP0070,Debit Card,Completed,2187.5,1140
ORD0010626,11/08/2022,20220811,CUS02820,4,EMP0080,Fawry,Completed,960,510
ORD0004724,12/08/2022,20220812,CUS02340,10,EMP0163,  InstaPay  ,Completed,1553,940
ORD0000913,12/08/2022,20220812,CUS00359,1,EMP0001,  InstaPay  ,Completed,1830,890
ORD0008518,12/08/2022,20220812,CUS02429,2,EMP0035,Debit Card,Completed,31110,29400
ORD0000789,12/08/2022,20220812,CUS01410,1,EMP0001,  Credit Card  ,Completed,360,180
ORD0006995,12/08/2022,20220812,CUS02146,1,,Cash,Returned,90,40
ORD0001988,12/08/2022,20220812,CUS00465,6,,InstaPay,Completed,1529,820
ORD0007193,12/08/2022,20220812,CUS00495,1,EMP0012,Cash,Completed,948,500
ORD0005203,12/08/2022,20220812,CUS02933,14,EMP0195,Credit Card,Completed,628.5,360
ORD0003772,12/08/2022,20220812,CUS00064,12,EMP0179,  Fawry  ,Completed,768,450
ORD0006215,12/08/2022,20220812,CUS00014,1,EMP0022,InstaPay,Completed,1876,940
ORD0001614,12/08/2022,20220812,CUS01995,1,EMP0012,Cash,Completed,600,390
ORD0000998,12/08/2022,20220812,CUS00689,4,EMP0081,Debit Card,Returned,2082,1080
ORD0010050,12/08/2022,20220812,CUS03000,5,EMP0110,  Credit Card  ,Completed,204,120
ORD0011585,13/08/2022,20220813,CUS01888,10,EMP0157,  InstaPay  ,Completed,792,440
ORD0007524,13/08/2022,20220813,CUS02621,4,EMP0082,Credit Card,Completed,45111,37160
ORD0007937,13/08/2022,20220813,CUS02075,13,EMP0189,Fawry,Completed,4005.5,3010
ORD0010018,13/08/2022,20220813,CUS00852,5,EMP0096,Fawry,Completed,1258,740
ORD0000529,13/08/2022,20220813,CUS01653,14,EMP0198,Vodafone Cash,Completed,566,290
ORD0006368,13/08/2022,20220813,CUS00224,11,EMP0168,Debit Card,Completed,1260,750
ORD0008358,13/08/2022,20220813,CUS01247,13,EMP0185,Credit Card,Completed,20433,16640
ORD0006835,13/08/2022,20220813,CUS01194,1,EMP0022,Fawry,Cancelled,1737,850
ORD0005752,14/08/2022,20220814,CUS02456,2,EMP0047,InstaPay,Completed,35296.5,30000
ORD0009453,14/08/2022,20220814,CUS02158,1,EMP0012,Cash,Completed,90,50
ORD0008345,14/08/2022,20220814,CUS00809,3,EMP0071,Debit Card,Completed,1411,820
ORD0011696,14/08/2022,20220814,CUS01600,3,EMP0071,Vodafone Cash,Returned,3930,3040
ORD0004402,14/08/2022,20220814,CUS00433,8,EMP0144,  Cash  ,Completed,470,230
ORD0008730,14/08/2022,20220814,CUS00574,1,EMP0010,Credit Card,Completed,1749,870
ORD0003653,14/08/2022,20220814,CUS01757,3,EMP0058,  Cash  ,Completed,1335,790
ORD0009119,14/08/2022,20220814,CUS01439,10,EMP0160,Debit Card,Completed,12000,9600
ORD0007822,14/08/2022,20220814,CUS01964,1,EMP0003,  Fawry  ,Completed,1849,910
ORD0002193,14/08/2022,20220814,CUS01506,10,EMP0153,Cash,Completed,612,340
ORD0004065,15/08/2022,20220815,CUS00244,1,EMP0003,InstaPay,Completed,704,440
ORD0008325,15/08/2022,20220815,CUS00842,14,EMP0200,Cash,Completed,119,70
ORD0010880,15/08/2022,20220815,CUS02248,14,EMP0203,  InstaPay  ,Returned,666,360
ORD0007538,15/08/2022,20220815,CUS01595,1,EMP0021,Cash,Completed,10801.5,8670
ORD0004906,15/08/2022,20220815,CUS00634,15,EMP0215,Cash,Returned,1046.5,640
ORD0000635,15/08/2022,20220815,CUS02548,1,EMP0022,Vodafone Cash,Completed,2518.5,1260
ORD0005026,15/08/2022,20220815,CUS02945,4,EMP0081,Cash,Completed,665,350
ORD0007431,15/08/2022,20220815,CUS01230,2,EMP0046,Cash,Completed,256,160
ORD0011388,15/08/2022,20220815,CUS00485,7,EMP0133,Vodafone Cash,Cancelled,320,140
ORD0004259,16/08/2022,20220816,CUS02331,9,EMP0146,Credit Card,Completed,922.5,460
ORD0003306,16/08/2022,20220816,CUS00725,4,EMP0086,  Debit Card  ,Cancelled,600,270
ORD0006735,16/08/2022,20220816,CUS02957,10,EMP0153,Credit Card,Completed,1089,630
ORD0007774,16/08/2022,20220816,CUS02602,2,EMP0045,Cash,Returned,248,150
ORD0011710,16/08/2022,20220816,CUS01428,1,EMP0028,Credit Card,Completed,9890,10250
ORD0004977,16/08/2022,20220816,CUS02436,13,EMP0191,Debit Card,Completed,591,280
ORD0001372,16/08/2022,20220816,CUS00142,4,EMP0090,  Credit Card  ,Completed,14535,12000
ORD0011676,16/08/2022,20220816,CUS01979,1,EMP0009,Cash,Completed,606,290
ORD0006480,16/08/2022,20220816,CUS01983,1,EMP0018,Vodafone Cash,Completed,1524,780
ORD0002593,16/08/2022,20220816,CUS00955,1,EMP0020,Fawry,Completed,680,390
ORD0007069,17/08/2022,20220817,CUS01642,5,EMP0105,Vodafone Cash,Completed,2775,1590
ORD0007100,17/08/2022,20220817,CUS01079,2,EMP0039,InstaPay,Completed,272,140
ORD0004278,17/08/2022,20220817,CUS00430,1,EMP0024,Credit Card,Completed,635,310
ORD0003948,17/08/2022,20220817,CUS01743,2,EMP0045,Fawry,Returned,161.5,90
ORD0008615,17/08/2022,20220817,CUS02052,1,EMP0023,Vodafone Cash,Completed,180,80
ORD0009650,17/08/2022,20220817,CUS02004,13,EMP0190,InstaPay,Completed,3547,1840
ORD0007334,18/08/2022,20220818,CUS02619,8,EMP0138,  InstaPay  ,Completed,24138,21180
ORD0000025,18/08/2022,20220818,CUS00181,1,EMP0026,Credit Card,Completed,804,500
ORD0005748,18/08/2022,20220818,CUS00357,1,EMP0005,  InstaPay  ,Completed,180,110
ORD0009911,18/08/2022,20220818,CUS01441,5,EMP0097,Fawry,Completed,199.5,100
ORD0005446,18/08/2022,20220818,CUS00839,8,EMP0137,InstaPay,Completed,171,90
ORD0011622,18/08/2022,20220818,CUS01802,3,EMP0070,Vodafone Cash,Completed,2082,1140
ORD0004677,18/08/2022,20220818,CUS00943,10,EMP0161,  Fawry  ,Completed,1452.5,880
ORD0004493,18/08/2022,20220818,CUS02663,3,EMP0060,Credit Card,Completed,330,160
ORD0006073,18/08/2022,20220818,CUS02217,4,EMP0079,Vodafone Cash,Cancelled,655.5,330
ORD0003824,18/08/2022,20220818,CUS02656,14,EMP0199,Fawry,Returned,11920,11900
ORD0009379,18/08/2022,20220818,CUS01711,5,EMP0110,Credit Card,Completed,460,220
ORD0000681,18/08/2022,20220818,CUS01584,10,EMP0162,Cash,Completed,12000,12000
ORD0006122,18/08/2022,20220818,CUS01183,4,EMP0093,Debit Card,Completed,360,170
ORD0000143,18/08/2022,20220818,CUS02532,6,EMP0115,Cash,Completed,500,240
ORD0001655,18/08/2022,20220818,CUS02684,3,,Credit Card,Completed,520,250
ORD0001643,19/08/2022,20220819,CUS02013,12,EMP0174,  Credit Card  ,Completed,200,90
ORD0007292,19/08/2022,20220819,CUS01854,1,EMP0006,InstaPay,Completed,686,350
ORD0003434,19/08/2022,20220819,CUS02595,5,EMP0100,  Debit Card  ,Completed,400,240
ORD0005174,19/08/2022,20220819,CUS02041,3,EMP0076,Credit Card,Completed,600,500
ORD0008060,19/08/2022,20220819,CUS00495,9,EMP0147,  Credit Card  ,Completed,801,430
ORD0002693,19/08/2022,20220819,CUS02248,8,EMP0144,Vodafone Cash,Completed,2327,1270
ORD0009829,19/08/2022,20220819,CUS00461,3,EMP0059,Vodafone Cash,Cancelled,2550,1260
ORD0001194,20/08/2022,20220820,CUS00136,9,,  Cash  ,Completed,1054.5,540
ORD0006504,20/08/2022,20220820,CUS02887,13,EMP0186,Fawry,Completed,915.5,550
ORD0002550,20/08/2022,20220820,CUS00119,1,EMP0013,InstaPay,Completed,5600,4500
ORD0002452,20/08/2022,20220820,CUS00152,2,EMP0034,  Cash  ,Completed,10805,8440
ORD0002210,20/08/2022,20220820,CUS01170,2,EMP0034,Fawry,Completed,787.5,490
ORD0001440,20/08/2022,20220820,CUS02440,2,EMP0038,Fawry,Completed,961,490
ORD0010897,21/08/2022,20220821,CUS00345,6,EMP0120,Fawry,Completed,9342,8270
ORD0002227,21/08/2022,20220821,CUS01503,6,EMP0120,  Credit Card  ,Completed,367,180
ORD0008232,21/08/2022,20220821,CUS01326,6,EMP0114,Credit Card,Completed,609,340
ORD0003533,21/08/2022,20220821,CUS00318,13,EMP0187,  Vodafone Cash  ,Completed,1788,930
ORD0006394,21/08/2022,20220821,CUS02243,9,EMP0148,Credit Card,Completed,1620,810
ORD0001143,21/08/2022,20220821,CUS01819,1,EMP0020,Cash,Completed,23202,20680
ORD0006360,21/08/2022,20220821,CUS02685,8,EMP0141,  InstaPay  ,Completed,2760,1370
ORD0000828,21/08/2022,20220821,CUS00557,5,EMP0098,Credit Card,Completed,13711,10810
ORD0010845,21/08/2022,20220821,CUS00278,4,EMP0088,Cash,Cancelled,256.5,130
ORD0007995,21/08/2022,20220821,CUS01699,12,EMP0177,  Vodafone Cash  ,Completed,270,140
ORD0011912,21/08/2022,20220821,CUS00413,5,EMP0096,Cash,Completed,578,340
ORD0005907,21/08/2022,20220821,CUS00263,7,EMP0132,InstaPay,Completed,418,220
ORD0008712,21/08/2022,20220821,CUS02909,1,EMP0010,Vodafone Cash,Returned,666,360
ORD0005601,21/08/2022,20220821,CUS01972,4,EMP0084,  Fawry  ,Completed,1110,630
ORD0003333,21/08/2022,20220821,CUS02174,5,EMP0096,Debit Card,Completed,90,40
ORD0007756,21/08/2022,20220821,CUS01096,7,EMP0129,Debit Card,Completed,3441,1740
ORD0001039,21/08/2022,20220821,CUS01335,7,EMP0134,  Debit Card  ,Completed,1122,530
ORD0005862,21/08/2022,20220821,CUS02790,11,EMP0166,Fawry,Completed,1461,820
ORD0010621,22/08/2022,20220822,CUS00911,5,,Cash,Completed,140,70
ORD0009292,22/08/2022,20220822,CUS02161,4,EMP0091,Cash,Completed,16200,12450
ORD0002997,22/08/2022,20220822,CUS00791,5,EMP0102,  InstaPay  ,Completed,3508.5,1790
ORD0004631,22/08/2022,20220822,CUS02026,5,EMP0097,Vodafone Cash,Completed,216,120
ORD0004164,22/08/2022,20220822,CUS01693,8,EMP0143,InstaPay,Completed,2014,1040
ORD0001337,22/08/2022,20220822,CUS00921,6,EMP0120,Vodafone Cash,Completed,480,240
ORD0004774,22/08/2022,20220822,CUS02186,3,EMP0069,Fawry,Completed,1200,540
ORD0010353,22/08/2022,20220822,CUS00579,12,EMP0179,  Debit Card  ,Completed,37574.5,31020
ORD0001482,22/08/2022,20220822,CUS00508,4,EMP0094,Fawry,Completed,391,220
ORD0008529,22/08/2022,20220822,CUS02493,6,EMP0114,InstaPay,Completed,3298,1880
ORD0008829,22/08/2022,20220822,CUS00144,2,EMP0040,Cash,Completed,20900,21600
ORD0011672,22/08/2022,20220822,CUS02662,12,EMP0177,Fawry,Completed,224,140
ORD0002790,22/08/2022,20220822,CUS00573,2,EMP0051,InstaPay,Completed,845,400
ORD0002499,23/08/2022,20220823,CUS00437,6,EMP0118,Vodafone Cash,Completed,736,390
ORD0003740,23/08/2022,20220823,CUS01262,14,EMP0201,  InstaPay  ,Cancelled,1512,770
ORD0010697,23/08/2022,20220823,CUS02557,14,EMP0202,Cash,Completed,2277,1290
ORD0000341,23/08/2022,20220823,CUS01410,12,EMP0184,  Vodafone Cash  ,Completed,432,230
ORD0005650,23/08/2022,20220823,CUS02548,2,EMP0035,  Credit Card  ,Completed,2525,1970
ORD0010962,23/08/2022,20220823,CUS00901,6,EMP0114,InstaPay,Completed,540,280
ORD0005487,23/08/2022,20220823,CUS00004,1,EMP0009,Debit Card,Completed,1530.5,810
ORD0001888,23/08/2022,20220823,CUS02664,8,EMP0137,Cash,Returned,440,270
ORD0001123,23/08/2022,20220823,CUS00846,8,EMP0143,Fawry,Completed,133,60
ORD0006576,23/08/2022,20220823,CUS02327,3,,  Cash  ,Completed,4047,2100
ORD0005023,23/08/2022,20220823,CUS02686,11,EMP0165,Credit Card,Completed,722.5,420
ORD0002956,23/08/2022,20220823,CUS01462,6,,  Fawry  ,Completed,1783,1030
ORD0010548,24/08/2022,20220824,CUS01638,5,EMP0107,Cash,Completed,225,120
ORD0011054,24/08/2022,20220824,CUS00793,6,EMP0114,Vodafone Cash,Completed,1250,620
ORD0000099,24/08/2022,20220824,CUS02321,1,EMP0008,  Cash  ,Completed,3771,1880
ORD0003780,24/08/2022,20220824,CUS02066,1,EMP0017,Debit Card,Completed,42950,36120
ORD0010774,24/08/2022,20220824,CUS01646,11,EMP0172,  Debit Card  ,Completed,778,400
ORD0001055,24/08/2022,20220824,CUS01354,10,,Debit Card,Completed,864,440
ORD0011929,24/08/2022,20220824,CUS02041,1,EMP0004,Fawry,Completed,180,80
ORD0007198,24/08/2022,20220824,CUS01585,10,EMP0153,Vodafone Cash,Completed,210,100
ORD0006260,24/08/2022,20220824,CUS00996,1,EMP0023,  Credit Card  ,Completed,396,210
ORD0010490,24/08/2022,20220824,CUS01050,4,EMP0090,InstaPay,Completed,234,120
ORD0009037,24/08/2022,20220824,CUS01418,2,EMP0031,Cash,Completed,748.5,420
ORD0007219,24/08/2022,20220824,CUS00288,5,EMP0106,Fawry,Completed,142.5,70
ORD0011221,24/08/2022,20220824,CUS00107,8,EMP0144,Fawry,Completed,705.5,410
ORD0005720,24/08/2022,20220824,CUS01866,5,EMP0103,Cash,Completed,514,280
ORD0011800,25/08/2022,20220825,CUS01819,9,EMP0146,Credit Card,Completed,15393,14270
ORD0004449,25/08/2022,20220825,CUS00740,7,EMP0131,Debit Card,Completed,127.5,70
ORD0007942,25/08/2022,20220825,CUS01067,7,EMP0134,Cash,Completed,128,70
ORD0011185,25/08/2022,20220825,CUS01799,6,EMP0119,Debit Card,Completed,929,470
ORD0005111,25/08/2022,20220825,CUS02458,5,EMP0099,Cash,Completed,184,110
ORD0003150,25/08/2022,20220825,CUS00789,14,EMP0200,Cash,Completed,610,300
ORD0000331,25/08/2022,20220825,CUS01371,6,EMP0118,Debit Card,Cancelled,290,140
ORD0008251,25/08/2022,20220825,CUS00031,5,EMP0099,  Cash  ,Completed,470,230
ORD0003428,25/08/2022,20220825,CUS00675,10,EMP0158,  Fawry  ,Completed,560,280
ORD0007411,25/08/2022,20220825,CUS01636,11,EMP0169,Vodafone Cash,Completed,441,240
ORD0003636,25/08/2022,20220825,CUS01324,3,EMP0064,Vodafone Cash,Completed,17236,15600
ORD0002960,25/08/2022,20220825,CUS00979,11,,InstaPay,Completed,71076,59820
ORD0009846,26/08/2022,20220826,CUS01278,3,EMP0075,Credit Card,Completed,1395.5,680
ORD0006774,26/08/2022,20220826,CUS01940,4,EMP0091,Fawry,Completed,17388.5,13260
ORD0006860,26/08/2022,20220826,CUS02364,2,EMP0054,  Cash  ,Completed,5020,2460
ORD0010834,26/08/2022,20220826,CUS01684,15,EMP0216,Fawry,Cancelled,405,220
ORD0001341,26/08/2022,20220826,CUS02956,4,,Credit Card,Completed,14494,11200
ORD0005411,26/08/2022,20220826,CUS02726,4,EMP0092,Cash,Completed,1265,660
ORD0004930,26/08/2022,20220826,CUS02164,2,EMP0053,Fawry,Completed,808,400
ORD0003920,26/08/2022,20220826,CUS02921,4,EMP0092,InstaPay,Completed,789,370
ORD0003152,26/08/2022,20220826,CUS02620,5,,Cash,Completed,2176,1090
ORD0011429,26/08/2022,20220826,CUS01438,5,EMP0095,  Credit Card  ,Returned,2006.5,1030
ORD0007610,26/08/2022,20220826,CUS01177,12,EMP0175,Debit Card,Completed,1456,730
ORD0010424,26/08/2022,20220826,CUS01890,8,EMP0138,Credit Card,Completed,340,160
ORD0000812,26/08/2022,20220826,CUS02594,4,EMP0094,Debit Card,Completed,2295,1420
ORD0000039,26/08/2022,20220826,CUS01682,1,EMP0012,Cash,Returned,1705,880
ORD0004041,27/08/2022,20220827,CUS02391,10,EMP0154,Fawry,Completed,437,220
ORD0004418,27/08/2022,20220827,CUS01348,2,EMP0053,  Debit Card  ,Completed,243,130
ORD0000992,27/08/2022,20220827,CUS01480,2,EMP0035,  Vodafone Cash  ,Completed,26604,21100
ORD0005835,27/08/2022,20220827,CUS01018,14,EMP0202,Vodafone Cash,Returned,142.5,70
ORD0001051,27/08/2022,20220827,CUS02164,14,EMP0201,Vodafone Cash,Completed,1491,900
ORD0010993,27/08/2022,20220827,CUS01048,2,EMP0050,  Debit Card  ,Returned,560,280
ORD0005056,27/08/2022,20220827,CUS02318,4,EMP0083,Fawry,Completed,280,180
ORD0006420,27/08/2022,20220827,CUS00585,5,EMP0103,Fawry,Completed,184,110
ORD0009902,27/08/2022,20220827,CUS02796,3,EMP0071,Cash,Completed,786,360
ORD0000419,27/08/2022,20220827,CUS02145,2,EMP0040,Credit Card,Completed,2095.5,1050
ORD0001351,27/08/2022,20220827,CUS00998,10,EMP0163,Fawry,Returned,12155,9880
ORD0000483,27/08/2022,20220827,CUS02415,3,,Fawry,Completed,1499.5,900
ORD0003231,28/08/2022,20220828,CUS01929,6,EMP0113,Cash,Returned,450,280
ORD0011907,28/08/2022,20220828,CUS01224,4,EMP0081,InstaPay,Returned,761,410
ORD0010256,28/08/2022,20220828,CUS02144,2,EMP0053,Fawry,Completed,3539,2840
ORD0004833,28/08/2022,20220828,CUS02222,2,EMP0053,Cash,Cancelled,140,70
ORD0005090,28/08/2022,20220828,CUS02488,12,EMP0180,Cash,Completed,718,370
ORD0004350,28/08/2022,20220828,CUS00611,14,EMP0194,Cash,Cancelled,690,340
ORD0001501,28/08/2022,20220828,CUS01089,6,EMP0120,Debit Card,Completed,442.5,250
ORD0004594,28/08/2022,20220828,CUS01326,13,EMP0187,InstaPay,Completed,16404,13050
ORD0003201,28/08/2022,20220828,CUS02144,8,EMP0142,  InstaPay  ,Completed,16020,12230
ORD0004568,28/08/2022,20220828,CUS02081,1,EMP0016,Cash,Completed,26734,25230
ORD0006053,28/08/2022,20220828,CUS02053,1,EMP0010,  Vodafone Cash  ,Returned,3003,1480
ORD0011491,29/08/2022,20220829,CUS01952,12,EMP0180,Credit Card,Completed,29600,24200
ORD0009104,29/08/2022,20220829,CUS00620,11,,  Credit Card  ,Completed,337.5,220
ORD0011593,29/08/2022,20220829,CUS02485,11,EMP0166,  Vodafone Cash  ,Completed,2261,1170
ORD0010267,29/08/2022,20220829,CUS00516,1,EMP0015,  Fawry  ,Completed,740,360
ORD0007968,29/08/2022,20220829,CUS00407,6,EMP0118,Credit Card,Completed,135,70
ORD0011134,29/08/2022,20220829,CUS01692,4,,InstaPay,Completed,350,170
ORD0004555,29/08/2022,20220829,CUS00602,7,EMP0128,Cash,Completed,388,200
ORD0007232,29/08/2022,20220829,CUS02147,3,EMP0056,Vodafone Cash,Completed,15963,12540
ORD0004931,29/08/2022,20220829,CUS00332,11,EMP0173,Debit Card,Returned,672,350
ORD0003586,29/08/2022,20220829,CUS02418,4,EMP0081,Fawry,Completed,1149,620
ORD0008256,29/08/2022,20220829,CUS01648,14,EMP0194,Fawry,Completed,28500,24000
ORD0006944,29/08/2022,20220829,CUS00840,7,EMP0128,  Vodafone Cash  ,Completed,800,400
ORD0010866,29/08/2022,20220829,CUS01914,7,EMP0135,Debit Card,Completed,331.5,180
ORD0000393,30/08/2022,20220830,CUS02135,12,EMP0183,InstaPay,Completed,2092,1340
ORD0008923,30/08/2022,20220830,CUS02502,1,EMP0018,Fawry,Returned,1795.5,1200
ORD0002458,30/08/2022,20220830,CUS02057,4,EMP0086,Vodafone Cash,Completed,128,70
ORD0006739,30/08/2022,20220830,CUS01934,3,EMP0071,Cash,Completed,320,160
ORD0008724,30/08/2022,20220830,CUS00221,6,EMP0124,Vodafone Cash,Cancelled,600,300
ORD0008438,30/08/2022,20220830,CUS00478,13,EMP0190,  Cash  ,Completed,1320,760
ORD0007800,30/08/2022,20220830,CUS00143,1,,  Fawry  ,Completed,350,250
ORD0007766,31/08/2022,20220831,CUS01584,7,EMP0131,Cash,Completed,666,380
ORD0006493,31/08/2022,20220831,CUS02829,3,,Vodafone Cash,Completed,1358.5,1010
ORD0007384,31/08/2022,20220831,CUS00467,12,EMP0176,Credit Card,Completed,1500,1200
ORD0006748,31/08/2022,20220831,CUS00236,3,EMP0069,Vodafone Cash,Completed,459,260
ORD0005403,31/08/2022,20220831,CUS01260,6,EMP0120,  Cash  ,Completed,119,70
ORD0003198,31/08/2022,20220831,CUS01837,12,EMP0184,  Debit Card  ,Completed,586.5,340
ORD0010923,31/08/2022,20220831,CUS01292,2,EMP0050,Cash,Completed,652.5,350
ORD0008953,31/08/2022,20220831,CUS02196,1,EMP0017,Debit Card,Completed,1824,960
ORD0009699,31/08/2022,20220831,CUS00389,14,EMP0202,Credit Card,Completed,1016,590
ORD0000205,31/08/2022,20220831,CUS01415,8,EMP0142,InstaPay,Completed,258,140
ORD0005921,31/08/2022,20220831,CUS02460,5,EMP0104,Fawry,Completed,1330.5,650
ORD0009054,31/08/2022,20220831,CUS00912,10,EMP0163,Debit Card,Completed,6140,5070
ORD0008026,31/08/2022,20220831,CUS02517,6,EMP0125,Debit Card,Completed,1919,920
ORD0003426,31/08/2022,20220831,CUS02764,2,EMP0037,  Credit Card  ,Returned,5584,4310
ORD0002023,01/09/2022,20220901,CUS02032,14,EMP0194,  Debit Card  ,Completed,324,180
ORD0011865,01/09/2022,20220901,CUS00381,9,EMP0147,Cash,Completed,112,70
ORD0003224,01/09/2022,20220901,CUS01025,3,,Credit Card,Completed,433,220
ORD0004073,01/09/2022,20220901,CUS01473,6,EMP0123,Fawry,Completed,59600,47600
ORD0002429,01/09/2022,20220901,CUS02299,8,EMP0143,InstaPay,Completed,1036,490
ORD0001276,01/09/2022,20220901,CUS01829,6,EMP0125,Debit Card,Returned,540,270
ORD0002858,01/09/2022,20220901,CUS02429,1,EMP0020,Vodafone Cash,Completed,943.5,540
ORD0006632,01/09/2022,20220901,CUS02103,8,EMP0141,Debit Card,Completed,616,380
ORD0003694,01/09/2022,20220901,CUS00559,11,,Fawry,Completed,612,320
ORD0007707,01/09/2022,20220901,CUS01577,7,EMP0136,Fawry,Completed,270,130
ORD0011591,01/09/2022,20220901,CUS01724,9,EMP0149,Debit Card,Returned,760,360
ORD0005397,01/09/2022,20220901,CUS02355,6,EMP0113,  Cash  ,Completed,7819.5,6270
ORD0011057,01/09/2022,20220901,CUS01475,5,EMP0099,Vodafone Cash,Cancelled,1674,820
ORD0003669,02/09/2022,20220902,CUS02068,2,EMP0029,Vodafone Cash,Completed,1040,480
ORD0006247,02/09/2022,20220902,CUS02443,5,EMP0109,InstaPay,Completed,370,180
ORD0001005,02/09/2022,20220902,CUS01756,2,EMP0042,Credit Card,Completed,256.5,130
ORD0006979,02/09/2022,20220902,CUS02158,14,EMP0197,Vodafone Cash,Completed,3866,2010
ORD0006598,02/09/2022,20220902,CUS02710,3,EMP0063,Vodafone Cash,Returned,1870,1420
ORD0004775,02/09/2022,20220902,CUS01658,3,EMP0065,InstaPay,Completed,280,140
ORD0009825,02/09/2022,20220902,CUS01022,14,EMP0201,Cash,Completed,2145,1220
ORD0007324,02/09/2022,20220902,CUS01633,1,EMP0026,Cash,Completed,1164,550
ORD0006210,02/09/2022,20220902,CUS00586,6,EMP0123,Debit Card,Completed,1341,810
ORD0005685,02/09/2022,20220902,CUS00237,3,EMP0063,  InstaPay  ,Returned,370,180
ORD0009212,02/09/2022,20220902,CUS01959,5,EMP0103,  InstaPay  ,Completed,1510,740
ORD0006609,02/09/2022,20220902,CUS00100,2,EMP0051,Fawry,Completed,285,140
ORD0011688,02/09/2022,20220902,CUS02938,10,EMP0159,Cash,Completed,144,70
ORD0005902,03/09/2022,20220903,CUS00532,13,EMP0189,Vodafone Cash,Returned,782,440
ORD0011674,03/09/2022,20220903,CUS00835,10,EMP0158,Vodafone Cash,Completed,1612.5,970
ORD0009160,03/09/2022,20220903,CUS01125,2,EMP0036,Vodafone Cash,Completed,840,420
ORD0008049,03/09/2022,20220903,CUS02031,4,EMP0087,  Vodafone Cash  ,Cancelled,900,520
ORD0011048,03/09/2022,20220903,CUS00572,2,EMP0052,Debit Card,Cancelled,144,70
ORD0007714,03/09/2022,20220903,CUS00166,10,EMP0153,Cash,Completed,448,280
ORD0010024,03/09/2022,20220903,CUS00444,8,EMP0137,Fawry,Completed,987,510
ORD0008964,03/09/2022,20220903,CUS00016,2,EMP0050,Vodafone Cash,Completed,90,40
ORD0010600,03/09/2022,20220903,CUS01796,14,EMP0195,Debit Card,Completed,420,200
ORD0005901,04/09/2022,20220904,CUS02915,3,EMP0058,Fawry,Completed,1048,560
ORD0002256,04/09/2022,20220904,CUS01280,5,EMP0103,Credit Card,Returned,2228,1200
ORD0003628,04/09/2022,20220904,CUS00052,8,EMP0143,Vodafone Cash,Completed,1096.5,630
ORD0004166,04/09/2022,20220904,CUS00384,1,EMP0004,Fawry,Completed,494,250
ORD0010703,04/09/2022,20220904,CUS02786,9,EMP0149,Credit Card,Completed,161,110
ORD0003278,04/09/2022,20220904,CUS02231,3,EMP0077,Debit Card,Completed,650,300
ORD0009027,04/09/2022,20220904,CUS00629,10,EMP0154,Cash,Completed,55200,44300
ORD0007128,04/09/2022,20220904,CUS00490,12,EMP0179,  Vodafone Cash  ,Returned,6224,4690
ORD0001846,04/09/2022,20220904,CUS00512,4,,Vodafone Cash,Completed,612,340
ORD0010574,04/09/2022,20220904,CUS01480,5,EMP0105,  Fawry  ,Completed,9772,8790
ORD0004459,04/09/2022,20220904,CUS00298,2,EMP0030,  Credit Card  ,Cancelled,2780,1340
ORD0008865,04/09/2022,20220904,CUS02945,10,EMP0155,InstaPay,Completed,754.5,390
ORD0003643,04/09/2022,20220904,CUS00575,5,EMP0101,Vodafone Cash,Completed,13440,10610
ORD0008697,05/09/2022,20220905,CUS01383,4,EMP0090,Fawry,Completed,1211,640
ORD0010666,05/09/2022,20220905,CUS01145,12,EMP0179,Fawry,Completed,1026,540
ORD0010421,05/09/2022,20220905,CUS01323,14,EMP0202,Cash,Completed,1695.5,1050
ORD0000701,05/09/2022,20220905,CUS01565,6,EMP0125,Fawry,Completed,180,80
ORD0002880,05/09/2022,20220905,CUS01179,5,EMP0097,InstaPay,Completed,306,160
ORD0000437,05/09/2022,20220905,CUS01644,2,EMP0037,Debit Card,Completed,300,140
ORD0001451,05/09/2022,20220905,CUS01116,4,EMP0087,Vodafone Cash,Completed,21000,16600
ORD0006775,05/09/2022,20220905,CUS01979,11,EMP0165,InstaPay,Completed,48917,39260
ORD0004202,05/09/2022,20220905,CUS02893,1,EMP0003,  Credit Card  ,Completed,1515,800
ORD0001911,05/09/2022,20220905,CUS01490,12,EMP0175,Credit Card,Completed,486,260
ORD0002870,05/09/2022,20220905,CUS01826,6,EMP0122,  Vodafone Cash  ,Completed,1784,870
ORD0006891,05/09/2022,20220905,CUS01559,9,EMP0150,Cash,Completed,39600,42000
ORD0001738,05/09/2022,20220905,CUS00769,3,EMP0061,Credit Card,Completed,195.5,110
ORD0011820,06/09/2022,20220906,CUS00139,5,EMP0097,Cash,Completed,320,160
ORD0006471,06/09/2022,20220906,CUS00726,4,EMP0085,Vodafone Cash,Completed,16032,15830
ORD0001607,06/09/2022,20220906,CUS02224,12,EMP0175,Cash,Completed,2857,1430
ORD0004071,06/09/2022,20220906,CUS02768,3,EMP0072,Cash,Completed,850,800
ORD0003045,06/09/2022,20220906,CUS01376,8,EMP0142,Credit Card,Completed,14910,12880
ORD0011614,06/09/2022,20220906,CUS00984,8,EMP0142,Fawry,Completed,836,420
ORD0003562,06/09/2022,20220906,CUS02039,3,EMP0064,  Fawry  ,Completed,520,260
ORD0011019,06/09/2022,20220906,CUS02280,14,EMP0195,Debit Card,Completed,340,200
ORD0011131,06/09/2022,20220906,CUS02235,1,EMP0021,Debit Card,Completed,1358.5,750
ORD0011478,06/09/2022,20220906,CUS01548,15,EMP0204,Debit Card,Completed,240,110
ORD0004688,07/09/2022,20220907,CUS00559,3,EMP0056,InstaPay,Completed,590,300
ORD0009107,07/09/2022,20220907,CUS02829,10,EMP0154,Vodafone Cash,Completed,12540,10500
ORD0004937,07/09/2022,20220907,CUS02234,5,EMP0110,Vodafone Cash,Completed,960,470
ORD0003713,07/09/2022,20220907,CUS01939,8,EMP0142,Fawry,Completed,798,400
ORD0001820,07/09/2022,20220907,CUS02694,2,EMP0038,InstaPay,Completed,9900,10500
ORD0006793,07/09/2022,20220907,CUS02292,1,EMP0028,  Cash  ,Completed,808,480
ORD0002841,07/09/2022,20220907,CUS02287,4,EMP0093,Fawry,Completed,20160,17800
ORD0005721,07/09/2022,20220907,CUS02532,3,EMP0055,Credit Card,Completed,590,270
ORD0010275,07/09/2022,20220907,CUS01943,8,EMP0142,InstaPay,Completed,1116,620
ORD0006534,08/09/2022,20220908,CUS01913,12,EMP0184,  InstaPay  ,Completed,330,160
ORD0011508,08/09/2022,20220908,CUS01728,3,EMP0068,InstaPay,Completed,513,260
ORD0001678,08/09/2022,20220908,CUS00859,14,EMP0194,Cash,Completed,1967.5,1020
ORD0001998,08/09/2022,20220908,CUS01967,3,EMP0067,Cash,Completed,930,490
ORD0003817,08/09/2022,20220908,CUS01882,2,EMP0039,Vodafone Cash,Completed,1200,580
ORD0006779,08/09/2022,20220908,CUS00882,4,EMP0094,  InstaPay  ,Completed,4920,4580
ORD0008017,08/09/2022,20220908,CUS02585,7,EMP0130,Credit Card,Completed,136,70
ORD0005204,08/09/2022,20220908,CUS02384,3,EMP0078,Fawry,Returned,1440,780
ORD0011333,08/09/2022,20220908,CUS00978,1,EMP0006,Fawry,Completed,2492.5,1380
ORD0004593,08/09/2022,20220908,CUS01080,9,EMP0150,Credit Card,Completed,560,280
ORD0005112,09/09/2022,20220909,CUS02703,3,EMP0066,Fawry,Completed,568,300
ORD0002099,09/09/2022,20220909,CUS01928,4,EMP0079,Credit Card,Completed,702,390
ORD0001131,09/09/2022,20220909,CUS00759,3,EMP0067,  Credit Card  ,Completed,1372,720
ORD0007827,09/09/2022,20220909,CUS01427,1,EMP0017,InstaPay,Completed,720,330
ORD0000206,09/09/2022,20220909,CUS00229,11,EMP0166,Fawry,Completed,50310,42100
ORD0005952,09/09/2022,20220909,CUS00474,11,,Cash,Completed,17982.5,14240
ORD0005546,09/09/2022,20220909,CUS00468,5,EMP0102,InstaPay,Returned,655.5,340
ORD0009609,09/09/2022,20220909,CUS00038,12,EMP0178,Vodafone Cash,Completed,4575,4770
ORD0010914,09/09/2022,20220909,CUS01762,12,EMP0175,Debit Card,Completed,1090,530
ORD0005009,10/09/2022,20220910,CUS02366,8,EMP0141,  Fawry  ,Completed,3160,1550
ORD0003414,10/09/2022,20220910,CUS00171,4,EMP0088,Debit Card,Completed,2000,1600
ORD0009488,10/09/2022,20220910,CUS02451,1,EMP0018,Fawry,Completed,570,280
ORD0009647,10/09/2022,20220910,CUS00739,2,EMP0043,Fawry,Completed,324,160
ORD0006415,10/09/2022,20220910,CUS00868,4,EMP0079,Fawry,Completed,120,70
ORD0005823,10/09/2022,20220910,CUS01518,1,EMP0012,Fawry,Completed,332.5,170
ORD0004769,10/09/2022,20220910,CUS01483,1,EMP0010,Credit Card,Completed,5928,4170
ORD0002889,10/09/2022,20220910,CUS00036,11,EMP0167,InstaPay,Completed,1983,1010
ORD0004727,10/09/2022,20220910,CUS01650,1,EMP0024,Vodafone Cash,Completed,763,390
ORD0007700,10/09/2022,20220910,CUS02774,3,EMP0062,Debit Card,Completed,1090,660
ORD0000823,10/09/2022,20220910,CUS00029,11,EMP0168,  InstaPay  ,Completed,408,240
ORD0009613,10/09/2022,20220910,CUS00726,2,EMP0047,Debit Card,Cancelled,888.5,440
ORD0004173,10/09/2022,20220910,CUS01492,3,EMP0065,Fawry,Completed,17817.5,15220
ORD0000082,10/09/2022,20220910,CUS00897,12,EMP0182,Fawry,Completed,252,140
ORD0001630,10/09/2022,20220910,CUS00733,5,EMP0107,Credit Card,Completed,1872,1080
ORD0003635,10/09/2022,20220910,CUS02916,7,EMP0133,Fawry,Completed,1760,1330
ORD0008430,10/09/2022,20220910,CUS00914,5,EMP0098,Debit Card,Completed,15751,14880
ORD0005303,11/09/2022,20220911,CUS02900,8,EMP0140,Cash,Completed,2979,1680
ORD0010043,11/09/2022,20220911,CUS00615,14,EMP0196,Debit Card,Completed,10200,8000
ORD0004208,11/09/2022,20220911,CUS02217,4,EMP0082,Fawry,Completed,300,140
ORD0011124,11/09/2022,20220911,CUS02911,3,EMP0071,Credit Card,Completed,16020,14200
ORD0005067,11/09/2022,20220911,CUS02946,5,EMP0104,InstaPay,Completed,1441,740
ORD0011099,11/09/2022,20220911,CUS01551,8,EMP0138,InstaPay,Completed,900,480
ORD0004578,11/09/2022,20220911,CUS01708,9,EMP0151,  Credit Card  ,Completed,2240,1080
ORD0011460,11/09/2022,20220911,CUS02426,10,EMP0161,  Debit Card  ,Completed,1740,870
ORD0001622,11/09/2022,20220911,CUS01981,10,EMP0158,Cash,Completed,39726,31570
ORD0001089,11/09/2022,20220911,CUS02574,12,EMP0181,Debit Card,Returned,1032,500
ORD0010822,11/09/2022,20220911,CUS00826,2,EMP0047,Cash,Completed,15670,12330
ORD0004894,11/09/2022,20220911,CUS00535,4,EMP0086,Fawry,Completed,504,280
ORD0004036,11/09/2022,20220911,CUS02286,11,EMP0166,  Credit Card  ,Completed,429,210
ORD0011850,12/09/2022,20220912,CUS00555,4,EMP0084,Vodafone Cash,Returned,2462.5,1350
ORD0000813,12/09/2022,20220912,CUS01901,2,EMP0053,  InstaPay  ,Completed,1065,560
ORD0011898,12/09/2022,20220912,CUS01925,2,EMP0048,InstaPay,Completed,12631,11870
ORD0004447,12/09/2022,20220912,CUS02032,6,EMP0114,Vodafone Cash,Returned,190,90
ORD0003965,12/09/2022,20220912,CUS02067,3,EMP0059,InstaPay,Completed,790.5,430
ORD0005950,12/09/2022,20220912,CUS01356,6,,Cash,Completed,1760,880
ORD0007412,12/09/2022,20220912,CUS01160,10,EMP0153,InstaPay,Cancelled,702,360
ORD0007917,12/09/2022,20220912,CUS01491,1,EMP0022,Cash,Completed,176,100
ORD0005734,12/09/2022,20220912,CUS02115,4,EMP0082,InstaPay,Completed,420,200
ORD0010528,12/09/2022,20220912,CUS00907,3,EMP0064,Credit Card,Completed,962.5,510
ORD0005807,12/09/2022,20220912,CUS02857,4,EMP0080,Fawry,Completed,5326,4140
ORD0006840,12/09/2022,20220912,CUS02085,11,EMP0169,Cash,Completed,300,180
ORD0006679,13/09/2022,20220913,CUS02882,5,,InstaPay,Completed,161,110
ORD0001245,13/09/2022,20220913,CUS00897,4,EMP0080,Debit Card,Completed,1310.5,640
ORD0001014,13/09/2022,20220913,CUS00873,2,EMP0046,Cash,Completed,340,160
ORD0004044,13/09/2022,20220913,CUS00186,2,EMP0040,  InstaPay  ,Completed,230,110
ORD0008600,13/09/2022,20220913,CUS02103,7,EMP0128,Cash,Completed,234,120
ORD0003613,13/09/2022,20220913,CUS01944,2,EMP0051,Debit Card,Completed,1146,580
ORD0004787,13/09/2022,20220913,CUS01169,3,,  InstaPay  ,Completed,465.5,240
ORD0006591,13/09/2022,20220913,CUS02516,5,EMP0105,Debit Card,Returned,5000,4000
ORD0006315,13/09/2022,20220913,CUS02758,6,EMP0115,Debit Card,Completed,2592,1380
ORD0008292,13/09/2022,20220913,CUS02467,3,EMP0076,Debit Card,Completed,1224,640
ORD0002521,13/09/2022,20220913,CUS00389,11,EMP0169,Cash,Completed,310,160
ORD0008086,13/09/2022,20220913,CUS01142,4,EMP0091,Fawry,Completed,675,340
ORD0001306,14/09/2022,20220914,CUS00498,1,EMP0009,InstaPay,Completed,1214,650
ORD0007964,14/09/2022,20220914,CUS00054,3,EMP0075,Fawry,Completed,1178,560
ORD0008596,14/09/2022,20220914,CUS00926,11,EMP0168,Vodafone Cash,Completed,1100,660
ORD0002765,14/09/2022,20220914,CUS02832,12,EMP0181,Cash,Completed,2930,1460
ORD0004375,15/09/2022,20220915,CUS01125,1,EMP0018,Debit Card,Completed,490,270
ORD0010646,15/09/2022,20220915,CUS01114,6,EMP0125,Vodafone Cash,Cancelled,3870,3040
ORD0003244,15/09/2022,20220915,CUS00126,9,EMP0151,  Credit Card  ,Completed,14900,11900
ORD0001196,15/09/2022,20220915,CUS02743,2,EMP0032,  Fawry  ,Completed,243,130
ORD0005574,15/09/2022,20220915,CUS02086,3,EMP0067,Credit Card,Completed,1506,740
ORD0004472,15/09/2022,20220915,CUS02665,1,EMP0026,Credit Card,Completed,884,450
ORD0003538,15/09/2022,20220915,CUS00931,12,EMP0184,Credit Card,Completed,6937,5190
ORD0008520,15/09/2022,20220915,CUS02787,12,EMP0178,Cash,Completed,1764,960
ORD0010138,15/09/2022,20220915,CUS01610,1,EMP0019,  Fawry  ,Completed,1974.5,980
ORD0003129,15/09/2022,20220915,CUS01026,2,EMP0033,Vodafone Cash,Completed,712.5,370
ORD0008996,15/09/2022,20220915,CUS00490,1,EMP0006,Fawry,Completed,912,490
ORD0008671,15/09/2022,20220915,CUS01873,3,EMP0073,  Vodafone Cash  ,Completed,260,120
ORD0006916,16/09/2022,20220916,CUS01344,14,EMP0197,Vodafone Cash,Completed,340,170
ORD0007954,16/09/2022,20220916,CUS01446,1,EMP0004,Credit Card,Returned,632.5,330
ORD0006781,16/09/2022,20220916,CUS02864,3,EMP0055,Vodafone Cash,Completed,600,280
ORD0004425,16/09/2022,20220916,CUS00513,4,EMP0089,Debit Card,Completed,2210,2000
ORD0005704,16/09/2022,20220916,CUS00628,2,EMP0039,Cash,Completed,15870,13280
ORD0009521,16/09/2022,20220916,CUS02208,1,EMP0003,Debit Card,Completed,680,340
ORD0010857,16/09/2022,20220916,CUS02692,1,EMP0001,  Fawry  ,Completed,1170,940
ORD0011449,16/09/2022,20220916,CUS01215,5,EMP0112,Cash,Completed,221,130
ORD0006020,16/09/2022,20220916,CUS00488,7,EMP0128,Debit Card,Completed,1790,870
ORD0010983,16/09/2022,20220916,CUS02785,2,,Fawry,Completed,3040,2260
ORD0007259,16/09/2022,20220916,CUS02217,12,,Debit Card,Completed,43600,34800
ORD0010598,16/09/2022,20220916,CUS01855,2,EMP0029,Debit Card,Returned,597.5,310
ORD0003664,16/09/2022,20220916,CUS00335,10,EMP0154,Cash,Completed,881,470
ORD0007561,16/09/2022,20220916,CUS02165,1,EMP0015,Credit Card,Completed,1205.5,600
ORD0001859,16/09/2022,20220916,CUS01270,13,,Credit Card,Completed,6416.5,5230
ORD0008073,16/09/2022,20220916,CUS00124,3,,  InstaPay  ,Completed,1713,950
ORD0010442,17/09/2022,20220917,CUS02437,10,EMP0161,InstaPay,Completed,1480.5,810
ORD0002650,17/09/2022,20220917,CUS01185,6,,  Credit Card  ,Returned,1260,620
ORD0000137,17/09/2022,20220917,CUS02556,10,EMP0160,Cash,Completed,432,240
ORD0005202,17/09/2022,20220917,CUS01205,4,EMP0088,Debit Card,Completed,665,340
ORD0010363,17/09/2022,20220917,CUS00839,3,EMP0060,Vodafone Cash,Cancelled,3868,3450
ORD0005363,17/09/2022,20220917,CUS00042,2,EMP0051,Vodafone Cash,Completed,9760,9800
ORD0007366,17/09/2022,20220917,CUS00147,3,EMP0071,InstaPay,Completed,14386.5,10200
ORD0001665,17/09/2022,20220917,CUS02073,11,EMP0168,Debit Card,Completed,5835.5,4150
ORD0006482,17/09/2022,20220917,CUS02288,3,EMP0071,Debit Card,Completed,918,540
ORD0006769,17/09/2022,20220917,CUS02532,15,EMP0211,Credit Card,Completed,555,280
ORD0007079,17/09/2022,20220917,CUS01397,1,EMP0001,Fawry,Completed,2143,1090
ORD0006224,17/09/2022,20220917,CUS00780,2,EMP0046,Credit Card,Completed,1102,570
ORD0009807,17/09/2022,20220917,CUS01360,2,EMP0038,Fawry,Completed,1680,800
ORD0002317,17/09/2022,20220917,CUS00068,3,EMP0055,Credit Card,Cancelled,520,260
ORD0000543,17/09/2022,20220917,CUS00952,2,EMP0048,Debit Card,Completed,985,490
ORD0010878,17/09/2022,20220917,CUS01474,3,EMP0076,Debit Card,Completed,72,40
ORD0001780,18/09/2022,20220918,CUS01144,2,EMP0045,Fawry,Completed,936,500
ORD0010280,18/09/2022,20220918,CUS00284,12,,Fawry,Returned,873,480
ORD0003922,18/09/2022,20220918,CUS02441,1,EMP0013,  Debit Card  ,Returned,24759,21260
ORD0005821,18/09/2022,20220918,CUS01405,1,EMP0020,Debit Card,Completed,1151.5,550
ORD0004687,18/09/2022,20220918,CUS02579,10,EMP0153,Credit Card,Completed,178.5,100
ORD0000800,18/09/2022,20220918,CUS02082,6,EMP0123,Fawry,Completed,342,180
ORD0008274,19/09/2022,20220919,CUS00905,1,EMP0016,Vodafone Cash,Cancelled,120,70
ORD0006206,19/09/2022,20220919,CUS02866,1,EMP0027,Debit Card,Completed,238,140
ORD0009123,19/09/2022,20220919,CUS02670,6,,Vodafone Cash,Completed,5427,4760
ORD0008459,19/09/2022,20220919,CUS00667,13,EMP0188,Credit Card,Returned,2120,1140
ORD0005505,19/09/2022,20220919,CUS01169,2,EMP0040,InstaPay,Completed,1585,810
ORD0004829,19/09/2022,20220919,CUS00410,6,EMP0115,Credit Card,Completed,1110,550
ORD0003680,19/09/2022,20220919,CUS00846,5,EMP0108,InstaPay,Returned,600,310
ORD0002824,19/09/2022,20220919,CUS00301,9,EMP0150,Cash,Completed,690,330
ORD0008672,20/09/2022,20220920,CUS00267,2,EMP0048,  Vodafone Cash  ,Completed,1022.5,540
ORD0003297,20/09/2022,20220920,CUS02829,3,EMP0077,Credit Card,Completed,1068,560
ORD0000300,20/09/2022,20220920,CUS01887,11,EMP0166,Fawry,Completed,224,140
ORD0002027,20/09/2022,20220920,CUS01692,2,EMP0049,Credit Card,Completed,340,170
ORD0006725,20/09/2022,20220920,CUS01911,1,EMP0019,InstaPay,Returned,370,180
ORD0011136,20/09/2022,20220920,CUS00186,3,EMP0057,Fawry,Completed,704,350
ORD0004541,20/09/2022,20220920,CUS02499,2,EMP0053,Fawry,Completed,510,500
ORD0006252,20/09/2022,20220920,CUS02619,7,EMP0129,Vodafone Cash,Completed,1224,640
ORD0000606,21/09/2022,20220921,CUS01803,2,EMP0031,Fawry,Completed,14015,10920
ORD0002129,21/09/2022,20220921,CUS02589,3,EMP0059,  Vodafone Cash  ,Completed,832,500
ORD0011278,21/09/2022,20220921,CUS02299,5,EMP0099,  InstaPay  ,Completed,5110,4160
ORD0006444,21/09/2022,20220921,CUS02491,3,EMP0074,Credit Card,Completed,23200,21380
ORD0003331,21/09/2022,20220921,CUS01831,1,EMP0012,Fawry,Completed,396,220
ORD0008543,21/09/2022,20220921,CUS02590,11,EMP0171,Credit Card,Completed,540,240
ORD0008705,21/09/2022,20220921,CUS01354,2,EMP0048,Cash,Completed,27810,24580
ORD0005283,21/09/2022,20220921,CUS00263,12,EMP0174,  Vodafone Cash  ,Returned,1288,680
ORD0011376,21/09/2022,20220921,CUS02626,11,EMP0165,InstaPay,Completed,1162.5,550
ORD0004298,22/09/2022,20220922,CUS00532,5,EMP0101,Debit Card,Completed,1190,680
ORD0003836,22/09/2022,20220922,CUS00342,2,EMP0033,Credit Card,Returned,10775,9070
ORD0008629,22/09/2022,20220922,CUS01210,3,EMP0072,Fawry,Completed,3916,3100
ORD0000663,22/09/2022,20220922,CUS00451,1,EMP0018,Debit Card,Completed,980,520
ORD0008900,22/09/2022,20220922,CUS00622,1,EMP0017,  Cash  ,Completed,18198,15920
ORD0010927,22/09/2022,20220922,CUS01519,1,EMP0015,Cash,Completed,1380,660
ORD0005035,22/09/2022,20220922,CUS01665,11,EMP0165,Vodafone Cash,Completed,680,320
ORD0000356,22/09/2022,20220922,CUS01548,1,EMP0005,Cash,Completed,7600,6400
ORD0001734,23/09/2022,20220923,CUS00453,13,EMP0187,  Vodafone Cash  ,Completed,3203,1640
ORD0005099,23/09/2022,20220923,CUS01227,4,EMP0092,Credit Card,Completed,11250,12000
ORD0002380,23/09/2022,20220923,CUS01395,2,,Fawry,Completed,4291,2770
ORD0005578,23/09/2022,20220923,CUS00381,2,EMP0037,Fawry,Completed,1175.5,590
ORD0002802,23/09/2022,20220923,CUS00565,1,EMP0022,Credit Card,Completed,1080,510
ORD0001950,23/09/2022,20220923,CUS02886,12,EMP0179,Debit Card,Completed,1059,530
ORD0003343,23/09/2022,20220923,CUS01687,7,EMP0135,Credit Card,Completed,3904,2310
ORD0006164,23/09/2022,20220923,CUS01552,3,EMP0066,Debit Card,Returned,480,240
ORD0009643,23/09/2022,20220923,CUS02822,10,EMP0160,Fawry,Completed,718,360
ORD0009050,23/09/2022,20220923,CUS00618,2,EMP0029,  Fawry  ,Completed,240,110
ORD0008378,23/09/2022,20220923,CUS01330,4,EMP0091,Cash,Completed,14535,12140
ORD0000501,23/09/2022,20220923,CUS00336,3,EMP0055,Cash,Returned,1992,1190
ORD0011680,23/09/2022,20220923,CUS01700,12,,  Vodafone Cash  ,Completed,2494,1300
ORD0007167,23/09/2022,20220923,CUS01542,4,EMP0080,Debit Card,Completed,34769,36780
ORD0002122,23/09/2022,20220923,CUS02922,13,EMP0186,Debit Card,Completed,153,80
ORD0008731,24/09/2022,20220924,CUS00785,8,EMP0137,Vodafone Cash,Completed,10967,11050
ORD0001023,24/09/2022,20220924,CUS01172,7,EMP0134,InstaPay,Completed,198,100
ORD0011866,24/09/2022,20220924,CUS02992,1,EMP0026,Cash,Completed,130,60
ORD0006941,24/09/2022,20220924,CUS00433,14,EMP0198,  Credit Card  ,Completed,144,70
ORD0002269,24/09/2022,20220924,CUS00924,12,EMP0178,Credit Card,Returned,540,300
ORD0001156,24/09/2022,20220924,CUS01417,1,EMP0019,Credit Card,Completed,548,300
ORD0003725,25/09/2022,20220925,CUS01693,6,EMP0123,Debit Card,Completed,450,220
ORD0001450,25/09/2022,20220925,CUS01357,9,EMP0149,Cash,Completed,1620,1340
ORD0005434,25/09/2022,20220925,CUS01019,12,EMP0180,Cash,Completed,184,110
ORD0000574,25/09/2022,20220925,CUS02366,15,EMP0206,Credit Card,Cancelled,180,80
ORD0002994,25/09/2022,20220925,CUS02353,5,EMP0096,Vodafone Cash,Completed,755,420
ORD0007138,25/09/2022,20220925,CUS01315,7,EMP0129,Debit Card,Completed,37914.5,31950
ORD0000805,25/09/2022,20220925,CUS00658,2,EMP0053,Cash,Completed,357,190
ORD0010497,25/09/2022,20220925,CUS00285,13,EMP0192,InstaPay,Completed,1887,960
ORD0011498,26/09/2022,20220926,CUS00587,4,EMP0087,Cash,Completed,90,40
ORD0008447,26/09/2022,20220926,CUS00217,13,EMP0192,Fawry,Completed,1840,900
ORD0007288,26/09/2022,20220926,CUS02445,1,EMP0022,Fawry,Completed,791,430
ORD0004443,26/09/2022,20220926,CUS01695,1,EMP0012,Debit Card,Completed,1244,670
ORD0006329,26/09/2022,20220926,CUS02485,3,EMP0062,Credit Card,Completed,218.5,110
ORD0000796,26/09/2022,20220926,CUS00573,7,EMP0135,Debit Card,Completed,297,160
ORD0007531,26/09/2022,20220926,CUS02354,10,EMP0160,Fawry,Completed,630,300
ORD0003302,26/09/2022,20220926,CUS00683,4,EMP0088,Debit Card,Completed,440,200
ORD0001119,26/09/2022,20220926,CUS01331,2,EMP0031,  Cash  ,Completed,1342.5,690
ORD0010250,26/09/2022,20220926,CUS02435,5,EMP0101,Vodafone Cash,Completed,576,330
ORD0005591,26/09/2022,20220926,CUS02359,12,EMP0175,Debit Card,Completed,243,130
ORD0011440,26/09/2022,20220926,CUS02385,3,EMP0057,Fawry,Completed,7265,5810
ORD0007661,26/09/2022,20220926,CUS02765,4,EMP0081,Credit Card,Completed,340,160
ORD0002767,26/09/2022,20220926,CUS01875,2,EMP0035,Cash,Cancelled,126,70
ORD0010406,26/09/2022,20220926,CUS01354,3,EMP0070,Vodafone Cash,Completed,2393.5,1230
ORD0008711,27/09/2022,20220927,CUS01196,12,EMP0175,Cash,Completed,3390,1920
ORD0001525,27/09/2022,20220927,CUS02059,11,EMP0167,  Debit Card  ,Completed,3312,2760
ORD0000591,27/09/2022,20220927,CUS00090,14,EMP0194,  Vodafone Cash  ,Completed,199.5,100
ORD0000428,27/09/2022,20220927,CUS01160,7,EMP0128,  Cash  ,Completed,15210,12100
ORD0011723,27/09/2022,20220927,CUS01033,3,EMP0066,Cash,Completed,13200,10500
ORD0010564,27/09/2022,20220927,CUS00387,6,EMP0114,Fawry,Completed,1188,600
ORD0009485,27/09/2022,20220927,CUS02636,9,EMP0151,Credit Card,Completed,652.5,340
ORD0011088,27/09/2022,20220927,CUS01771,3,EMP0055,Debit Card,Completed,195.5,110
ORD0004257,27/09/2022,20220927,CUS02062,1,EMP0007,Debit Card,Completed,1020,570
ORD0008419,27/09/2022,20220927,CUS00756,10,EMP0162,Cash,Completed,1781,940
ORD0008841,28/09/2022,20220928,CUS00039,1,EMP0001,InstaPay,Completed,475,230
ORD0006245,28/09/2022,20220928,CUS00371,5,EMP0095,InstaPay,Completed,1254,620
ORD0005224,28/09/2022,20220928,CUS02142,13,EMP0189,InstaPay,Cancelled,897,560
ORD0001065,28/09/2022,20220928,CUS02423,12,EMP0174,InstaPay,Completed,255,140
ORD0002478,28/09/2022,20220928,CUS02049,8,EMP0144,  Vodafone Cash  ,Returned,50220,44700
ORD0003059,28/09/2022,20220928,CUS01765,12,EMP0177,Vodafone Cash,Completed,700,340
ORD0007184,28/09/2022,20220928,CUS01602,3,EMP0078,Credit Card,Completed,2332,1320
ORD0007316,28/09/2022,20220928,CUS01297,5,EMP0105,Debit Card,Completed,715,350
ORD0008070,28/09/2022,20220928,CUS02339,5,,Cash,Completed,760,360
ORD0008077,28/09/2022,20220928,CUS00349,4,EMP0087,Vodafone Cash,Completed,2450,1340
ORD0000354,28/09/2022,20220928,CUS01219,5,EMP0103,Vodafone Cash,Completed,1368,720
ORD0000735,29/09/2022,20220929,CUS00521,2,EMP0054,Cash,Cancelled,279,150
ORD0009918,29/09/2022,20220929,CUS02888,6,EMP0114,Credit Card,Completed,380,190
ORD0004734,29/09/2022,20220929,CUS01065,11,EMP0168,Debit Card,Completed,1590,780
ORD0004969,29/09/2022,20220929,CUS01472,4,,Credit Card,Completed,1437.5,710
ORD0000305,29/09/2022,20220929,CUS00105,2,EMP0053,Vodafone Cash,Completed,646,320
ORD0003815,29/09/2022,20220929,CUS02499,5,EMP0096,Vodafone Cash,Returned,1397,740
ORD0008741,29/09/2022,20220929,CUS02052,3,EMP0077,Cash,Completed,368,220
ORD0011533,29/09/2022,20220929,CUS00398,1,EMP0020,Cash,Completed,784,420
ORD0006438,29/09/2022,20220929,CUS02799,2,EMP0030,Vodafone Cash,Completed,762,580
ORD0001893,29/09/2022,20220929,CUS02686,6,EMP0126,Fawry,Completed,418,210
ORD0007395,29/09/2022,20220929,CUS02543,1,,Debit Card,Completed,230,110
ORD0010816,29/09/2022,20220929,CUS02400,2,EMP0036,InstaPay,Completed,142.5,70
ORD0009798,29/09/2022,20220929,CUS02513,5,EMP0105,Credit Card,Completed,1914.5,1080
ORD0005154,30/09/2022,20220930,CUS02149,14,EMP0197,Debit Card,Completed,870,440
ORD0001478,30/09/2022,20220930,CUS02914,3,,Debit Card,Completed,6272,5060
ORD0004600,30/09/2022,20220930,CUS00634,3,EMP0057,Fawry,Completed,142.5,90
ORD0000369,30/09/2022,20220930,CUS00905,2,EMP0032,InstaPay,Completed,1536,780
ORD0000375,30/09/2022,20220930,CUS01342,11,EMP0173,  Vodafone Cash  ,Completed,2070,1680
ORD0001673,30/09/2022,20220930,CUS01356,9,EMP0149,  Fawry  ,Returned,610,300
ORD0011901,30/09/2022,20220930,CUS01266,1,EMP0009,Vodafone Cash,Completed,880,440
ORD0010095,30/09/2022,20220930,CUS00329,13,,Vodafone Cash,Completed,240,110
ORD0004638,30/09/2022,20220930,CUS02424,6,EMP0121,  Debit Card  ,Completed,1145,610
ORD0007447,30/09/2022,20220930,CUS02846,4,EMP0081,Fawry,Completed,810,390
ORD0000784,30/09/2022,20220930,CUS02886,11,EMP0165,  Cash  ,Completed,1246,650
ORD0003054,30/09/2022,20220930,CUS02673,4,EMP0087,Credit Card,Cancelled,1010,480
ORD0008617,01/10/2022,20221001,CUS00417,3,EMP0060,Cash,Completed,266,140
ORD0010823,01/10/2022,20221001,CUS00137,15,EMP0209,Debit Card,Completed,10685.5,9130
ORD0005104,01/10/2022,20221001,CUS00099,1,EMP0010,Cash,Completed,1830,900
ORD0010806,01/10/2022,20221001,CUS00255,1,EMP0009,Fawry,Completed,450,270
ORD0003027,01/10/2022,20221001,CUS02587,12,EMP0176,  Fawry  ,Completed,2170,1120
ORD0008823,01/10/2022,20221001,CUS02390,4,EMP0092,  Fawry  ,Completed,756,420
ORD0008090,01/10/2022,20221001,CUS02443,7,EMP0132,Fawry,Completed,970,490
ORD0000811,01/10/2022,20221001,CUS01590,8,EMP0141,Fawry,Returned,6925,6930
ORD0000036,01/10/2022,20221001,CUS00650,3,EMP0061,Fawry,Completed,680,400
ORD0002406,01/10/2022,20221001,CUS00853,13,EMP0190,Fawry,Returned,606,300
ORD0005234,01/10/2022,20221001,CUS02155,6,EMP0114,InstaPay,Returned,993,490
ORD0006969,01/10/2022,20221001,CUS02500,10,EMP0159,  Vodafone Cash  ,Completed,3380,2730
ORD0003887,01/10/2022,20221001,CUS02244,2,EMP0031,Fawry,Cancelled,340,200
ORD0009179,01/10/2022,20221001,CUS02649,5,EMP0109,Credit Card,Completed,933,460
ORD0002062,01/10/2022,20221001,CUS00363,13,EMP0187,  InstaPay  ,Completed,1134,580
ORD0009170,01/10/2022,20221001,CUS02687,3,EMP0061,  Debit Card  ,Completed,5582,2790
ORD0005407,01/10/2022,20221001,CUS02654,1,EMP0010,InstaPay,Completed,6036,4770
ORD0005567,01/10/2022,20221001,CUS02994,13,EMP0185,Vodafone Cash,Completed,2610,1300
ORD0007542,01/10/2022,20221001,CUS01842,6,EMP0122,Debit Card,Returned,13340,10570
ORD0004048,01/10/2022,20221001,CUS02258,1,EMP0008,  InstaPay  ,Completed,396,200
ORD0005351,01/10/2022,20221001,CUS02332,11,EMP0172,Credit Card,Completed,228,120
ORD0002627,02/10/2022,20221002,CUS00923,4,EMP0087,Debit Card,Completed,27970,24660
ORD0011469,02/10/2022,20221002,CUS02218,6,EMP0119,InstaPay,Completed,1709,880
ORD0005712,02/10/2022,20221002,CUS02911,3,,Cash,Completed,2465,1940
ORD0011223,02/10/2022,20221002,CUS02266,4,EMP0090,Credit Card,Completed,46043,42560
ORD0008220,02/10/2022,20221002,CUS00315,4,,Fawry,Completed,15376,12200
ORD0001150,02/10/2022,20221002,CUS01139,10,EMP0154,  Vodafone Cash  ,Completed,180,80
ORD0005345,02/10/2022,20221002,CUS00070,14,EMP0197,InstaPay,Completed,2298,1270
ORD0011228,02/10/2022,20221002,CUS01156,1,EMP0026,InstaPay,Completed,1512,820
ORD0001657,02/10/2022,20221002,CUS01119,11,EMP0166,Credit Card,Completed,1275,630
ORD0003081,02/10/2022,20221002,CUS02355,4,EMP0080,  Credit Card  ,Completed,384,240
ORD0011076,02/10/2022,20221002,CUS02311,7,EMP0133,  Vodafone Cash  ,Completed,1856.5,930
ORD0002336,03/10/2022,20221003,CUS00274,14,EMP0199,InstaPay,Returned,2130,1050
ORD0004580,03/10/2022,20221003,CUS02858,8,EMP0137,  Debit Card  ,Completed,1882.5,1130
ORD0001147,03/10/2022,20221003,CUS01084,1,EMP0019,  Debit Card  ,Completed,1147,680
ORD0010780,03/10/2022,20221003,CUS00646,8,EMP0139,Cash,Completed,26520,21260
ORD0010648,03/10/2022,20221003,CUS02021,7,EMP0131,  Cash  ,Completed,578,320
ORD0005468,03/10/2022,20221003,CUS00283,5,EMP0104,InstaPay,Completed,450,210
ORD0002991,03/10/2022,20221003,CUS01986,1,EMP0011,InstaPay,Completed,878.5,430
ORD0010311,03/10/2022,20221003,CUS00024,3,EMP0063,Fawry,Returned,360,170
ORD0005581,03/10/2022,20221003,CUS02044,3,EMP0060,Cash,Completed,1152,690
ORD0009368,03/10/2022,20221003,CUS01648,3,EMP0065,Fawry,Cancelled,1054.5,540
ORD0004245,03/10/2022,20221003,CUS00157,3,EMP0059,InstaPay,Completed,5957,4710
ORD0008670,04/10/2022,20221004,CUS00411,1,EMP0001,Credit Card,Completed,352,220
ORD0009067,04/10/2022,20221004,CUS00732,3,EMP0055,Debit Card,Completed,958,460
ORD0000109,04/10/2022,20221004,CUS02941,6,EMP0113,Credit Card,Completed,552,280
ORD0011646,04/10/2022,20221004,CUS00707,3,EMP0059,Cash,Completed,2220,1110
ORD0003753,04/10/2022,20221004,CUS02988,3,EMP0074,Cash,Completed,492,250
ORD0003265,04/10/2022,20221004,CUS02205,12,EMP0175,Vodafone Cash,Completed,1161,630
ORD0006452,04/10/2022,20221004,CUS01954,7,EMP0133,Cash,Completed,720,350
ORD0004862,04/10/2022,20221004,CUS00212,2,EMP0047,Credit Card,Completed,770,380
ORD0004260,04/10/2022,20221004,CUS02188,4,EMP0089,Cash,Completed,579.5,300
ORD0008593,04/10/2022,20221004,CUS01625,3,EMP0072,Credit Card,Completed,252,120
ORD0004543,04/10/2022,20221004,CUS00829,6,EMP0114,Cash,Returned,1884.5,930
ORD0008471,04/10/2022,20221004,CUS01233,1,EMP0009,  Debit Card  ,Completed,34128,30190
ORD0011226,04/10/2022,20221004,CUS00774,5,EMP0105,  InstaPay  ,Returned,25326,21990
ORD0003549,04/10/2022,20221004,CUS00023,2,EMP0052,Credit Card,Completed,423,230
ORD0011265,04/10/2022,20221004,CUS00580,9,EMP0149,InstaPay,Completed,622,310
ORD0009012,05/10/2022,20221005,CUS01833,3,EMP0066,Debit Card,Completed,1645,860
ORD0011071,05/10/2022,20221005,CUS02616,5,,Vodafone Cash,Completed,1098,600
ORD0004705,05/10/2022,20221005,CUS00001,1,EMP0002,Cash,Completed,965,740
ORD0006823,05/10/2022,20221005,CUS00246,8,EMP0144,Vodafone Cash,Returned,322.5,150
ORD0004131,05/10/2022,20221005,CUS00483,3,EMP0078,Credit Card,Completed,20150,19910
ORD0009183,05/10/2022,20221005,CUS01567,5,EMP0108,Vodafone Cash,Completed,2360.5,1240
ORD0002076,05/10/2022,20221005,CUS01850,5,EMP0096,Cash,Completed,1458,810
ORD0009329,05/10/2022,20221005,CUS01156,13,EMP0193,Vodafone Cash,Returned,580,290
ORD0003203,05/10/2022,20221005,CUS01785,13,EMP0190,InstaPay,Completed,900,480
ORD0007135,05/10/2022,20221005,CUS01882,1,EMP0004,Vodafone Cash,Returned,350,170
ORD0008987,05/10/2022,20221005,CUS00051,3,EMP0071,Credit Card,Completed,10080,8900
ORD0011768,05/10/2022,20221005,CUS02732,15,EMP0205,Vodafone Cash,Completed,1161,640
ORD0006176,05/10/2022,20221005,CUS02459,2,EMP0053,Vodafone Cash,Completed,1414,770
ORD0011833,06/10/2022,20221006,CUS00929,11,EMP0166,InstaPay,Completed,9990,8480
ORD0010409,06/10/2022,20221006,CUS00384,2,EMP0046,  InstaPay  ,Completed,23850,21020
ORD0004904,06/10/2022,20221006,CUS01976,11,EMP0169,  Cash  ,Cancelled,1467,800
ORD0001075,06/10/2022,20221006,CUS01035,8,EMP0138,Fawry,Completed,494,240
ORD0009165,06/10/2022,20221006,CUS02096,3,EMP0064,Cash,Completed,2776,1430
ORD0002732,06/10/2022,20221006,CUS02537,3,EMP0058,Vodafone Cash,Completed,1362,790
ORD0007618,06/10/2022,20221006,CUS01168,12,EMP0183,  Fawry  ,Completed,1800,1010
ORD0000208,06/10/2022,20221006,CUS01353,10,EMP0162,Fawry,Completed,243,130
ORD0009539,06/10/2022,20221006,CUS00038,2,EMP0033,Cash,Completed,442.5,230
ORD0004235,06/10/2022,20221006,CUS02619,3,EMP0075,Vodafone Cash,Completed,936,480
ORD0001704,06/10/2022,20221006,CUS01877,6,EMP0126,Cash,Completed,865,520
ORD0000604,07/10/2022,20221007,CUS02713,3,EMP0064,Cash,Completed,720,360
ORD0002144,07/10/2022,20221007,CUS01673,10,EMP0155,Cash,Cancelled,540,360
ORD0008115,07/10/2022,20221007,CUS00272,6,EMP0120,Debit Card,Completed,2113,1080
ORD0010924,07/10/2022,20221007,CUS01291,2,EMP0037,InstaPay,Completed,1872,1000
ORD0001966,07/10/2022,20221007,CUS00956,2,EMP0030,  InstaPay  ,Completed,1008,540
ORD0011875,07/10/2022,20221007,CUS00988,10,EMP0155,Credit Card,Completed,200,100
ORD0007382,07/10/2022,20221007,CUS00955,8,EMP0141,Debit Card,Returned,577.5,280
ORD0011673,07/10/2022,20221007,CUS02928,1,,  Credit Card  ,Completed,160,70
ORD0004830,07/10/2022,20221007,CUS02426,1,EMP0028,Vodafone Cash,Completed,1440,800
ORD0002947,07/10/2022,20221007,CUS02282,3,EMP0070,Credit Card,Completed,1234,700
ORD0005710,08/10/2022,20221008,CUS02803,9,EMP0147,Fawry,Returned,720,340
ORD0011336,08/10/2022,20221008,CUS00107,14,EMP0201,Debit Card,Completed,203,140
ORD0010449,08/10/2022,20221008,CUS00374,11,EMP0171,Vodafone Cash,Completed,1054.5,540
ORD0007482,08/10/2022,20221008,CUS01814,8,EMP0140,Vodafone Cash,Completed,918,510
ORD0001523,08/10/2022,20221008,CUS01391,12,EMP0177,Debit Card,Returned,272,170
ORD0011342,08/10/2022,20221008,CUS00020,2,EMP0039,Vodafone Cash,Completed,300,140
ORD0000435,08/10/2022,20221008,CUS00658,8,EMP0138,Debit Card,Completed,631,360
ORD0001201,08/10/2022,20221008,CUS02377,12,EMP0184,Debit Card,Completed,324,180
ORD0001686,09/10/2022,20221009,CUS00146,4,EMP0088,Cash,Completed,247,120
ORD0008734,09/10/2022,20221009,CUS00098,4,EMP0087,Debit Card,Completed,2876,1540
ORD0003942,09/10/2022,20221009,CUS02081,12,EMP0184,  Credit Card  ,Completed,2022,1170
ORD0002189,09/10/2022,20221009,CUS01389,14,EMP0201,  Debit Card  ,Cancelled,342,180
ORD0000775,09/10/2022,20221009,CUS02740,7,EMP0128,Vodafone Cash,Completed,520,250
ORD0003834,09/10/2022,20221009,CUS01578,13,EMP0186,Credit Card,Completed,432,210
ORD0005128,09/10/2022,20221009,CUS02612,14,EMP0199,  Vodafone Cash  ,Completed,157.5,100
ORD0002221,09/10/2022,20221009,CUS01303,3,EMP0063,Cash,Completed,1112.5,610
ORD0011662,09/10/2022,20221009,CUS00273,10,EMP0159,Credit Card,Completed,1472.5,800
ORD0006929,09/10/2022,20221009,CUS01854,11,,  Cash  ,Completed,90,40
ORD0009711,09/10/2022,20221009,CUS02991,2,EMP0029,Vodafone Cash,Completed,2292,1150
ORD0004652,09/10/2022,20221009,CUS01746,2,EMP0044,InstaPay,Completed,4130,3800
ORD0011828,09/10/2022,20221009,CUS00681,8,EMP0140,  Debit Card  ,Completed,16781,15350
ORD0005914,09/10/2022,20221009,CUS01589,2,EMP0037,Vodafone Cash,Completed,3584,1860
ORD0005652,10/10/2022,20221010,CUS00386,4,EMP0079,  Fawry  ,Completed,864,470
ORD0007837,10/10/2022,20221010,CUS02453,6,EMP0118,Credit Card,Completed,2537.5,1440
ORD0004545,10/10/2022,20221010,CUS00947,2,EMP0032,Cash,Completed,510,250
ORD0011923,10/10/2022,20221010,CUS02794,13,EMP0186,Debit Card,Completed,320,140
ORD0001009,10/10/2022,20221010,CUS00631,8,EMP0141,  InstaPay  ,Completed,280,140
ORD0004461,10/10/2022,20221010,CUS00009,5,EMP0103,Cash,Completed,10767,8300
ORD0006472,10/10/2022,20221010,CUS01226,8,EMP0141,InstaPay,Completed,480,220
ORD0007426,10/10/2022,20221010,CUS00614,11,EMP0164,Cash,Returned,450,210
ORD0008446,10/10/2022,20221010,CUS01440,11,EMP0170,  Cash  ,Completed,1204,620
ORD0010436,11/10/2022,20221011,CUS02060,14,EMP0201,Fawry,Cancelled,405,240
ORD0003253,11/10/2022,20221011,CUS01006,3,EMP0077,Credit Card,Completed,387,210
ORD0009092,11/10/2022,20221011,CUS02357,2,EMP0042,InstaPay,Completed,189,100
ORD0011992,11/10/2022,20221011,CUS01713,6,EMP0115,Cash,Completed,788.5,410
ORD0007758,11/10/2022,20221011,CUS02625,10,EMP0154,Cash,Completed,1627.5,880
ORD0009004,11/10/2022,20221011,CUS02201,10,EMP0162,Credit Card,Completed,18776,15540
ORD0009599,11/10/2022,20221011,CUS02651,5,EMP0101,Debit Card,Completed,540,260
ORD0003353,11/10/2022,20221011,CUS01526,1,EMP0016,InstaPay,Completed,3260,2310
ORD0004213,11/10/2022,20221011,CUS02443,2,EMP0029,Fawry,Completed,945,570
ORD0000184,11/10/2022,20221011,CUS00246,2,EMP0040,Cash,Cancelled,600,290
ORD0002736,11/10/2022,20221011,CUS00854,8,EMP0138,InstaPay,Completed,9556,8840
ORD0010871,11/10/2022,20221011,CUS00792,10,EMP0153,Cash,Completed,580,260
ORD0008184,11/10/2022,20221011,CUS00187,6,EMP0114,InstaPay,Completed,358.5,210
ORD0010239,12/10/2022,20221012,CUS02729,15,EMP0210,Fawry,Completed,3006,1560
ORD0001917,12/10/2022,20221012,CUS02252,3,EMP0068,Cash,Completed,3125.5,1620
ORD0002175,12/10/2022,20221012,CUS00387,4,,InstaPay,Completed,2140,1870
ORD0000060,12/10/2022,20221012,CUS00707,14,EMP0197,InstaPay,Completed,916,440
ORD0009000,12/10/2022,20221012,CUS00085,3,EMP0065,Cash,Completed,136,80
ORD0007125,12/10/2022,20221012,CUS00107,1,EMP0027,  Fawry  ,Completed,1020,490
ORD0002022,12/10/2022,20221012,CUS02619,4,EMP0092,Fawry,Completed,3027,1610
ORD0005494,12/10/2022,20221012,CUS00659,14,EMP0201,  Fawry  ,Completed,10834.5,8550
ORD0009169,12/10/2022,20221012,CUS00217,5,EMP0111,  Fawry  ,Completed,380,180
ORD0007142,12/10/2022,20221012,CUS00718,4,EMP0085,  Cash  ,Completed,4891.5,4510
ORD0006308,12/10/2022,20221012,CUS01625,9,EMP0146,InstaPay,Completed,170,80
ORD0004824,13/10/2022,20221013,CUS01165,9,EMP0149,Vodafone Cash,Returned,1170,560
ORD0004762,13/10/2022,20221013,CUS01105,1,EMP0006,Vodafone Cash,Completed,930,560
ORD0001071,13/10/2022,20221013,CUS00324,3,EMP0060,  InstaPay  ,Completed,152,70
ORD0003835,13/10/2022,20221013,CUS01906,13,EMP0193,InstaPay,Returned,1120,700
ORD0000115,13/10/2022,20221013,CUS00091,2,EMP0030,  InstaPay  ,Completed,144,70
ORD0007302,13/10/2022,20221013,CUS02051,11,EMP0173,Fawry,Completed,1476,770
ORD0010115,13/10/2022,20221013,CUS02667,6,EMP0119,Fawry,Completed,2867.5,1460
ORD0007670,13/10/2022,20221013,CUS02679,1,EMP0014,Fawry,Completed,304,160
ORD0008540,13/10/2022,20221013,CUS01823,8,,Cash,Cancelled,1600,1600
ORD0005044,13/10/2022,20221013,CUS01995,8,EMP0139,Debit Card,Cancelled,17134,13130
ORD0006077,14/10/2022,20221014,CUS02914,10,EMP0155,  InstaPay  ,Completed,2331,1220
ORD0009281,14/10/2022,20221014,CUS02890,5,EMP0108,Cash,Completed,30345,26610
ORD0005139,14/10/2022,20221014,CUS01149,5,EMP0096,Credit Card,Completed,1732,840
ORD0001449,14/10/2022,20221014,CUS01072,3,EMP0057,  Fawry  ,Returned,1000,490
ORD0009372,14/10/2022,20221014,CUS02808,4,EMP0091,Credit Card,Completed,190,90
ORD0004266,14/10/2022,20221014,CUS02947,1,EMP0020,  Cash  ,Completed,3960,3020
ORD0001718,14/10/2022,20221014,CUS01763,15,EMP0214,Vodafone Cash,Completed,432,230
ORD0007243,14/10/2022,20221014,CUS00482,5,EMP0111,Cash,Completed,15872.5,13560
ORD0001489,14/10/2022,20221014,CUS02113,10,EMP0163,  Vodafone Cash  ,Completed,1900,1600
ORD0003470,14/10/2022,20221014,CUS00534,10,EMP0161,Credit Card,Completed,2030,990
ORD0006964,14/10/2022,20221014,CUS00163,5,EMP0112,Cash,Returned,8109.5,7640
ORD0008442,15/10/2022,20221015,CUS02536,5,EMP0111,Debit Card,Completed,8062,6160
ORD0004651,15/10/2022,20221015,CUS02564,1,EMP0003,Credit Card,Completed,1609,820
ORD0002207,15/10/2022,20221015,CUS01434,11,EMP0167,Debit Card,Completed,855,440
ORD0003187,15/10/2022,20221015,CUS02766,10,EMP0163,InstaPay,Completed,1062,560
ORD0001192,15/10/2022,20221015,CUS01922,12,EMP0175,Vodafone Cash,Completed,19144,15190
ORD0001837,15/10/2022,20221015,CUS02713,3,EMP0063,Vodafone Cash,Completed,1123,560
ORD0005870,15/10/2022,20221015,CUS02931,3,EMP0071,Fawry,Completed,3124,1700
ORD0003410,16/10/2022,20221016,CUS02923,14,,Debit Card,Completed,522,290
ORD0004134,16/10/2022,20221016,CUS02571,2,EMP0044,Cash,Cancelled,1324,690
ORD0009065,16/10/2022,20221016,CUS01460,13,EMP0190,  Vodafone Cash  ,Completed,1078.5,560
ORD0004429,16/10/2022,20221016,CUS02502,7,EMP0127,Credit Card,Completed,304,140
ORD0011683,16/10/2022,20221016,CUS02929,9,EMP0149,Vodafone Cash,Completed,1842,1280
ORD0010696,16/10/2022,20221016,CUS01960,1,EMP0023,Fawry,Completed,8000,6400
ORD0004896,16/10/2022,20221016,CUS00948,12,EMP0180,InstaPay,Completed,234,120
ORD0006986,16/10/2022,20221016,CUS01611,6,EMP0123,Credit Card,Completed,469.5,260
ORD0011436,16/10/2022,20221016,CUS01599,3,EMP0066,Debit Card,Completed,1220,600
ORD0004607,16/10/2022,20221016,CUS01995,2,EMP0041,Credit Card,Returned,835.5,420
ORD0005847,16/10/2022,20221016,CUS02842,14,EMP0200,Vodafone Cash,Completed,1656,860
ORD0011682,16/10/2022,20221016,CUS02046,1,EMP0007,InstaPay,Returned,127.5,70
ORD0006055,16/10/2022,20221016,CUS01973,6,EMP0122,  Fawry  ,Completed,21490,20570
ORD0011487,17/10/2022,20221017,CUS01403,1,EMP0009,Vodafone Cash,Completed,918,500
ORD0001731,17/10/2022,20221017,CUS01255,1,EMP0007,Cash,Completed,127.5,70
ORD0010972,17/10/2022,20221017,CUS02147,5,EMP0105,Cash,Completed,13810,10800
ORD0006897,17/10/2022,20221017,CUS01011,9,EMP0145,  InstaPay  ,Completed,850,420
ORD0003855,17/10/2022,20221017,CUS01941,1,EMP0004,  Credit Card  ,Completed,207,110
ORD0010629,17/10/2022,20221017,CUS01076,13,EMP0188,Cash,Completed,1740.5,840
ORD0006322,17/10/2022,20221017,CUS00645,12,EMP0179,Vodafone Cash,Completed,680,340
ORD0011713,17/10/2022,20221017,CUS01542,5,EMP0101,Vodafone Cash,Completed,393.5,210
ORD0006839,18/10/2022,20221018,CUS00550,9,EMP0147,Vodafone Cash,Completed,190,100
ORD0004826,18/10/2022,20221018,CUS02084,12,EMP0180,Credit Card,Completed,6846,5340
ORD0011280,18/10/2022,20221018,CUS00234,6,EMP0114,  Cash  ,Completed,17460,15240
ORD0006197,18/10/2022,20221018,CUS00920,9,EMP0150,Cash,Completed,18390,15240
ORD0010886,18/10/2022,20221018,CUS02341,13,EMP0186,Fawry,Completed,17880,18310
ORD0006216,18/10/2022,20221018,CUS01444,3,EMP0068,InstaPay,Completed,2055.5,1020
ORD0011915,18/10/2022,20221018,CUS01575,4,EMP0084,Fawry,Completed,686,480
ORD0001202,18/10/2022,20221018,CUS00748,2,EMP0042,Debit Card,Completed,1057.5,540
ORD0000636,18/10/2022,20221018,CUS02330,5,EMP0109,Vodafone Cash,Cancelled,1368,690
ORD0003893,18/10/2022,20221018,CUS02291,13,EMP0185,Cash,Completed,947,490
ORD0003175,19/10/2022,20221019,CUS00227,5,EMP0107,Debit Card,Completed,8490,7300
ORD0005206,19/10/2022,20221019,CUS02154,2,EMP0035,Cash,Completed,270,160
ORD0008404,19/10/2022,20221019,CUS00095,4,EMP0091,  Debit Card  ,Completed,663.5,320
ORD0009487,19/10/2022,20221019,CUS02937,4,EMP0083,Fawry,Completed,270,130
ORD0006663,19/10/2022,20221019,CUS00054,2,EMP0045,Debit Card,Completed,906.5,450
ORD0007516,19/10/2022,20221019,CUS01596,5,EMP0110,  Vodafone Cash  ,Completed,25080,21200
ORD0002228,19/10/2022,20221019,CUS01692,12,EMP0178,Fawry,Completed,752,350
ORD0002483,19/10/2022,20221019,CUS00255,4,EMP0089,  InstaPay  ,Completed,2112,1090
ORD0005355,19/10/2022,20221019,CUS00306,2,EMP0037,Debit Card,Completed,802,460
ORD0001860,19/10/2022,20221019,CUS02318,12,EMP0184,  InstaPay  ,Completed,1980.5,990
ORD0008989,19/10/2022,20221019,CUS01171,10,EMP0161,Cash,Completed,208,130
ORD0008376,20/10/2022,20221020,CUS01368,4,EMP0089,Cash,Completed,803,410
ORD0004832,20/10/2022,20221020,CUS01581,4,EMP0093,Credit Card,Returned,24260,23960
ORD0004365,20/10/2022,20221020,CUS01039,5,EMP0102,Debit Card,Completed,1326,680
ORD0009628,20/10/2022,20221020,CUS01931,13,EMP0185,Credit Card,Completed,622,300
ORD0004138,20/10/2022,20221020,CUS01070,7,EMP0130,InstaPay,Completed,2180,1080
ORD0000239,20/10/2022,20221020,CUS00611,6,EMP0126,InstaPay,Completed,9595,8100
ORD0006966,20/10/2022,20221020,CUS00645,6,EMP0113,InstaPay,Completed,391.5,220
ORD0010367,20/10/2022,20221020,CUS01404,2,EMP0040,  Vodafone Cash  ,Completed,622.5,410
ORD0002536,20/10/2022,20221020,CUS00756,1,EMP0009,Cash,Completed,410,200
ORD0008007,20/10/2022,20221020,CUS00999,7,EMP0130,InstaPay,Completed,1609.5,920
ORD0003917,20/10/2022,20221020,CUS00182,3,EMP0073,  Fawry  ,Returned,51260,43040
ORD0003296,20/10/2022,20221020,CUS01820,12,EMP0183,Fawry,Completed,487,250
ORD0005373,21/10/2022,20221021,CUS01593,4,EMP0084,  Vodafone Cash  ,Completed,11050,10400
ORD0009908,21/10/2022,20221021,CUS01586,11,EMP0166,Credit Card,Completed,2188.5,1060
ORD0011216,21/10/2022,20221021,CUS01543,1,EMP0026,Vodafone Cash,Completed,445,210
ORD0004790,21/10/2022,20221021,CUS00004,6,,  Debit Card  ,Completed,617,320
ORD0003570,21/10/2022,20221021,CUS00080,4,EMP0088,  Credit Card  ,Completed,2000,1600
ORD0008333,21/10/2022,20221021,CUS02891,12,EMP0178,Fawry,Returned,1044,560
ORD0001682,21/10/2022,20221021,CUS00535,2,EMP0039,Debit Card,Completed,911.5,490
ORD0003724,21/10/2022,20221021,CUS01397,4,EMP0085,Fawry,Completed,90,40
ORD0004163,21/10/2022,20221021,CUS01972,7,EMP0133,Credit Card,Completed,333,180
ORD0006689,21/10/2022,20221021,CUS01954,3,EMP0060,Vodafone Cash,Completed,76.5,40
ORD0006937,21/10/2022,20221021,CUS02821,4,EMP0090,Vodafone Cash,Completed,510,250
ORD0001716,21/10/2022,20221021,CUS01765,3,EMP0077,Debit Card,Completed,661,350
ORD0008521,21/10/2022,20221021,CUS02305,8,EMP0144,Vodafone Cash,Returned,142.5,70
ORD0004379,21/10/2022,20221021,CUS01028,6,EMP0113,Cash,Completed,190,90
ORD0008980,21/10/2022,20221021,CUS02285,3,EMP0057,InstaPay,Completed,680,320
ORD0000479,21/10/2022,20221021,CUS01464,5,EMP0110,  Fawry  ,Completed,1308,630
ORD0000541,21/10/2022,20221021,CUS01087,2,EMP0041,Credit Card,Completed,136,70
ORD0005509,21/10/2022,20221021,CUS00522,13,EMP0191,  InstaPay  ,Completed,672,340
ORD0007468,21/10/2022,20221021,CUS02525,3,EMP0071,InstaPay,Completed,570,400
ORD0003785,22/10/2022,20221022,CUS00765,9,EMP0150,  Fawry  ,Completed,503,280
ORD0008660,22/10/2022,20221022,CUS00292,3,EMP0074,Credit Card,Completed,12608,10040
ORD0009469,22/10/2022,20221022,CUS02691,5,EMP0111,Credit Card,Completed,1120,560
ORD0006040,22/10/2022,20221022,CUS01108,2,EMP0051,Vodafone Cash,Completed,738,430
ORD0005960,22/10/2022,20221022,CUS00782,12,EMP0174,Credit Card,Completed,266,140
ORD0008682,22/10/2022,20221022,CUS02877,2,EMP0030,Debit Card,Completed,720,390
ORD0002375,22/10/2022,20221022,CUS02236,5,EMP0098,Fawry,Completed,1656,860
ORD0006131,22/10/2022,20221022,CUS01487,2,EMP0029,Vodafone Cash,Completed,484.5,240
ORD0008122,22/10/2022,20221022,CUS00244,2,EMP0031,InstaPay,Completed,270,140
ORD0008473,22/10/2022,20221022,CUS01405,15,EMP0216,InstaPay,Completed,318,170
ORD0005069,22/10/2022,20221022,CUS02252,4,EMP0080,  InstaPay  ,Completed,40230,35700
ORD0005395,23/10/2022,20221023,CUS00440,10,EMP0156,Fawry,Completed,3834,2080
ORD0009644,23/10/2022,20221023,CUS02638,15,EMP0216,Debit Card,Completed,255,140
ORD0003115,23/10/2022,20221023,CUS01600,3,EMP0055,Cash,Completed,1428.5,750
ORD0011861,23/10/2022,20221023,CUS00264,3,EMP0073,Vodafone Cash,Completed,306,160
ORD0010204,24/10/2022,20221024,CUS00309,11,EMP0173,  InstaPay  ,Completed,896,560
ORD0009344,24/10/2022,20221024,CUS02395,7,EMP0132,InstaPay,Completed,24240,24300
ORD0001995,24/10/2022,20221024,CUS01475,1,EMP0012,Vodafone Cash,Returned,545.5,320
ORD0009814,24/10/2022,20221024,CUS01173,1,EMP0017,  Debit Card  ,Completed,731.5,380
ORD0001111,24/10/2022,20221024,CUS02009,6,EMP0114,  InstaPay  ,Completed,1920,2000
ORD0007973,24/10/2022,20221024,CUS01134,2,EMP0032,InstaPay,Completed,560,280
ORD0006014,24/10/2022,20221024,CUS02959,1,EMP0011,Fawry,Completed,1937,1010
ORD0010515,24/10/2022,20221024,CUS01172,1,EMP0020,  Debit Card  ,Completed,2180,1080
ORD0007572,24/10/2022,20221024,CUS02891,12,EMP0181,Cash,Completed,170,80
ORD0001465,24/10/2022,20221024,CUS01490,8,EMP0138,Fawry,Completed,2249.5,1140
ORD0007248,24/10/2022,20221024,CUS01947,10,EMP0154,Credit Card,Completed,777,380
ORD0005005,24/10/2022,20221024,CUS00751,6,EMP0120,Vodafone Cash,Completed,12690,10570
ORD0001538,24/10/2022,20221024,CUS01860,6,EMP0116,Credit Card,Completed,456,240
ORD0008505,24/10/2022,20221024,CUS02304,5,,InstaPay,Completed,710,350
ORD0009168,25/10/2022,20221025,CUS01886,10,EMP0155,Cash,Completed,592,300
ORD0010807,25/10/2022,20221025,CUS00258,4,EMP0087,InstaPay,Completed,1080,490
ORD0008295,25/10/2022,20221025,CUS02228,1,EMP0022,InstaPay,Completed,142.5,70
ORD0003181,25/10/2022,20221025,CUS01142,6,EMP0120,Fawry,Completed,1880,1640
ORD0003205,25/10/2022,20221025,CUS01143,1,EMP0013,Vodafone Cash,Completed,1306,690
ORD0000004,25/10/2022,20221025,CUS01046,7,EMP0134,  InstaPay  ,Completed,1190,600
ORD0010566,25/10/2022,20221025,CUS01353,4,EMP0091,Vodafone Cash,Completed,1249.5,710
ORD0003757,25/10/2022,20221025,CUS00245,11,EMP0173,Debit Card,Completed,117,60
ORD0005908,25/10/2022,20221025,CUS00596,7,EMP0130,Vodafone Cash,Completed,26975.5,21280
ORD0006318,25/10/2022,20221025,CUS01499,3,EMP0068,  Vodafone Cash  ,Completed,1734,870
ORD0008626,25/10/2022,20221025,CUS02296,1,EMP0005,Vodafone Cash,Completed,1226,700
ORD0009412,25/10/2022,20221025,CUS01633,12,EMP0178,Vodafone Cash,Returned,978,560
ORD0004123,25/10/2022,20221025,CUS01351,5,EMP0112,Vodafone Cash,Completed,300,140
ORD0011127,26/10/2022,20221026,CUS02136,8,EMP0140,Credit Card,Returned,674,340
ORD0007462,26/10/2022,20221026,CUS00561,5,EMP0102,Credit Card,Completed,135,70
ORD0003467,26/10/2022,20221026,CUS01640,5,EMP0112,InstaPay,Completed,280,140
ORD0009477,26/10/2022,20221026,CUS00076,2,EMP0030,Vodafone Cash,Completed,1560,800
ORD0004588,26/10/2022,20221026,CUS02793,9,EMP0150,Cash,Completed,1376,840
ORD0010225,26/10/2022,20221026,CUS02189,4,EMP0087,InstaPay,Returned,130,60
ORD0005210,26/10/2022,20221026,CUS01868,2,EMP0047,Credit Card,Completed,999,530
ORD0008215,26/10/2022,20221026,CUS02205,11,EMP0167,Cash,Completed,560,280
ORD0000973,26/10/2022,20221026,CUS01693,3,EMP0065,Fawry,Completed,210,140
ORD0009810,27/10/2022,20221027,CUS01716,6,EMP0119,Vodafone Cash,Completed,55670,44480
ORD0005624,27/10/2022,20221027,CUS02258,12,EMP0180,  Fawry  ,Completed,646,320
ORD0002190,28/10/2022,20221028,CUS02626,3,EMP0064,Vodafone Cash,Completed,375,190
ORD0008288,28/10/2022,20221028,CUS01637,3,EMP0071,Debit Card,Completed,2254,1170
ORD0009636,28/10/2022,20221028,CUS01860,2,EMP0041,Vodafone Cash,Completed,247,120
ORD0003440,28/10/2022,20221028,CUS02614,5,,Cash,Cancelled,234,130
ORD0003290,28/10/2022,20221028,CUS00714,4,EMP0094,Credit Card,Completed,2173,1100
ORD0008904,28/10/2022,20221028,CUS00637,4,EMP0081,  InstaPay  ,Completed,1143,590
ORD0009019,28/10/2022,20221028,CUS02616,2,EMP0046,Cash,Completed,2496,1290
ORD0005744,28/10/2022,20221028,CUS00258,1,EMP0005,Credit Card,Completed,2818.5,1470
ORD0007543,28/10/2022,20221028,CUS02997,9,EMP0151,Credit Card,Returned,1672.5,870
ORD0004055,28/10/2022,20221028,CUS01296,5,EMP0110,Credit Card,Completed,2952,1600
ORD0000443,28/10/2022,20221028,CUS02709,2,EMP0044,Debit Card,Completed,360,170
ORD0003690,29/10/2022,20221029,CUS00811,1,EMP0001,Credit Card,Completed,1434,810
ORD0011176,29/10/2022,20221029,CUS02473,12,EMP0180,Fawry,Cancelled,1752,990
ORD0004168,29/10/2022,20221029,CUS00877,4,EMP0088,Debit Card,Returned,1476.5,810
ORD0003370,29/10/2022,20221029,CUS01209,11,,Fawry,Completed,2800,1400
ORD0001278,29/10/2022,20221029,CUS00733,3,,Cash,Completed,1870,1730
ORD0000320,29/10/2022,20221029,CUS00084,10,EMP0153,Credit Card,Completed,1852,1000
ORD0001805,29/10/2022,20221029,CUS01842,11,EMP0173,  Credit Card  ,Completed,340,200
ORD0003477,29/10/2022,20221029,CUS00939,5,EMP0103,InstaPay,Completed,715.5,460
ORD0010144,29/10/2022,20221029,CUS01084,1,EMP0007,Credit Card,Completed,112,60
ORD0003200,29/10/2022,20221029,CUS00223,1,EMP0015,Fawry,Completed,960,460
ORD0007452,29/10/2022,20221029,CUS01313,14,EMP0196,Credit Card,Completed,1329,640
ORD0002757,30/10/2022,20221030,CUS00357,7,EMP0130,Credit Card,Completed,1580,840
ORD0011106,30/10/2022,20221030,CUS02682,3,EMP0064,Fawry,Returned,18575,15420
ORD0003708,30/10/2022,20221030,CUS02969,5,EMP0107,  Fawry  ,Completed,399.5,230
ORD0003749,30/10/2022,20221030,CUS01547,15,EMP0204,  Fawry  ,Completed,16851.5,13210
ORD0010669,30/10/2022,20221030,CUS00148,13,EMP0190,InstaPay,Completed,165,110
ORD0004854,30/10/2022,20221030,CUS01613,3,EMP0060,Vodafone Cash,Completed,676,360
ORD0011988,30/10/2022,20221030,CUS01515,10,EMP0153,Debit Card,Completed,5310,4700
ORD0010933,30/10/2022,20221030,CUS01511,1,EMP0004,Cash,Completed,1425,740
ORD0003508,30/10/2022,20221030,CUS02907,13,,InstaPay,Completed,3582,2190
ORD0002481,30/10/2022,20221030,CUS00915,11,EMP0167,Debit Card,Completed,4824,2390
ORD0007705,30/10/2022,20221030,CUS00564,1,EMP0024,Debit Card,Completed,720,460
ORD0007880,30/10/2022,20221030,CUS00333,14,EMP0201,Cash,Completed,160,90
ORD0004206,31/10/2022,20221031,CUS00858,2,EMP0050,Credit Card,Returned,39450,32390
ORD0001226,31/10/2022,20221031,CUS02357,9,EMP0145,Vodafone Cash,Completed,420,230
ORD0008173,31/10/2022,20221031,CUS02251,14,EMP0194,Fawry,Completed,15820,14920
ORD0011447,31/10/2022,20221031,CUS00945,13,EMP0185,Debit Card,Completed,3128.5,1590
ORD0003174,31/10/2022,20221031,CUS00787,11,EMP0171,InstaPay,Completed,36080,35840
ORD0001062,31/10/2022,20221031,CUS02826,2,EMP0049,  Debit Card  ,Completed,24990,23600
ORD0001394,31/10/2022,20221031,CUS01871,1,EMP0001,Cash,Completed,314.5,180
ORD0006973,31/10/2022,20221031,CUS00839,14,EMP0200,Credit Card,Completed,2208,1620
ORD0011045,31/10/2022,20221031,CUS00394,2,EMP0054,  Credit Card  ,Completed,8060,6630
ORD0000915,31/10/2022,20221031,CUS00853,14,EMP0202,Debit Card,Cancelled,29800,23800
ORD0005456,01/11/2022,20221101,CUS00238,2,EMP0038,Vodafone Cash,Completed,1992,1090
ORD0011641,01/11/2022,20221101,CUS01159,5,EMP0107,Credit Card,Completed,1903,950
ORD0000189,01/11/2022,20221101,CUS02177,11,EMP0165,Credit Card,Returned,2305.5,1160
ORD0003670,01/11/2022,20221101,CUS02354,1,EMP0020,  InstaPay  ,Completed,1816,990
ORD0004694,01/11/2022,20221101,CUS01619,6,EMP0118,Credit Card,Completed,1160,560
ORD0000737,01/11/2022,20221101,CUS00178,7,EMP0136,  Debit Card  ,Completed,2022,1060
ORD0006456,01/11/2022,20221101,CUS01789,2,EMP0041,Vodafone Cash,Completed,2520,2140
ORD0001769,01/11/2022,20221101,CUS02161,8,EMP0140,  InstaPay  ,Completed,865.5,430
ORD0003400,01/11/2022,20221101,CUS00273,12,EMP0178,Debit Card,Cancelled,230,110
ORD0009817,01/11/2022,20221101,CUS01545,11,EMP0169,  Debit Card  ,Completed,1000,480
ORD0001749,02/11/2022,20221102,CUS02135,4,EMP0080,Fawry,Completed,2157,1110
ORD0003884,02/11/2022,20221102,CUS02908,4,EMP0087,Cash,Completed,300,140
ORD0001750,02/11/2022,20221102,CUS02205,11,EMP0171,InstaPay,Completed,1475,780
ORD0011545,02/11/2022,20221102,CUS01218,4,EMP0081,Fawry,Completed,484.5,250
ORD0005840,02/11/2022,20221102,CUS02814,1,,Debit Card,Completed,8335,8410
ORD0000351,02/11/2022,20221102,CUS01443,2,EMP0053,Credit Card,Completed,6380,5250
ORD0011290,02/11/2022,20221102,CUS01474,2,EMP0036,Debit Card,Completed,2389,1760
ORD0010111,02/11/2022,20221102,CUS01771,2,EMP0049,  Credit Card  ,Completed,480,240
ORD0000803,02/11/2022,20221102,CUS02390,11,EMP0165,Debit Card,Completed,25080,21000
ORD0010609,02/11/2022,20221102,CUS02483,2,EMP0049,Debit Card,Cancelled,342,170
ORD0008935,02/11/2022,20221102,CUS01086,4,EMP0091,Vodafone Cash,Returned,48136,51070
ORD0007823,02/11/2022,20221102,CUS00187,14,EMP0202,Debit Card,Completed,631,350
ORD0011494,02/11/2022,20221102,CUS01032,1,EMP0028,  Credit Card  ,Returned,540,330
ORD0005644,02/11/2022,20221102,CUS02200,2,EMP0032,Debit Card,Completed,540,360
ORD0004950,02/11/2022,20221102,CUS02107,3,EMP0064,Credit Card,Completed,1629.5,950
ORD0006652,03/11/2022,20221103,CUS02320,2,EMP0048,Vodafone Cash,Completed,969.5,550
ORD0002758,03/11/2022,20221103,CUS00861,4,EMP0087,Debit Card,Completed,53274.5,47380
ORD0000839,03/11/2022,20221103,CUS00138,14,EMP0195,Cash,Completed,13821,10930
ORD0002131,03/11/2022,20221103,CUS01818,6,EMP0120,Cash,Completed,1563,840
ORD0002034,03/11/2022,20221103,CUS00645,6,EMP0115,Vodafone Cash,Completed,440,220
ORD0008770,03/11/2022,20221103,CUS01782,1,EMP0013,Fawry,Completed,847.5,440
ORD0003699,03/11/2022,20221103,CUS01977,11,EMP0170,  Fawry  ,Completed,1440,690
ORD0004191,03/11/2022,20221103,CUS00568,6,,Credit Card,Completed,1060,570
ORD0004980,03/11/2022,20221103,CUS01204,8,EMP0139,Debit Card,Completed,240,110
ORD0009963,03/11/2022,20221103,CUS01212,11,EMP0169,Cash,Completed,1520,840
ORD0010841,03/11/2022,20221103,CUS01865,1,EMP0007,  Fawry  ,Completed,1045,530
ORD0007949,04/11/2022,20221104,CUS00869,2,EMP0045,Vodafone Cash,Completed,450,280
ORD0006917,04/11/2022,20221104,CUS02665,1,EMP0006,Vodafone Cash,Completed,1586,810
ORD0007027,04/11/2022,20221104,CUS01291,13,EMP0190,Credit Card,Completed,3170,1560
ORD0002434,04/11/2022,20221104,CUS02100,1,EMP0023,InstaPay,Completed,2448,1410
ORD0006702,04/11/2022,20221104,CUS02172,2,EMP0045,  Cash  ,Completed,800,380
ORD0009606,04/11/2022,20221104,CUS00922,4,EMP0094,  Debit Card  ,Completed,2130,1070
ORD0006949,04/11/2022,20221104,CUS02996,5,EMP0095,  InstaPay  ,Completed,396,180
ORD0007651,04/11/2022,20221104,CUS02387,14,,Cash,Completed,412.5,220
ORD0002396,04/11/2022,20221104,CUS00663,3,EMP0067,Fawry,Completed,805,410
ORD0009685,04/11/2022,20221104,CUS01121,5,EMP0108,Cash,Completed,769.5,390
ORD0005014,05/11/2022,20221105,CUS01034,2,EMP0053,Vodafone Cash,Completed,1680,820
ORD0007362,05/11/2022,20221105,CUS00267,12,EMP0176,Credit Card,Completed,680,390
ORD0000535,05/11/2022,20221105,CUS02869,2,EMP0031,Debit Card,Completed,2190,1070
ORD0005024,05/11/2022,20221105,CUS01741,4,EMP0083,Cash,Completed,2668,2220
ORD0011846,05/11/2022,20221105,CUS00496,10,EMP0158,Fawry,Completed,85.5,40
ORD0010803,05/11/2022,20221105,CUS00113,14,EMP0197,Credit Card,Returned,250,120
ORD0004523,05/11/2022,20221105,CUS01248,6,EMP0120,Cash,Completed,1320,730
ORD0001474,05/11/2022,20221105,CUS01615,3,EMP0069,Debit Card,Completed,22160,19500
ORD0009201,05/11/2022,20221105,CUS01518,3,EMP0069,  Debit Card  ,Completed,409.5,210
ORD0003583,05/11/2022,20221105,CUS00275,9,EMP0149,  Fawry  ,Completed,701,380
ORD0005836,05/11/2022,20221105,CUS02254,1,EMP0004,InstaPay,Cancelled,504,290
ORD0003560,05/11/2022,20221105,CUS00540,14,EMP0197,Debit Card,Completed,432,220
ORD0003874,06/11/2022,20221106,CUS00101,3,EMP0065,Credit Card,Completed,720,360
ORD0002580,06/11/2022,20221106,CUS00137,4,EMP0083,Vodafone Cash,Returned,2160,2100
ORD0003862,06/11/2022,20221106,CUS01775,13,EMP0191,Debit Card,Completed,270,130
ORD0010068,06/11/2022,20221106,CUS02787,6,EMP0125,Cash,Completed,2680.5,1940
ORD0007379,06/11/2022,20221106,CUS01557,11,EMP0165,Vodafone Cash,Completed,567,310
ORD0008053,06/11/2022,20221106,CUS02515,7,EMP0128,Credit Card,Completed,472,290
ORD0010738,07/11/2022,20221107,CUS00033,11,EMP0164,Credit Card,Cancelled,1604.5,870
ORD0011267,07/11/2022,20221107,CUS01919,14,,InstaPay,Completed,1624,860
ORD0005037,07/11/2022,20221107,CUS00886,3,EMP0069,Credit Card,Completed,770,380
ORD0007164,07/11/2022,20221107,CUS01598,4,EMP0086,InstaPay,Completed,1401,770
ORD0001639,07/11/2022,20221107,CUS01189,10,EMP0154,Debit Card,Completed,701,360
ORD0009555,07/11/2022,20221107,CUS00663,6,EMP0113,InstaPay,Cancelled,1355,690
ORD0010269,07/11/2022,20221107,CUS00026,14,EMP0202,  Fawry  ,Completed,1033,530
ORD0010642,07/11/2022,20221107,CUS00489,5,EMP0108,Vodafone Cash,Completed,266,140
ORD0007274,07/11/2022,20221107,CUS00860,1,EMP0017,Credit Card,Returned,911,470
ORD0009185,07/11/2022,20221107,CUS00052,1,EMP0015,Fawry,Completed,270,130
ORD0003896,07/11/2022,20221107,CUS01268,13,EMP0186,  Debit Card  ,Completed,1382,690
ORD0000251,07/11/2022,20221107,CUS02826,5,EMP0107,Credit Card,Returned,5357.5,3010
ORD0004064,07/11/2022,20221107,CUS01195,10,EMP0161,Debit Card,Completed,127.5,70
ORD0006671,07/11/2022,20221107,CUS02580,4,EMP0091,  Fawry  ,Completed,378,210
ORD0011556,07/11/2022,20221107,CUS01507,4,EMP0084,InstaPay,Completed,3342,1910
ORD0003234,07/11/2022,20221107,CUS02322,2,EMP0053,Debit Card,Completed,152,80
ORD0001148,08/11/2022,20221108,CUS00847,4,EMP0088,InstaPay,Completed,3240,1600
ORD0000894,08/11/2022,20221108,CUS00506,4,EMP0084,Credit Card,Completed,648,360
ORD0005529,08/11/2022,20221108,CUS01918,8,EMP0138,Cash,Completed,1770,870
ORD0007332,08/11/2022,20221108,CUS01889,6,EMP0116,Debit Card,Completed,950,480
ORD0008036,08/11/2022,20221108,CUS00417,14,EMP0195,Fawry,Completed,551,290
ORD0002837,08/11/2022,20221108,CUS00540,12,EMP0179,Debit Card,Completed,1236,690
ORD0000679,08/11/2022,20221108,CUS02980,11,EMP0171,Cash,Completed,7511,5570
ORD0001213,08/11/2022,20221108,CUS02278,5,EMP0098,  Fawry  ,Returned,880,430
ORD0006130,08/11/2022,20221108,CUS01252,14,EMP0197,Cash,Completed,22531,21220
ORD0008562,08/11/2022,20221108,CUS00338,2,EMP0046,Credit Card,Completed,1149,580
ORD0008586,09/11/2022,20221109,CUS01105,7,EMP0134,Debit Card,Completed,1390,750
ORD0004782,09/11/2022,20221109,CUS02490,1,EMP0022,Vodafone Cash,Completed,585,300
ORD0009311,09/11/2022,20221109,CUS00362,6,EMP0120,Cash,Completed,2058,1090
ORD0000578,09/11/2022,20221109,CUS01818,5,EMP0101,Fawry,Completed,427.5,210
ORD0006677,09/11/2022,20221109,CUS01713,14,EMP0198,Vodafone Cash,Completed,304,140
ORD0010634,09/11/2022,20221109,CUS01736,7,EMP0129,Debit Card,Returned,238,140
ORD0008938,09/11/2022,20221109,CUS00552,4,EMP0086,Debit Card,Completed,12415,9630
ORD0002785,09/11/2022,20221109,CUS01748,1,EMP0027,Fawry,Completed,4014.5,2110
ORD0001636,10/11/2022,20221110,CUS01050,14,EMP0198,Credit Card,Completed,883.5,450
ORD0003866,10/11/2022,20221110,CUS02370,3,EMP0078,  Fawry  ,Completed,698,360
ORD0002282,10/11/2022,20221110,CUS01326,5,EMP0103,Vodafone Cash,Completed,1138,560
ORD0001840,10/11/2022,20221110,CUS01502,3,,Vodafone Cash,Completed,2052.5,1090
ORD0004726,10/11/2022,20221110,CUS01947,2,EMP0043,  Credit Card  ,Completed,210,100
ORD0006082,10/11/2022,20221110,CUS02516,4,EMP0089,Cash,Completed,600,280
ORD0002509,10/11/2022,20221110,CUS01812,2,EMP0054,Credit Card,Completed,1101,590
ORD0006089,10/11/2022,20221110,CUS01350,2,EMP0029,Debit Card,Returned,850,500
ORD0005353,10/11/2022,20221110,CUS01830,12,EMP0180,Vodafone Cash,Returned,11824,10440
ORD0010112,10/11/2022,20221110,CUS01431,5,EMP0096,Credit Card,Returned,17160,14080
ORD0008107,10/11/2022,20221110,CUS00453,10,EMP0162,InstaPay,Completed,31680,31500
ORD0011881,10/11/2022,20221110,CUS00574,11,EMP0167,Vodafone Cash,Returned,199.5,100
ORD0007228,11/11/2022,20221111,CUS00907,10,EMP0160,InstaPay,Completed,1143,590
ORD0008806,11/11/2022,20221111,CUS02606,1,EMP0004,Credit Card,Completed,10863,9530
ORD0005066,11/11/2022,20221111,CUS01664,1,EMP0008,Vodafone Cash,Completed,2135,1070
ORD0002916,11/11/2022,20221111,CUS01990,1,EMP0025,Credit Card,Completed,13200,9520
ORD0010766,11/11/2022,20221111,CUS02232,5,EMP0107,Vodafone Cash,Completed,1111,530
ORD0006976,11/11/2022,20221111,CUS00386,2,EMP0032,Fawry,Cancelled,1555,760
ORD0004368,11/11/2022,20221111,CUS02506,6,EMP0116,Debit Card,Completed,1738.5,900
ORD0005762,11/11/2022,20221111,CUS00795,7,EMP0130,Credit Card,Completed,1090,620
ORD0001034,11/11/2022,20221111,CUS00447,15,EMP0205,  Debit Card  ,Completed,4473,3080
ORD0010798,11/11/2022,20221111,CUS00271,6,EMP0122,  Cash  ,Completed,117,60
ORD0010555,12/11/2022,20221112,CUS02683,11,EMP0169,Cash,Completed,1718,880
ORD0010560,12/11/2022,20221112,CUS01542,5,EMP0098,  InstaPay  ,Completed,2303,1160
ORD0009879,12/11/2022,20221112,CUS00062,5,EMP0098,  Fawry  ,Completed,400,180
ORD0002255,12/11/2022,20221112,CUS01251,12,EMP0180,Cash,Completed,320,140
ORD0002722,12/11/2022,20221112,CUS02270,4,EMP0087,  Fawry  ,Completed,12594,10490
ORD0005905,12/11/2022,20221112,CUS00547,6,EMP0122,Debit Card,Completed,80,40
ORD0009043,12/11/2022,20221112,CUS01548,12,EMP0183,Credit Card,Cancelled,906,520
ORD0000349,12/11/2022,20221112,CUS00842,3,EMP0070,  Fawry  ,Returned,1095,550
ORD0004810,12/11/2022,20221112,CUS02710,1,EMP0009,Cash,Completed,5061.5,2480
ORD0007103,12/11/2022,20221112,CUS00842,15,EMP0205,Debit Card,Completed,2800,1390
ORD0000589,12/11/2022,20221112,CUS01777,1,EMP0026,Fawry,Completed,2232.5,1130
ORD0009348,12/11/2022,20221112,CUS00255,10,EMP0158,Cash,Completed,838,470
ORD0000009,12/11/2022,20221112,CUS02042,8,EMP0143,Credit Card,Completed,1840,990
ORD0011711,13/11/2022,20221113,CUS02401,4,EMP0086,Cash,Completed,687.5,370
ORD0007182,13/11/2022,20221113,CUS02845,4,EMP0081,Debit Card,Completed,13270,12970
ORD0002596,13/11/2022,20221113,CUS02028,5,EMP0099,Fawry,Completed,3122,1730
ORD0010218,13/11/2022,20221113,CUS01921,7,EMP0135,Vodafone Cash,Completed,523,270
ORD0010509,13/11/2022,20221113,CUS00704,3,EMP0059,Vodafone Cash,Completed,374,220
ORD0001376,13/11/2022,20221113,CUS00344,5,EMP0111,InstaPay,Returned,3040,1560
ORD0001544,14/11/2022,20221114,CUS02313,3,EMP0061,Vodafone Cash,Completed,190,100
ORD0003736,14/11/2022,20221114,CUS01302,6,,Cash,Completed,1430.5,770
ORD0005447,14/11/2022,20221114,CUS02449,6,EMP0125,InstaPay,Completed,1272,740
ORD0004516,14/11/2022,20221114,CUS02992,11,EMP0165,Fawry,Completed,333,180
ORD0004538,14/11/2022,20221114,CUS02716,3,EMP0063,  Credit Card  ,Completed,360,160
ORD0007760,14/11/2022,20221114,CUS02389,8,EMP0140,Cash,Completed,150,70
ORD0003303,14/11/2022,20221114,CUS02288,5,EMP0098,  InstaPay  ,Completed,1770,850
ORD0002780,15/11/2022,20221115,CUS00892,2,EMP0037,InstaPay,Returned,280,170
ORD0003871,15/11/2022,20221115,CUS00647,5,EMP0112,Cash,Completed,72,40
ORD0001887,15/11/2022,20221115,CUS02531,3,EMP0071,Vodafone Cash,Completed,390,190
ORD0006240,15/11/2022,20221115,CUS01776,8,EMP0141,Credit Card,Completed,570,280
ORD0007413,15/11/2022,20221115,CUS00785,2,EMP0035,Credit Card,Completed,13770,10770
ORD0003141,15/11/2022,20221115,CUS02192,4,EMP0084,InstaPay,Completed,12267.5,9410
ORD0005559,15/11/2022,20221115,CUS02537,10,EMP0163,Cash,Completed,1180.5,580
ORD0002552,15/11/2022,20221115,CUS01410,3,EMP0078,  InstaPay  ,Completed,85.5,40
ORD0002782,15/11/2022,20221115,CUS01419,4,EMP0094,InstaPay,Completed,285,140
ORD0002636,15/11/2022,20221115,CUS00907,1,EMP0012,Credit Card,Completed,1368,690
ORD0007347,15/11/2022,20221115,CUS01403,5,EMP0112,  InstaPay  ,Completed,14855,12290
ORD0003610,15/11/2022,20221115,CUS02985,3,EMP0077,Credit Card,Completed,232,140
ORD0003775,15/11/2022,20221115,CUS02269,4,EMP0079,Cash,Completed,6836,5180
ORD0007034,15/11/2022,20221115,CUS01818,13,EMP0193,Fawry,Completed,666,360
ORD0010500,16/11/2022,20221116,CUS01019,8,EMP0144,Fawry,Returned,300,200
ORD0002559,16/11/2022,20221116,CUS02916,3,EMP0056,Credit Card,Completed,229.5,130
ORD0008748,16/11/2022,20221116,CUS02313,1,EMP0015,  InstaPay  ,Completed,711,350
ORD0003868,16/11/2022,20221116,CUS01467,2,EMP0047,Fawry,Completed,444,230
ORD0010087,16/11/2022,20221116,CUS00717,3,EMP0062,  Cash  ,Completed,320,140
ORD0002332,16/11/2022,20221116,CUS02349,3,EMP0068,  Debit Card  ,Completed,260,120
ORD0009989,16/11/2022,20221116,CUS01935,4,EMP0085,Debit Card,Completed,2070,1040
ORD0011242,16/11/2022,20221116,CUS00224,12,EMP0183,  Debit Card  ,Completed,5047,4160
ORD0009577,16/11/2022,20221116,CUS01804,1,EMP0025,Fawry,Completed,3040,1600
ORD0000619,16/11/2022,20221116,CUS02655,11,EMP0164,Credit Card,Completed,460,220
ORD0002095,16/11/2022,20221116,CUS00890,1,EMP0024,Debit Card,Returned,550,260
ORD0010340,16/11/2022,20221116,CUS02890,3,,Debit Card,Completed,26360,24470
ORD0010643,16/11/2022,20221116,CUS02059,7,EMP0130,Debit Card,Completed,7015.5,5220
ORD0003786,16/11/2022,20221116,CUS00023,12,EMP0177,  Vodafone Cash  ,Completed,3623,1800
ORD0007207,17/11/2022,20221117,CUS02890,10,EMP0163,  Debit Card  ,Completed,411.5,210
ORD0009230,17/11/2022,20221117,CUS01249,3,EMP0070,Vodafone Cash,Returned,890,440
ORD0001594,17/11/2022,20221117,CUS02728,3,EMP0073,Cash,Returned,807,390
ORD0007261,17/11/2022,20221117,CUS00825,8,EMP0137,  Debit Card  ,Completed,1710,970
ORD0011637,17/11/2022,20221117,CUS00689,3,EMP0066,Vodafone Cash,Completed,24610,23500
ORD0002425,17/11/2022,20221117,CUS01784,4,EMP0090,Vodafone Cash,Completed,333,180
ORD0000235,17/11/2022,20221117,CUS02396,4,EMP0090,Debit Card,Completed,15050.5,13060
ORD0000065,17/11/2022,20221117,CUS00864,7,EMP0131,Credit Card,Completed,279,150
ORD0011957,17/11/2022,20221117,CUS02096,12,,Credit Card,Completed,5250,5600
ORD0001333,17/11/2022,20221117,CUS00176,4,EMP0079,Fawry,Completed,425,240
ORD0008573,17/11/2022,20221117,CUS01605,1,,Fawry,Completed,1430,740
ORD0006517,17/11/2022,20221117,CUS01247,4,EMP0087,Debit Card,Completed,4155,2290
ORD0008840,18/11/2022,20221118,CUS01469,2,EMP0044,InstaPay,Completed,556,280
ORD0001238,18/11/2022,20221118,CUS01610,10,EMP0154,Cash,Completed,31929,26540
ORD0005506,18/11/2022,20221118,CUS01209,9,EMP0146,  Vodafone Cash  ,Completed,408,190
ORD0003439,18/11/2022,20221118,CUS01698,1,,Vodafone Cash,Completed,570,270
ORD0004680,18/11/2022,20221118,CUS02071,1,EMP0021,Cash,Completed,1635,800
ORD0005460,18/11/2022,20221118,CUS02545,3,EMP0072,Vodafone Cash,Completed,1485,780
ORD0008273,18/11/2022,20221118,CUS02741,6,EMP0125,Cash,Returned,2712,1340
ORD0001165,18/11/2022,20221118,CUS00471,6,EMP0125,Vodafone Cash,Completed,953.5,490
ORD0008275,18/11/2022,20221118,CUS02349,2,EMP0034,Vodafone Cash,Completed,14396,15120
ORD0003223,18/11/2022,20221118,CUS00874,2,EMP0045,Credit Card,Completed,15560,12220
ORD0005182,18/11/2022,20221118,CUS00837,2,,Fawry,Completed,480,210
ORD0000022,18/11/2022,20221118,CUS02514,4,EMP0087,Debit Card,Completed,552,280
ORD0003879,18/11/2022,20221118,CUS01288,10,EMP0160,Cash,Completed,6000,4800
ORD0011945,18/11/2022,20221118,CUS02569,1,EMP0025,  Debit Card  ,Completed,1316,670
ORD0000670,18/11/2022,20221118,CUS01063,4,,Debit Card,Completed,32416.5,32170
ORD0003809,19/11/2022,20221119,CUS00972,3,EMP0055,InstaPay,Completed,1161,630
ORD0009175,19/11/2022,20221119,CUS00138,7,EMP0132,  InstaPay  ,Completed,1480,680
ORD0001124,19/11/2022,20221119,CUS01536,13,EMP0185,Credit Card,Cancelled,703,360
ORD0005917,19/11/2022,20221119,CUS02308,5,EMP0098,Cash,Completed,800,600
ORD0000140,19/11/2022,20221119,CUS02371,1,EMP0020,  Cash  ,Returned,212.5,120
ORD0009979,19/11/2022,20221119,CUS01108,2,EMP0029,Credit Card,Completed,528,350
ORD0008146,19/11/2022,20221119,CUS01850,7,EMP0132,Fawry,Completed,399.5,230
ORD0004237,19/11/2022,20221119,CUS00309,6,EMP0121,Debit Card,Completed,150,70
ORD0003546,20/11/2022,20221120,CUS02706,1,EMP0018,Cash,Returned,7087,5350
ORD0004721,20/11/2022,20221120,CUS02026,5,EMP0106,Vodafone Cash,Completed,640,280
ORD0009629,20/11/2022,20221120,CUS02405,6,EMP0126,Credit Card,Completed,280,120
ORD0003867,20/11/2022,20221120,CUS02573,4,EMP0082,Debit Card,Returned,520,260
ORD0007500,20/11/2022,20221120,CUS02429,1,EMP0018,Cash,Completed,868,440
ORD0009494,20/11/2022,20221120,CUS02993,1,EMP0009,InstaPay,Completed,1116,600
ORD0005216,20/11/2022,20221120,CUS02582,5,EMP0099,Debit Card,Completed,1312,670
ORD0003913,20/11/2022,20221120,CUS00927,2,EMP0042,InstaPay,Completed,636,350
ORD0009743,21/11/2022,20221121,CUS02022,5,EMP0111,  Vodafone Cash  ,Completed,1450.5,760
ORD0005137,21/11/2022,20221121,CUS00191,4,EMP0092,  Fawry  ,Completed,12800,10300
ORD0011632,21/11/2022,20221121,CUS02483,10,,  Credit Card  ,Completed,1686,890
ORD0006405,21/11/2022,20221121,CUS01410,2,EMP0048,Fawry,Completed,625.5,360
ORD0005983,21/11/2022,20221121,CUS02568,7,EMP0132,Cash,Completed,1782,880
ORD0005949,21/11/2022,20221121,CUS01714,2,EMP0046,InstaPay,Completed,198,100
ORD0010840,21/11/2022,20221121,CUS00636,9,EMP0147,Fawry,Returned,495,270
ORD0005890,21/11/2022,20221121,CUS01071,1,EMP0025,Fawry,Returned,1880,920
ORD0000250,21/11/2022,20221121,CUS02924,7,,Cash,Completed,720,360
ORD0005218,21/11/2022,20221121,CUS02969,3,EMP0072,Cash,Completed,2746,1670
ORD0005307,21/11/2022,20221121,CUS02858,2,EMP0042,Cash,Completed,261,140
ORD0009848,21/11/2022,20221121,CUS02614,12,EMP0180,Credit Card,Completed,1438,1120
ORD0007488,22/11/2022,20221122,CUS00748,14,EMP0197,Fawry,Completed,830,430
ORD0001856,22/11/2022,20221122,CUS02379,2,EMP0050,Debit Card,Returned,140,60
ORD0009074,22/11/2022,20221122,CUS00833,14,EMP0194,Cash,Completed,765,420
ORD0003452,22/11/2022,20221122,CUS01200,15,EMP0208,Debit Card,Completed,323,160
ORD0007035,22/11/2022,20221122,CUS00211,7,EMP0134,  InstaPay  ,Completed,442,260
ORD0001571,22/11/2022,20221122,CUS01279,5,EMP0097,Vodafone Cash,Completed,250,120
ORD0000665,23/11/2022,20221123,CUS01867,5,EMP0100,Fawry,Completed,324,170
ORD0005746,23/11/2022,20221123,CUS02609,5,EMP0097,Vodafone Cash,Completed,684,360
ORD0003622,23/11/2022,20221123,CUS02042,4,EMP0087,Fawry,Cancelled,16600,13300
ORD0001042,23/11/2022,20221123,CUS02137,3,EMP0062,InstaPay,Completed,648,340
ORD0004081,23/11/2022,20221123,CUS01088,3,EMP0058,  Debit Card  ,Completed,3144,1580
ORD0011397,23/11/2022,20221123,CUS01075,13,EMP0190,InstaPay,Completed,12127,10620
ORD0001066,23/11/2022,20221123,CUS02006,1,EMP0002,Vodafone Cash,Completed,800,700
ORD0011824,23/11/2022,20221123,CUS01007,3,EMP0058,InstaPay,Completed,930,450
ORD0003818,23/11/2022,20221123,CUS00866,14,EMP0194,  Vodafone Cash  ,Returned,1600,800
ORD0005597,23/11/2022,20221123,CUS00906,5,EMP0107,Cash,Completed,1500,1200
ORD0008384,23/11/2022,20221123,CUS00648,8,EMP0138,Fawry,Completed,128,70
ORD0007747,23/11/2022,20221123,CUS00451,12,EMP0183,Vodafone Cash,Completed,2260,1720
ORD0009852,23/11/2022,20221123,CUS02886,4,EMP0094,Debit Card,Completed,1908,1010
ORD0010709,23/11/2022,20221123,CUS01561,15,EMP0205,Vodafone Cash,Completed,362.5,170
ORD0003416,24/11/2022,20221124,CUS02775,4,EMP0094,Debit Card,Cancelled,12982,10860
ORD0008202,24/11/2022,20221124,CUS01088,4,EMP0082,Credit Card,Completed,424,230
ORD0009751,24/11/2022,20221124,CUS02506,1,EMP0019,  InstaPay  ,Completed,6604,5140
ORD0001424,24/11/2022,20221124,CUS02500,9,EMP0145,Cash,Completed,1383,770
ORD0008418,24/11/2022,20221124,CUS00757,3,EMP0063,Debit Card,Completed,912,460
ORD0007199,24/11/2022,20221124,CUS01380,2,EMP0045,Credit Card,Completed,8757,8460
ORD0002925,24/11/2022,20221124,CUS01377,2,EMP0037,Credit Card,Completed,37954.5,30100
ORD0009987,25/11/2022,20221125,CUS01089,14,EMP0201,Credit Card,Completed,390,180
ORD0004518,25/11/2022,20221125,CUS02343,2,EMP0048,InstaPay,Completed,133,70
ORD0011703,25/11/2022,20221125,CUS02452,5,EMP0104,Vodafone Cash,Returned,318.5,160
ORD0004766,25/11/2022,20221125,CUS01824,7,EMP0133,Fawry,Completed,523,270
ORD0010611,25/11/2022,20221125,CUS01230,6,EMP0123,  Vodafone Cash  ,Completed,10520,8790
ORD0005848,25/11/2022,20221125,CUS01125,7,EMP0131,InstaPay,Completed,13240,10520
ORD0005078,25/11/2022,20221125,CUS01459,6,EMP0117,InstaPay,Completed,1314,720
ORD0003209,25/11/2022,20221125,CUS01938,4,EMP0086,Cash,Returned,1412,710
ORD0008339,25/11/2022,20221125,CUS01161,12,EMP0184,  Debit Card  ,Completed,674,360
ORD0007673,26/11/2022,20221126,CUS02275,2,EMP0048,Cash,Completed,285,140
ORD0004861,26/11/2022,20221126,CUS01760,1,EMP0022,InstaPay,Completed,180,80
ORD0006059,26/11/2022,20221126,CUS01225,2,EMP0035,Credit Card,Cancelled,2171,1120
ORD0009466,26/11/2022,20221126,CUS00376,2,EMP0051,Debit Card,Completed,234,130
ORD0011090,26/11/2022,20221126,CUS01278,5,EMP0104,  InstaPay  ,Completed,1148,580
ORD0004479,26/11/2022,20221126,CUS00342,12,EMP0181,  Credit Card  ,Completed,1351.5,780
ORD0007733,26/11/2022,20221126,CUS01830,10,EMP0157,Vodafone Cash,Completed,266,140
ORD0003936,27/11/2022,20221127,CUS00178,4,EMP0091,Vodafone Cash,Completed,190,90
ORD0008213,27/11/2022,20221127,CUS02817,7,EMP0129,Fawry,Completed,1644.5,860
ORD0009844,27/11/2022,20221127,CUS02059,2,EMP0052,  InstaPay  ,Completed,2088,1120
ORD0011439,27/11/2022,20221127,CUS01694,7,EMP0136,Credit Card,Cancelled,983,490
ORD0001328,27/11/2022,20221127,CUS01239,15,EMP0210,Credit Card,Completed,1532,780
ORD0008668,27/11/2022,20221127,CUS00989,11,,Fawry,Completed,384,210
ORD0011638,27/11/2022,20221127,CUS00539,4,EMP0080,  Debit Card  ,Completed,285,140
ORD0005219,27/11/2022,20221127,CUS00849,3,EMP0074,Credit Card,Returned,1752,940
ORD0008790,27/11/2022,20221127,CUS02627,7,EMP0127,Cash,Completed,17575,14800
ORD0001200,28/11/2022,20221128,CUS01387,6,EMP0125,InstaPay,Completed,918,510
ORD0006570,28/11/2022,20221128,CUS01393,11,EMP0165,Fawry,Completed,9745,8910
ORD0001831,28/11/2022,20221128,CUS02307,11,EMP0169,Cash,Returned,675,360
ORD0010967,28/11/2022,20221128,CUS01874,14,EMP0199,Vodafone Cash,Completed,370,180
ORD0007101,28/11/2022,20221128,CUS02744,15,EMP0207,Vodafone Cash,Completed,76,40
ORD0006582,28/11/2022,20221128,CUS02774,5,EMP0097,Fawry,Completed,2348.5,1190
ORD0007048,28/11/2022,20221128,CUS01762,1,EMP0019,Debit Card,Completed,1852.5,990
ORD0008003,28/11/2022,20221128,CUS02369,6,EMP0117,Credit Card,Completed,3252.5,2230
ORD0002232,28/11/2022,20221128,CUS01114,4,EMP0083,Cash,Completed,1139.5,620
ORD0008379,28/11/2022,20221128,CUS02034,2,EMP0047,InstaPay,Completed,377,210
ORD0000224,28/11/2022,20221128,CUS01519,1,EMP0021,Vodafone Cash,Returned,1306.5,630
ORD0007090,29/11/2022,20221129,CUS00145,2,EMP0034,Fawry,Completed,1402,680
ORD0001300,29/11/2022,20221129,CUS02962,6,EMP0126,Vodafone Cash,Completed,13012,11580
ORD0002054,29/11/2022,20221129,CUS00792,1,EMP0021,  Vodafone Cash  ,Completed,34799,31330
ORD0009718,29/11/2022,20221129,CUS01035,10,EMP0163,Vodafone Cash,Cancelled,1716,900
ORD0011612,29/11/2022,20221129,CUS01125,11,EMP0166,Credit Card,Completed,707,380
ORD0001188,29/11/2022,20221129,CUS02549,6,EMP0113,InstaPay,Completed,1768.5,990
ORD0011357,29/11/2022,20221129,CUS02585,15,EMP0212,Credit Card,Completed,1384.5,670
ORD0000158,29/11/2022,20221129,CUS00952,1,EMP0008,Cash,Completed,978.5,500
ORD0002064,30/11/2022,20221130,CUS00567,3,EMP0067,Debit Card,Completed,12370,9880
ORD0002180,30/11/2022,20221130,CUS00520,13,EMP0186,InstaPay,Completed,570,280
ORD0011694,30/11/2022,20221130,CUS02125,7,EMP0130,Credit Card,Completed,6230,7100
ORD0005861,30/11/2022,20221130,CUS00604,5,EMP0108,InstaPay,Completed,672,350
ORD0003820,30/11/2022,20221130,CUS01321,8,EMP0144,Credit Card,Completed,2783.5,1830
ORD0002885,30/11/2022,20221130,CUS00893,5,EMP0110,Debit Card,Completed,15550.5,12950
ORD0000780,30/11/2022,20221130,CUS02783,13,EMP0188,Fawry,Completed,2303.5,1210
ORD0000712,30/11/2022,20221130,CUS01832,9,EMP0151,Credit Card,Completed,31800,25400
ORD0000161,30/11/2022,20221130,CUS02845,4,EMP0091,  Credit Card  ,Completed,11476,9250
ORD0010221,01/12/2022,20221201,CUS00801,4,,Fawry,Completed,713,360
ORD0010368,01/12/2022,20221201,CUS00145,12,EMP0183,Vodafone Cash,Completed,471,280
ORD0005346,01/12/2022,20221201,CUS02315,10,EMP0160,Fawry,Completed,527,300
ORD0003462,01/12/2022,20221201,CUS02795,8,EMP0144,Credit Card,Completed,946,490
ORD0005722,01/12/2022,20221201,CUS01647,10,EMP0160,InstaPay,Completed,370,180
ORD0007931,01/12/2022,20221201,CUS01838,12,EMP0184,InstaPay,Completed,5713,4550
ORD0001875,01/12/2022,20221201,CUS02674,3,EMP0071,Credit Card,Completed,15307.5,12490
ORD0007331,01/12/2022,20221201,CUS00920,8,,  Vodafone Cash  ,Completed,675,350
ORD0006489,01/12/2022,20221201,CUS00251,1,EMP0005,  InstaPay  ,Completed,390,240
ORD0007225,01/12/2022,20221201,CUS01217,1,EMP0025,Cash,Completed,279,150
ORD0000219,02/12/2022,20221202,CUS01388,9,EMP0151,InstaPay,Completed,136,70
ORD0000154,02/12/2022,20221202,CUS02650,4,EMP0094,Cash,Returned,1155.5,630
ORD0005562,02/12/2022,20221202,CUS00729,13,EMP0190,Credit Card,Completed,507.5,250
ORD0002235,02/12/2022,20221202,CUS02428,5,EMP0106,Debit Card,Completed,1202,700
ORD0009383,02/12/2022,20221202,CUS00220,5,EMP0109,Vodafone Cash,Completed,1358,760
ORD0000614,02/12/2022,20221202,CUS00114,11,EMP0167,  Vodafone Cash  ,Completed,787.5,420
ORD0004160,03/12/2022,20221203,CUS01714,6,EMP0113,Debit Card,Completed,1793.5,940
ORD0009882,03/12/2022,20221203,CUS01248,11,EMP0171,Fawry,Completed,776,400
ORD0000361,03/12/2022,20221203,CUS02792,11,EMP0167,  Credit Card  ,Returned,2326.5,1260
ORD0000472,03/12/2022,20221203,CUS02143,10,EMP0156,Fawry,Completed,516,290
ORD0003891,03/12/2022,20221203,CUS02504,4,EMP0090,Cash,Completed,85.5,40
ORD0002731,03/12/2022,20221203,CUS02148,11,EMP0168,InstaPay,Completed,28926,25570
ORD0007589,04/12/2022,20221204,CUS02332,11,EMP0168,Debit Card,Cancelled,612.5,320
ORD0010238,04/12/2022,20221204,CUS02350,8,EMP0137,Credit Card,Completed,365,190
ORD0011308,04/12/2022,20221204,CUS01640,2,EMP0033,Debit Card,Completed,2490,1940
ORD0000281,04/12/2022,20221204,CUS01867,4,EMP0087,  Credit Card  ,Completed,1224,640
ORD0000175,04/12/2022,20221204,CUS01478,1,EMP0003,  Fawry  ,Completed,2761,1780
ORD0002389,04/12/2022,20221204,CUS02885,6,EMP0116,Cash,Completed,517,300
ORD0008387,04/12/2022,20221204,CUS00644,1,EMP0011,Credit Card,Completed,236.5,110
ORD0008498,04/12/2022,20221204,CUS02860,4,EMP0082,Cash,Completed,6038,6010
ORD0009465,04/12/2022,20221204,CUS00153,3,EMP0067,Vodafone Cash,Completed,966,470
ORD0005593,04/12/2022,20221204,CUS00898,4,EMP0092,Credit Card,Completed,640.5,320
ORD0001627,04/12/2022,20221204,CUS02066,3,,  Cash  ,Completed,778,400
ORD0003748,04/12/2022,20221204,CUS00316,1,EMP0006,InstaPay,Completed,1106,650
ORD0004382,04/12/2022,20221204,CUS00674,2,EMP0054,InstaPay,Completed,917,460
ORD0009100,04/12/2022,20221204,CUS02279,7,EMP0127,InstaPay,Completed,720,380
ORD0003036,04/12/2022,20221204,CUS02250,2,EMP0039,Fawry,Completed,547,280
ORD0005691,04/12/2022,20221204,CUS00518,4,EMP0086,Cash,Completed,15461,13790
ORD0007715,04/12/2022,20221204,CUS00611,15,EMP0208,Fawry,Completed,427.5,220
ORD0006264,04/12/2022,20221204,CUS02095,7,EMP0127,Cash,Completed,2176,1190
ORD0005477,05/12/2022,20221205,CUS01738,1,EMP0026,Fawry,Completed,572,330
ORD0002415,05/12/2022,20221205,CUS02350,1,EMP0027,  Vodafone Cash  ,Completed,630,340
ORD0008381,05/12/2022,20221205,CUS01948,4,,Vodafone Cash,Completed,90,40
ORD0009059,05/12/2022,20221205,CUS01466,1,EMP0001,Cash,Completed,39720,31570
ORD0010601,05/12/2022,20221205,CUS00713,2,EMP0050,Vodafone Cash,Returned,280,120
ORD0004945,05/12/2022,20221205,CUS02061,3,EMP0055,InstaPay,Completed,1752,1080
ORD0006997,06/12/2022,20221206,CUS00022,13,EMP0191,Debit Card,Completed,653,360
ORD0001281,06/12/2022,20221206,CUS02682,2,EMP0032,Fawry,Completed,126,70
ORD0008018,06/12/2022,20221206,CUS01366,14,EMP0195,InstaPay,Completed,2552,1330
ORD0001499,06/12/2022,20221206,CUS02071,2,EMP0029,  Credit Card  ,Returned,252,140
ORD0003810,06/12/2022,20221206,CUS01120,3,EMP0068,InstaPay,Completed,1350,660
ORD0007956,06/12/2022,20221206,CUS01453,12,EMP0183,  Fawry  ,Completed,120,60
ORD0007532,06/12/2022,20221206,CUS02106,10,EMP0153,Fawry,Completed,500.5,280
ORD0006129,06/12/2022,20221206,CUS00918,8,EMP0141,  Fawry  ,Completed,12540,10500
ORD0006887,06/12/2022,20221206,CUS02198,13,EMP0185,InstaPay,Completed,11464,9510
ORD0006983,06/12/2022,20221206,CUS02675,3,EMP0077,Debit Card,Returned,380,200
ORD0008544,06/12/2022,20221206,CUS02189,5,EMP0101,  Vodafone Cash  ,Completed,61575,60950
ORD0011047,06/12/2022,20221206,CUS01190,1,EMP0011,  Credit Card  ,Cancelled,3566,2690
ORD0008332,06/12/2022,20221206,CUS00919,2,EMP0039,Cash,Completed,1289.5,620
ORD0001862,06/12/2022,20221206,CUS01533,11,EMP0172,Fawry,Completed,130,60
ORD0006926,06/12/2022,20221206,CUS00509,1,EMP0023,Cash,Completed,1154,590
ORD0002174,06/12/2022,20221206,CUS01521,1,,Vodafone Cash,Cancelled,320,150
ORD0002437,07/12/2022,20221207,CUS02662,2,EMP0051,  Debit Card  ,Completed,266,140
ORD0009429,07/12/2022,20221207,CUS02346,3,EMP0074,  Debit Card  ,Returned,63240,59600
ORD0011355,07/12/2022,20221207,CUS00895,1,EMP0017,Debit Card,Completed,304,160
ORD0009768,07/12/2022,20221207,CUS00404,14,EMP0198,Cash,Completed,470,230
ORD0009147,07/12/2022,20221207,CUS01590,1,EMP0007,Debit Card,Completed,97.5,60
ORD0004256,07/12/2022,20221207,CUS00750,5,EMP0097,Debit Card,Completed,424,210
ORD0005366,07/12/2022,20221207,CUS01277,10,EMP0159,Fawry,Completed,853,470
ORD0000122,07/12/2022,20221207,CUS00385,2,EMP0049,  Cash  ,Completed,2680,1920
ORD0007963,07/12/2022,20221207,CUS01067,5,EMP0102,InstaPay,Completed,1120,680
ORD0011100,07/12/2022,20221207,CUS01108,13,EMP0187,Fawry,Completed,1257,660
ORD0006672,07/12/2022,20221207,CUS01294,8,EMP0141,Fawry,Completed,2392,1200
ORD0001658,07/12/2022,20221207,CUS00331,5,EMP0109,Cash,Completed,782,390
ORD0010649,07/12/2022,20221207,CUS01604,5,EMP0103,Fawry,Completed,1266,750
ORD0011212,07/12/2022,20221207,CUS01881,14,EMP0202,InstaPay,Completed,10251,8980
ORD0003030,08/12/2022,20221208,CUS00619,1,EMP0007,  Debit Card  ,Completed,811,400
ORD0004347,08/12/2022,20221208,CUS00510,4,EMP0090,Cash,Completed,2256,1150
ORD0007890,08/12/2022,20221208,CUS00704,1,EMP0023,Vodafone Cash,Completed,2523,1250
ORD0001721,08/12/2022,20221208,CUS02579,3,EMP0072,InstaPay,Completed,540,400
ORD0002435,08/12/2022,20221208,CUS02089,6,EMP0117,Fawry,Completed,28051,22010
ORD0001366,08/12/2022,20221208,CUS00916,7,EMP0136,Fawry,Completed,800,700
ORD0011854,08/12/2022,20221208,CUS02729,2,EMP0051,Vodafone Cash,Completed,1140,560
ORD0002763,08/12/2022,20221208,CUS01786,14,EMP0201,Fawry,Completed,15465.5,13000
ORD0005042,08/12/2022,20221208,CUS01590,3,EMP0075,Cash,Returned,909,490
ORD0008453,08/12/2022,20221208,CUS02458,1,EMP0018,Cash,Completed,830,370
ORD0005656,09/12/2022,20221209,CUS02917,4,EMP0092,InstaPay,Completed,560,280
ORD0009334,09/12/2022,20221209,CUS00370,14,EMP0195,InstaPay,Cancelled,29492,25700
ORD0000587,09/12/2022,20221209,CUS02388,4,EMP0088,InstaPay,Completed,2166,1110
ORD0002487,09/12/2022,20221209,CUS00714,2,EMP0037,Vodafone Cash,Completed,5391,4220
ORD0009446,09/12/2022,20221209,CUS00614,1,EMP0006,Debit Card,Completed,1299.5,660
ORD0010477,09/12/2022,20221209,CUS02937,1,EMP0009,Cash,Completed,1356,750
ORD0002472,09/12/2022,20221209,CUS01374,3,EMP0076,Cash,Completed,2389,1170
ORD0005516,09/12/2022,20221209,CUS01863,2,EMP0051,InstaPay,Completed,920,460
ORD0000066,09/12/2022,20221209,CUS01412,3,EMP0061,Debit Card,Returned,12330,10810
ORD0008035,09/12/2022,20221209,CUS00768,11,EMP0173,Cash,Completed,21420,24300
ORD0006355,09/12/2022,20221209,CUS02294,1,EMP0028,Cash,Completed,630,310
ORD0005072,09/12/2022,20221209,CUS02893,4,EMP0081,Debit Card,Completed,510,240
ORD0001562,10/12/2022,20221210,CUS00907,3,EMP0071,InstaPay,Completed,350,170
ORD0004584,10/12/2022,20221210,CUS00310,1,EMP0005,  Cash  ,Completed,105,70
ORD0010635,10/12/2022,20221210,CUS00576,7,EMP0134,Debit Card,Completed,900,490
ORD0004815,10/12/2022,20221210,CUS02754,2,EMP0052,InstaPay,Completed,752,370
ORD0008159,10/12/2022,20221210,CUS01449,7,EMP0136,  Credit Card  ,Completed,2284,1250
ORD0002626,10/12/2022,20221210,CUS01170,12,EMP0180,InstaPay,Completed,71235,66580
ORD0003395,10/12/2022,20221210,CUS00510,15,EMP0212,Vodafone Cash,Completed,240,160
ORD0009316,10/12/2022,20221210,CUS01044,2,EMP0032,Credit Card,Cancelled,150,70
ORD0003878,10/12/2022,20221210,CUS02878,2,EMP0029,InstaPay,Completed,320,170
ORD0002555,10/12/2022,20221210,CUS02686,11,EMP0168,Vodafone Cash,Returned,1111,640
ORD0004092,10/12/2022,20221210,CUS02205,13,EMP0186,  InstaPay  ,Completed,1020,480
ORD0000417,10/12/2022,20221210,CUS02988,3,EMP0057,InstaPay,Returned,952,480
ORD0003357,10/12/2022,20221210,CUS00470,5,EMP0095,Fawry,Completed,3142,2030
ORD0003779,10/12/2022,20221210,CUS00997,15,EMP0214,Debit Card,Completed,6421,4990
ORD0003435,10/12/2022,20221210,CUS00073,10,EMP0162,Cash,Cancelled,11179.5,9900
ORD0003617,10/12/2022,20221210,CUS00469,2,EMP0030,Fawry,Completed,26700,21300
ORD0010698,11/12/2022,20221211,CUS00276,3,EMP0064,Vodafone Cash,Completed,2650,1880
ORD0001494,11/12/2022,20221211,CUS00994,11,EMP0167,Cash,Returned,700,350
ORD0006345,11/12/2022,20221211,CUS01130,1,EMP0012,InstaPay,Completed,1490,830
ORD0009114,11/12/2022,20221211,CUS01463,11,EMP0166,Credit Card,Returned,2500,2000
ORD0007266,11/12/2022,20221211,CUS00663,1,EMP0021,InstaPay,Completed,162,80
ORD0006548,11/12/2022,20221211,CUS00679,1,EMP0015,  Vodafone Cash  ,Completed,1730,930
ORD0004932,11/12/2022,20221211,CUS02621,10,EMP0162,Credit Card,Completed,140,70
ORD0001763,11/12/2022,20221211,CUS00929,10,EMP0157,Debit Card,Completed,3900,3700
ORD0002097,11/12/2022,20221211,CUS00990,12,EMP0180,Vodafone Cash,Completed,11004,10130
ORD0005643,11/12/2022,20221211,CUS00235,3,EMP0064,Debit Card,Completed,199.5,100
ORD0010312,11/12/2022,20221211,CUS01861,4,EMP0091,Credit Card,Completed,531,290
ORD0002444,11/12/2022,20221211,CUS02197,14,EMP0200,Debit Card,Completed,1860,1000
ORD0008943,11/12/2022,20221211,CUS00303,2,EMP0048,Credit Card,Completed,658.5,360
ORD0002436,12/12/2022,20221212,CUS02939,9,EMP0151,Debit Card,Completed,25710,22640
ORD0000547,12/12/2022,20221212,CUS00214,1,EMP0025,Fawry,Completed,430,210
ORD0003247,12/12/2022,20221212,CUS00890,2,EMP0049,  Fawry  ,Completed,288,150
ORD0010922,12/12/2022,20221212,CUS02159,1,EMP0009,Credit Card,Completed,540,290
ORD0007682,12/12/2022,20221212,CUS01011,14,EMP0203,Debit Card,Completed,9091,9360
ORD0007033,12/12/2022,20221212,CUS02927,12,EMP0175,Cash,Completed,200,100
ORD0004573,12/12/2022,20221212,CUS01667,2,EMP0043,Credit Card,Completed,1368,790
ORD0000765,12/12/2022,20221212,CUS00618,5,EMP0110,Cash,Completed,1542,810
ORD0007547,13/12/2022,20221213,CUS02246,14,EMP0201,  Vodafone Cash  ,Completed,198,100
ORD0011306,13/12/2022,20221213,CUS00419,7,EMP0136,Cash,Completed,266,140
ORD0010379,13/12/2022,20221213,CUS01352,7,EMP0134,Vodafone Cash,Completed,1248,660
ORD0006389,13/12/2022,20221213,CUS02651,4,EMP0084,Fawry,Completed,590,280
ORD0005815,13/12/2022,20221213,CUS01302,7,EMP0130,Debit Card,Completed,920,420
ORD0007932,13/12/2022,20221213,CUS00989,3,EMP0072,  Debit Card  ,Completed,153,80
ORD0002476,13/12/2022,20221213,CUS02989,4,EMP0086,Debit Card,Completed,2564,1360
ORD0010808,13/12/2022,20221213,CUS00277,3,EMP0077,  Vodafone Cash  ,Cancelled,861,530
ORD0007745,13/12/2022,20221213,CUS02953,4,EMP0088,Vodafone Cash,Completed,618,340
ORD0008715,13/12/2022,20221213,CUS02773,2,EMP0044,Vodafone Cash,Completed,1718,940
ORD0008911,13/12/2022,20221213,CUS00401,13,EMP0186,Cash,Completed,260,130
ORD0008842,13/12/2022,20221213,CUS00634,6,EMP0117,Debit Card,Completed,432,210
ORD0001500,14/12/2022,20221214,CUS00332,4,EMP0090,  Credit Card  ,Completed,1317.5,660
ORD0003106,14/12/2022,20221214,CUS01807,2,EMP0038,  Cash  ,Completed,12540,10600
ORD0008250,14/12/2022,20221214,CUS00791,12,EMP0180,InstaPay,Completed,1350,660
ORD0011592,14/12/2022,20221214,CUS01723,15,EMP0216,  Cash  ,Completed,5015,4700
ORD0005263,14/12/2022,20221214,CUS01066,10,EMP0160,Cash,Completed,2515,1420
ORD0010511,14/12/2022,20221214,CUS02818,5,EMP0101,Credit Card,Returned,13520,12380
ORD0002002,14/12/2022,20221214,CUS00519,4,EMP0085,Debit Card,Completed,306,160
ORD0001668,14/12/2022,20221214,CUS01060,11,EMP0173,InstaPay,Cancelled,1054.5,540
ORD0008255,14/12/2022,20221214,CUS00956,3,EMP0067,Debit Card,Completed,256,140
ORD0000918,15/12/2022,20221215,CUS00287,3,EMP0076,Fawry,Completed,824.5,500
ORD0000358,15/12/2022,20221215,CUS00314,3,EMP0072,Cash,Completed,2040,1200
ORD0002688,15/12/2022,20221215,CUS02825,13,EMP0186,Vodafone Cash,Completed,1174,580
ORD0003916,15/12/2022,20221215,CUS01399,2,EMP0049,Debit Card,Completed,746,360
ORD0003915,15/12/2022,20221215,CUS01012,3,EMP0064,  InstaPay  ,Completed,2095.5,1160
ORD0008942,15/12/2022,20221215,CUS00132,1,,Vodafone Cash,Completed,152,70
ORD0006424,15/12/2022,20221215,CUS00450,4,EMP0086,Vodafone Cash,Returned,2180,1080
ORD0000852,15/12/2022,20221215,CUS01949,1,EMP0024,Fawry,Returned,162,80
ORD0000740,15/12/2022,20221215,CUS00714,6,EMP0124,Credit Card,Completed,660,320
ORD0008214,15/12/2022,20221215,CUS00038,1,EMP0012,InstaPay,Completed,864,480
ORD0011565,15/12/2022,20221215,CUS00196,4,EMP0091,  Debit Card  ,Completed,1076,560
ORD0008092,15/12/2022,20221215,CUS00375,11,EMP0171,Vodafone Cash,Completed,1010,490
ORD0001390,15/12/2022,20221215,CUS02322,1,EMP0005,  InstaPay  ,Completed,722,360
ORD0005680,15/12/2022,20221215,CUS01582,2,EMP0050,InstaPay,Completed,396,180
ORD0004754,15/12/2022,20221215,CUS01936,4,EMP0088,Debit Card,Completed,25241.5,24560
ORD0004301,15/12/2022,20221215,CUS02810,1,EMP0003,InstaPay,Completed,1067,640
ORD0011005,16/12/2022,20221216,CUS02353,10,EMP0155,Cash,Completed,1706.5,910
ORD0001566,16/12/2022,20221216,CUS01292,13,EMP0185,Cash,Completed,380,180
ORD0003020,16/12/2022,20221216,CUS00811,1,EMP0016,Vodafone Cash,Completed,144.5,80
ORD0008262,16/12/2022,20221216,CUS02114,3,EMP0065,  Cash  ,Completed,1318.5,640
ORD0007640,16/12/2022,20221216,CUS01133,2,EMP0051,  Debit Card  ,Returned,750,410
ORD0011015,16/12/2022,20221216,CUS01685,2,EMP0046,Cash,Completed,2800,1520
ORD0003212,16/12/2022,20221216,CUS00102,1,EMP0005,InstaPay,Completed,1428,840
ORD0004431,16/12/2022,20221216,CUS02298,3,,  Vodafone Cash  ,Completed,423,230
ORD0004456,16/12/2022,20221216,CUS00330,15,EMP0212,Vodafone Cash,Completed,9354.5,9490
ORD0008630,16/12/2022,20221216,CUS00236,4,EMP0082,Debit Card,Completed,880,440
ORD0011813,16/12/2022,20221216,CUS00825,5,EMP0101,Fawry,Completed,910,480
ORD0005548,16/12/2022,20221216,CUS01161,3,EMP0070,Cash,Completed,690,340
ORD0002648,17/12/2022,20221217,CUS00193,9,EMP0147,Debit Card,Cancelled,315,170
ORD0011687,17/12/2022,20221217,CUS00556,3,EMP0058,InstaPay,Returned,970.5,500
ORD0001126,17/12/2022,20221217,CUS01816,8,,Credit Card,Completed,272,170
ORD0005927,17/12/2022,20221217,CUS02139,6,EMP0117,Fawry,Completed,522,290
ORD0011531,17/12/2022,20221217,CUS00089,5,,  Credit Card  ,Completed,953,490
ORD0005997,17/12/2022,20221217,CUS01954,2,EMP0049,Vodafone Cash,Returned,840,400
ORD0002839,17/12/2022,20221217,CUS00386,6,EMP0119,  Cash  ,Completed,649,350
ORD0002383,17/12/2022,20221217,CUS02630,2,EMP0034,Debit Card,Completed,1480.5,800
ORD0004590,17/12/2022,20221217,CUS01454,1,EMP0001,InstaPay,Completed,594,320
ORD0002151,17/12/2022,20221217,CUS00850,3,EMP0064,Fawry,Completed,8840,7120
ORD0010096,17/12/2022,20221217,CUS02521,15,EMP0216,Vodafone Cash,Completed,13230,10380
ORD0004585,17/12/2022,20221217,CUS02214,5,EMP0100,Debit Card,Completed,2234,1220
ORD0010322,17/12/2022,20221217,CUS02055,3,EMP0075,Cash,Completed,1367,750
ORD0006543,18/12/2022,20221218,CUS02616,3,EMP0059,Cash,Completed,1080,540
ORD0004546,18/12/2022,20221218,CUS00730,1,EMP0021,InstaPay,Completed,420,210
ORD0003522,18/12/2022,20221218,CUS00821,2,EMP0032,InstaPay,Completed,684,360
ORD0008541,18/12/2022,20221218,CUS02418,11,EMP0173,Vodafone Cash,Completed,613.5,330
ORD0004322,18/12/2022,20221218,CUS00719,5,EMP0096,Vodafone Cash,Completed,256.5,130
ORD0011835,18/12/2022,20221218,CUS01284,8,EMP0142,InstaPay,Completed,7790,5600
ORD0002413,18/12/2022,20221218,CUS02338,9,EMP0150,Vodafone Cash,Completed,675,410
ORD0011268,18/12/2022,20221218,CUS01225,1,EMP0028,Fawry,Completed,1708,800
ORD0003012,18/12/2022,20221218,CUS01522,11,EMP0172,Fawry,Completed,714.5,390
ORD0006364,18/12/2022,20221218,CUS02355,2,EMP0039,Credit Card,Completed,510,240
ORD0000885,19/12/2022,20221219,CUS01105,12,EMP0178,Debit Card,Completed,14800,14800
ORD0006375,19/12/2022,20221219,CUS01953,1,EMP0009,Debit Card,Completed,270,130
ORD0010134,19/12/2022,20221219,CUS01353,4,EMP0081,Fawry,Completed,540,260
ORD0010337,19/12/2022,20221219,CUS00933,12,EMP0180,Credit Card,Completed,170,80
ORD0003004,19/12/2022,20221219,CUS02618,6,EMP0122,  Cash  ,Cancelled,32389.5,25240
ORD0011899,19/12/2022,20221219,CUS00173,1,EMP0004,  Fawry  ,Completed,196,140
ORD0002271,19/12/2022,20221219,CUS00966,2,EMP0050,  Vodafone Cash  ,Completed,3301,1840
ORD0011030,19/12/2022,20221219,CUS00373,1,EMP0002,InstaPay,Completed,514.5,280
ORD0003943,19/12/2022,20221219,CUS00234,7,EMP0131,  InstaPay  ,Completed,500,240
ORD0005114,19/12/2022,20221219,CUS02988,7,EMP0135,  Credit Card  ,Completed,153,80
ORD0008895,19/12/2022,20221219,CUS00456,3,EMP0055,Credit Card,Returned,2175,1140
ORD0000824,20/12/2022,20221220,CUS00075,3,EMP0062,  Debit Card  ,Completed,126,60
ORD0007892,20/12/2022,20221220,CUS02280,1,EMP0010,Vodafone Cash,Returned,597.5,300
ORD0006697,20/12/2022,20221220,CUS02896,2,EMP0052,Fawry,Cancelled,128,70
ORD0001578,20/12/2022,20221220,CUS02144,2,EMP0054,Fawry,Completed,5320,4500
ORD0004922,20/12/2022,20221220,CUS00551,8,EMP0144,Vodafone Cash,Completed,557.5,280
ORD0006502,20/12/2022,20221220,CUS01122,9,EMP0146,Vodafone Cash,Cancelled,224,140
ORD0009414,20/12/2022,20221220,CUS01992,15,EMP0211,Cash,Completed,3028,2090
ORD0005485,20/12/2022,20221220,CUS01141,9,EMP0148,InstaPay,Completed,1361.5,680
ORD0008960,20/12/2022,20221220,CUS01585,13,EMP0189,  Vodafone Cash  ,Completed,1183.5,620
ORD0001141,20/12/2022,20221220,CUS02351,3,,Fawry,Completed,240,110
ORD0000216,20/12/2022,20221220,CUS00813,1,EMP0027,Vodafone Cash,Completed,972,500
ORD0000967,21/12/2022,20221221,CUS00706,3,EMP0065,InstaPay,Completed,198,100
ORD0010028,21/12/2022,20221221,CUS01825,2,EMP0029,Debit Card,Completed,18000,19200
ORD0005323,21/12/2022,20221221,CUS01012,2,EMP0033,Cash,Completed,504,280
ORD0009323,21/12/2022,20221221,CUS02503,2,EMP0049,  Debit Card  ,Completed,675,350
ORD0002128,21/12/2022,20221221,CUS01811,2,EMP0031,Fawry,Completed,446.5,230
ORD0001873,21/12/2022,20221221,CUS00433,2,EMP0054,Debit Card,Returned,160,80
ORD0003220,21/12/2022,20221221,CUS01886,2,EMP0042,  Debit Card  ,Returned,260,130
ORD0001322,21/12/2022,20221221,CUS00666,14,EMP0197,  InstaPay  ,Completed,2113,1180
ORD0011467,21/12/2022,20221221,CUS02315,3,EMP0061,Vodafone Cash,Completed,270,120
ORD0004960,21/12/2022,20221221,CUS00839,1,EMP0025,Debit Card,Completed,5250,5600
ORD0001776,21/12/2022,20221221,CUS01179,11,EMP0173,Debit Card,Completed,430,210
ORD0002700,21/12/2022,20221221,CUS01804,3,EMP0067,InstaPay,Completed,802.5,410
ORD0005663,22/12/2022,20221222,CUS02026,1,EMP0024,Cash,Completed,15981.5,16630
ORD0009791,22/12/2022,20221222,CUS00553,3,EMP0057,Vodafone Cash,Completed,510,240
ORD0010678,22/12/2022,20221222,CUS01893,12,EMP0181,Debit Card,Completed,3278,1640
ORD0006727,22/12/2022,20221222,CUS00271,11,EMP0171,  InstaPay  ,Completed,557.5,280
ORD0002795,22/12/2022,20221222,CUS00658,5,EMP0105,Cash,Completed,880,470
ORD0007109,22/12/2022,20221222,CUS02662,3,EMP0067,InstaPay,Completed,3500,2800
ORD0001081,22/12/2022,20221222,CUS01323,8,EMP0137,  Debit Card  ,Returned,2994,1700
ORD0005864,22/12/2022,20221222,CUS01469,6,EMP0116,  InstaPay  ,Completed,216,120
ORD0001946,23/12/2022,20221223,CUS01243,14,EMP0201,Fawry,Completed,266,140
ORD0009788,23/12/2022,20221223,CUS01108,15,EMP0211,Debit Card,Returned,12100,10900
ORD0001155,23/12/2022,20221223,CUS02862,2,EMP0030,Debit Card,Completed,2050,1010
ORD0005474,23/12/2022,20221223,CUS01312,2,EMP0040,  Cash  ,Completed,21706,16900
ORD0008267,23/12/2022,20221223,CUS01820,8,EMP0137,Credit Card,Completed,3416,2840
ORD0009872,23/12/2022,20221223,CUS01788,12,EMP0182,Cash,Completed,4032,3220
ORD0011742,24/12/2022,20221224,CUS00517,6,EMP0116,  Cash  ,Cancelled,189,130
ORD0003692,24/12/2022,20221224,CUS00710,2,EMP0046,  Vodafone Cash  ,Completed,1010,480
ORD0008318,24/12/2022,20221224,CUS01571,4,EMP0085,InstaPay,Completed,726,380
ORD0002339,24/12/2022,20221224,CUS01830,13,EMP0186,Fawry,Completed,790.5,430
ORD0002504,24/12/2022,20221224,CUS02145,5,EMP0102,InstaPay,Completed,3340,1840
ORD0009352,24/12/2022,20221224,CUS00261,12,EMP0183,  InstaPay  ,Completed,850,420
ORD0010045,24/12/2022,20221224,CUS00734,4,EMP0091,Cash,Completed,136,80
ORD0009937,24/12/2022,20221224,CUS00037,6,EMP0120,  InstaPay  ,Completed,937.5,490
ORD0006501,24/12/2022,20221224,CUS01085,5,EMP0108,InstaPay,Completed,1121,580
ORD0000359,24/12/2022,20221224,CUS02254,11,EMP0167,Credit Card,Completed,370,180
ORD0005262,24/12/2022,20221224,CUS00546,2,EMP0030,InstaPay,Completed,1079,570
ORD0000078,25/12/2022,20221225,CUS02337,1,EMP0007,Debit Card,Completed,10000,8000
ORD0003088,25/12/2022,20221225,CUS00720,2,EMP0033,Credit Card,Completed,1052,520
ORD0003096,25/12/2022,20221225,CUS02034,9,EMP0147,Cash,Completed,522,290
ORD0004570,25/12/2022,20221225,CUS01341,1,EMP0005,Cash,Completed,140,70
ORD0004887,25/12/2022,20221225,CUS02231,2,EMP0047,Credit Card,Completed,229.5,120
ORD0000512,25/12/2022,20221225,CUS02244,1,EMP0003,Cash,Returned,2059,1040
ORD0003714,25/12/2022,20221225,CUS00093,11,EMP0172,Cash,Completed,480,210
ORD0000692,25/12/2022,20221225,CUS00310,5,EMP0112,Fawry,Completed,270,130
ORD0011821,25/12/2022,20221225,CUS00743,3,EMP0062,Debit Card,Completed,990,490
ORD0004084,25/12/2022,20221225,CUS02622,5,EMP0109,Fawry,Completed,720,340
ORD0011902,26/12/2022,20221226,CUS00300,2,EMP0044,InstaPay,Completed,883,450
ORD0009969,26/12/2022,20221226,CUS02254,7,EMP0128,Vodafone Cash,Completed,1938,1090
ORD0006601,26/12/2022,20221226,CUS01397,1,EMP0013,Vodafone Cash,Completed,680,390
ORD0006177,26/12/2022,20221226,CUS00893,2,EMP0041,Fawry,Completed,644,330
ORD0007951,26/12/2022,20221226,CUS02855,2,EMP0046,  Cash  ,Completed,2284,1400
ORD0000804,26/12/2022,20221226,CUS00069,15,EMP0208,Debit Card,Completed,1048.5,590
ORD0006957,26/12/2022,20221226,CUS02022,9,EMP0146,Debit Card,Completed,13000,10400
ORD0006455,26/12/2022,20221226,CUS02851,12,EMP0178,Credit Card,Completed,2000,1600
ORD0001828,26/12/2022,20221226,CUS01585,2,EMP0046,Cash,Completed,340,170
ORD0011163,26/12/2022,20221226,CUS02749,8,EMP0143,Credit Card,Completed,2160,1080
ORD0000615,26/12/2022,20221226,CUS01748,3,EMP0063,Fawry,Completed,711,380
ORD0008413,26/12/2022,20221226,CUS02995,1,EMP0020,Debit Card,Completed,5789,4810
ORD0005923,27/12/2022,20221227,CUS00814,6,EMP0121,InstaPay,Returned,2125.5,1440
ORD0006333,27/12/2022,20221227,CUS02363,4,EMP0091,InstaPay,Completed,14926,13020
ORD0006546,27/12/2022,20221227,CUS01897,1,EMP0002,Credit Card,Completed,2012,1670
ORD0004321,27/12/2022,20221227,CUS00842,2,EMP0040,Vodafone Cash,Completed,260,130
ORD0001438,27/12/2022,20221227,CUS00137,10,EMP0152,Fawry,Cancelled,2130.5,1170
ORD0000525,27/12/2022,20221227,CUS00285,2,EMP0051,Vodafone Cash,Completed,2304,1320
ORD0000876,27/12/2022,20221227,CUS01877,4,EMP0082,  Cash  ,Completed,495,270
ORD0007878,27/12/2022,20221227,CUS01258,5,EMP0101,Fawry,Completed,220,100
ORD0008912,27/12/2022,20221227,CUS00501,6,EMP0117,Debit Card,Completed,13678,11500
ORD0006155,27/12/2022,20221227,CUS02496,2,EMP0051,Fawry,Completed,10823,8770
ORD0009677,27/12/2022,20221227,CUS02903,3,EMP0066,Credit Card,Completed,12020,9410
ORD0007597,27/12/2022,20221227,CUS01245,5,EMP0108,Credit Card,Completed,320,150
ORD0000545,27/12/2022,20221227,CUS01667,12,EMP0184,Debit Card,Cancelled,120,60
ORD0000498,27/12/2022,20221227,CUS02970,12,EMP0178,  Credit Card  ,Completed,195,120
ORD0002827,27/12/2022,20221227,CUS02893,7,EMP0132,Cash,Completed,13026,14820
ORD0008004,28/12/2022,20221228,CUS02011,3,EMP0065,Cash,Completed,26964,21360
ORD0001236,28/12/2022,20221228,CUS02504,3,EMP0068,Credit Card,Returned,270,140
ORD0002051,28/12/2022,20221228,CUS02292,2,EMP0040,Credit Card,Completed,140,70
ORD0005756,28/12/2022,20221228,CUS02143,12,EMP0178,InstaPay,Returned,162,80
ORD0009978,29/12/2022,20221229,CUS00090,1,EMP0014,Fawry,Completed,1694,1090
ORD0009210,29/12/2022,20221229,CUS02150,2,EMP0043,Credit Card,Completed,690,340
ORD0001452,29/12/2022,20221229,CUS01460,6,EMP0116,Cash,Completed,5731.5,4360
ORD0000966,29/12/2022,20221229,CUS02469,10,EMP0158,  Credit Card  ,Completed,112.5,70
ORD0004085,29/12/2022,20221229,CUS02148,7,EMP0133,Cash,Completed,5597.5,4950
ORD0010811,29/12/2022,20221229,CUS00071,11,EMP0165,InstaPay,Completed,952,520
ORD0005406,29/12/2022,20221229,CUS00821,2,EMP0040,Debit Card,Returned,270,130
ORD0010756,29/12/2022,20221229,CUS00818,6,EMP0117,Fawry,Completed,404,230
ORD0009150,29/12/2022,20221229,CUS01165,2,EMP0035,Cash,Completed,252,120
ORD0006838,30/12/2022,20221230,CUS01894,2,EMP0031,Fawry,Completed,722,360
ORD0011261,30/12/2022,20221230,CUS00584,4,EMP0079,  Fawry  ,Completed,90,40
ORD0009870,30/12/2022,20221230,CUS02534,7,EMP0136,Cash,Completed,608,390
ORD0004817,30/12/2022,20221230,CUS01573,2,EMP0032,Vodafone Cash,Completed,6698,5480
ORD0009547,30/12/2022,20221230,CUS00536,6,EMP0115,Credit Card,Completed,630,340
ORD0001367,30/12/2022,20221230,CUS02756,1,EMP0015,Fawry,Completed,816,390
ORD0000579,30/12/2022,20221230,CUS01249,9,EMP0147,Vodafone Cash,Cancelled,252,140
ORD0004142,30/12/2022,20221230,CUS02108,1,EMP0028,  InstaPay  ,Completed,261,130
ORD0002834,30/12/2022,20221230,CUS00511,4,EMP0092,  Fawry  ,Completed,1727.5,940
ORD0008581,30/12/2022,20221230,CUS02784,1,EMP0003,InstaPay,Completed,589,300
ORD0006011,31/12/2022,20221231,CUS00280,3,,Credit Card,Returned,1140,650
ORD0000792,31/12/2022,20221231,CUS02537,1,EMP0016,Credit Card,Returned,603.5,350
ORD0006370,31/12/2022,20221231,CUS00067,6,,  Vodafone Cash  ,Completed,150,70
ORD0005255,31/12/2022,20221231,CUS01673,4,,Vodafone Cash,Completed,27200,25600
ORD0006826,31/12/2022,20221231,CUS01985,10,EMP0163,InstaPay,Completed,767,390
ORD0003165,31/12/2022,20221231,CUS00266,2,EMP0048,Cash,Completed,1770,940
ORD0006347,31/12/2022,20221231,CUS02588,10,EMP0160,Debit Card,Completed,8890,7520
ORD0010550,01/01/2023,20230101,CUS00213,1,EMP0004,Credit Card,Cancelled,399,270
ORD0000204,01/01/2023,20230101,CUS02090,12,EMP0176,Debit Card,Completed,1986,990
ORD0000376,01/01/2023,20230101,CUS00880,10,EMP0158,InstaPay,Completed,1244.5,660
ORD0004942,01/01/2023,20230101,CUS02411,7,EMP0129,  InstaPay  ,Completed,256.5,130
ORD0002042,01/01/2023,20230101,CUS01927,6,EMP0120,Credit Card,Completed,1277.5,670
ORD0000484,01/01/2023,20230101,CUS02032,13,EMP0188,Cash,Completed,209,100
ORD0010400,01/01/2023,20230101,CUS02944,1,EMP0013,Credit Card,Completed,2640,2070
ORD0006246,01/01/2023,20230101,CUS02315,13,EMP0188,InstaPay,Completed,980,480
ORD0008388,01/01/2023,20230101,CUS01856,11,EMP0172,  Credit Card  ,Completed,560,270
ORD0005433,02/01/2023,20230102,CUS01000,1,EMP0004,Credit Card,Completed,1314,730
ORD0005538,02/01/2023,20230102,CUS00002,12,EMP0177,InstaPay,Completed,1435,830
ORD0000170,02/01/2023,20230102,CUS02154,4,EMP0092,Cash,Returned,994,500
ORD0000708,02/01/2023,20230102,CUS00115,3,,  Debit Card  ,Completed,80,40
ORD0003014,02/01/2023,20230102,CUS01048,5,EMP0095,Debit Card,Returned,541.5,270
ORD0009953,02/01/2023,20230102,CUS02506,6,EMP0123,Cash,Completed,871.5,540
ORD0007216,02/01/2023,20230102,CUS01656,10,EMP0157,  Credit Card  ,Returned,1848,940
ORD0003311,02/01/2023,20230102,CUS02115,3,EMP0074,Fawry,Completed,948,470
ORD0002200,02/01/2023,20230102,CUS01915,3,EMP0060,Cash,Returned,126,70
ORD0008226,02/01/2023,20230102,CUS02114,4,EMP0094,InstaPay,Completed,468,260
ORD0006648,02/01/2023,20230102,CUS00367,5,EMP0101,InstaPay,Completed,397.5,210
ORD0008486,02/01/2023,20230102,CUS02235,4,EMP0082,Debit Card,Completed,160,70
ORD0005393,02/01/2023,20230102,CUS00216,14,EMP0201,  Credit Card  ,Returned,456,280
ORD0009038,03/01/2023,20230103,CUS01708,12,EMP0178,Vodafone Cash,Completed,11520,10080
ORD0010066,03/01/2023,20230103,CUS02970,6,EMP0124,InstaPay,Completed,25080,21000
ORD0011589,03/01/2023,20230103,CUS00562,6,EMP0113,Fawry,Completed,2910,1390
ORD0005871,03/01/2023,20230103,CUS02399,13,EMP0192,Credit Card,Completed,30880,26100
ORD0001563,03/01/2023,20230103,CUS02859,12,EMP0174,Credit Card,Completed,12117,10300
ORD0007139,03/01/2023,20230103,CUS02262,6,EMP0118,  Fawry  ,Completed,1000.5,540
ORD0009274,03/01/2023,20230103,CUS00713,8,EMP0142,  Credit Card  ,Completed,5859,5320
ORD0006575,03/01/2023,20230103,CUS00272,3,EMP0074,Vodafone Cash,Completed,441,240
ORD0001937,03/01/2023,20230103,CUS01021,13,EMP0186,  InstaPay  ,Cancelled,208,130
ORD0007203,03/01/2023,20230103,CUS02656,3,EMP0072,InstaPay,Completed,90,40
ORD0003944,03/01/2023,20230103,CUS00278,1,EMP0006,Fawry,Completed,795,430
ORD0000167,03/01/2023,20230103,CUS00495,13,EMP0188,Debit Card,Completed,15450,13000
ORD0010990,03/01/2023,20230103,CUS01636,1,EMP0006,Debit Card,Completed,676.5,390
ORD0001382,03/01/2023,20230103,CUS00469,1,EMP0020,Vodafone Cash,Completed,1123,580
ORD0004240,03/01/2023,20230103,CUS02249,4,EMP0089,InstaPay,Completed,476,240
ORD0001277,03/01/2023,20230103,CUS00358,4,,Credit Card,Completed,4376,3190
ORD0011927,04/01/2023,20230104,CUS02731,14,EMP0203,Cash,Completed,986,500
ORD0005978,04/01/2023,20230104,CUS01776,9,EMP0150,Debit Card,Completed,664,330
ORD0006904,04/01/2023,20230104,CUS00332,6,EMP0119,Credit Card,Completed,855,440
ORD0010133,04/01/2023,20230104,CUS02151,6,EMP0113,Vodafone Cash,Completed,962,500
ORD0003123,04/01/2023,20230104,CUS01229,1,EMP0007,Credit Card,Completed,1296,700
ORD0001786,04/01/2023,20230104,CUS00856,3,EMP0062,InstaPay,Completed,12088.5,9960
ORD0005050,04/01/2023,20230104,CUS02712,2,,Fawry,Completed,656,310
ORD0005186,04/01/2023,20230104,CUS02463,2,EMP0042,InstaPay,Completed,343,240
ORD0005356,04/01/2023,20230104,CUS00907,3,EMP0055,Fawry,Completed,796.5,380
ORD0002231,04/01/2023,20230104,CUS02562,7,EMP0136,Fawry,Completed,180,90
ORD0003535,04/01/2023,20230104,CUS02981,1,EMP0016,Vodafone Cash,Returned,140,70
ORD0008879,05/01/2023,20230105,CUS01542,7,EMP0135,InstaPay,Completed,1201,630
ORD0000550,05/01/2023,20230105,CUS02582,6,EMP0123,InstaPay,Returned,12420,10420
ORD0008441,05/01/2023,20230105,CUS01906,3,EMP0068,Fawry,Completed,612,350
ORD0010944,05/01/2023,20230105,CUS01743,2,EMP0038,Vodafone Cash,Completed,14930,11660
ORD0003396,05/01/2023,20230105,CUS02406,3,EMP0057,  Credit Card  ,Completed,342,180
ORD0004553,05/01/2023,20230105,CUS02608,7,EMP0127,  Cash  ,Completed,280,140
ORD0008380,05/01/2023,20230105,CUS00422,2,EMP0053,Fawry,Completed,528,320
ORD0008755,05/01/2023,20230105,CUS02305,4,EMP0088,Credit Card,Completed,29274,23760
ORD0000178,05/01/2023,20230105,CUS02971,12,EMP0175,  Credit Card  ,Completed,801,430
ORD0003578,05/01/2023,20230105,CUS00044,3,EMP0062,Debit Card,Completed,247,120
ORD0010258,05/01/2023,20230105,CUS02855,3,EMP0061,  Vodafone Cash  ,Completed,680,320
ORD0008517,05/01/2023,20230105,CUS02941,3,EMP0077,Credit Card,Completed,123.5,60
ORD0007231,05/01/2023,20230105,CUS00884,5,EMP0096,  Debit Card  ,Completed,657,360
ORD0001250,05/01/2023,20230105,CUS00232,14,EMP0201,Cash,Completed,757,400
ORD0010358,06/01/2023,20230106,CUS00976,15,EMP0205,  Debit Card  ,Completed,658,340
ORD0008709,06/01/2023,20230106,CUS01811,3,EMP0065,Debit Card,Completed,8160,8100
ORD0010294,06/01/2023,20230106,CUS01261,1,EMP0012,Cash,Completed,250,120
ORD0000409,06/01/2023,20230106,CUS01879,2,EMP0043,Vodafone Cash,Completed,351.5,180
ORD0003330,06/01/2023,20230106,CUS01739,1,EMP0027,Debit Card,Completed,592,360
ORD0002394,06/01/2023,20230106,CUS01579,6,EMP0113,Credit Card,Completed,800,360
ORD0009671,06/01/2023,20230106,CUS01358,1,EMP0022,  InstaPay  ,Returned,25080,21000
ORD0004988,06/01/2023,20230106,CUS02317,4,EMP0093,Cash,Completed,210,100
ORD0008874,06/01/2023,20230106,CUS01608,7,EMP0136,Vodafone Cash,Completed,320,140
ORD0002647,06/01/2023,20230106,CUS00528,1,EMP0011,  Cash  ,Completed,1029,610
ORD0009052,06/01/2023,20230106,CUS01461,3,EMP0055,InstaPay,Completed,535.5,300
ORD0011409,06/01/2023,20230106,CUS02847,11,EMP0171,Cash,Completed,1240,590
ORD0006106,07/01/2023,20230107,CUS02053,3,EMP0057,  Debit Card  ,Completed,878,450
ORD0010120,07/01/2023,20230107,CUS00439,2,EMP0032,Debit Card,Completed,3173,1580
ORD0001033,07/01/2023,20230107,CUS00095,1,EMP0023,Credit Card,Completed,520,260
ORD0006231,07/01/2023,20230107,CUS00521,5,EMP0095,Vodafone Cash,Returned,680,400
ORD0003334,07/01/2023,20230107,CUS00635,5,EMP0108,Debit Card,Completed,13402,10910
ORD0001603,07/01/2023,20230107,CUS00284,13,EMP0193,Debit Card,Completed,15526,11680
ORD0000313,07/01/2023,20230107,CUS02148,8,EMP0140,Vodafone Cash,Completed,1872,910
ORD0003180,07/01/2023,20230107,CUS01901,3,EMP0062,Cash,Returned,418,200
ORD0011056,08/01/2023,20230108,CUS02494,12,EMP0182,InstaPay,Returned,325,160
ORD0000634,08/01/2023,20230108,CUS01434,3,EMP0057,Debit Card,Completed,1875,990
ORD0004750,09/01/2023,20230109,CUS01379,7,EMP0136,  Vodafone Cash  ,Completed,17675,13330
ORD0003938,09/01/2023,20230109,CUS01753,10,EMP0155,Cash,Completed,382,200
ORD0010464,09/01/2023,20230109,CUS02925,10,EMP0156,Vodafone Cash,Completed,594,370
ORD0007762,09/01/2023,20230109,CUS00731,4,EMP0081,  Debit Card  ,Completed,8272,6130
ORD0003569,09/01/2023,20230109,CUS00686,4,EMP0094,InstaPay,Completed,781,420
ORD0002329,09/01/2023,20230109,CUS02070,4,EMP0094,  InstaPay  ,Completed,700,330
ORD0002714,10/01/2023,20230110,CUS02831,14,EMP0201,Credit Card,Completed,1134,630
ORD0010048,10/01/2023,20230110,CUS02090,6,EMP0113,Vodafone Cash,Completed,435,220
ORD0001210,10/01/2023,20230110,CUS00679,1,EMP0026,Cash,Completed,980,480
ORD0010217,10/01/2023,20230110,CUS00833,3,EMP0057,Credit Card,Cancelled,546,380
ORD0010733,10/01/2023,20230110,CUS00256,14,EMP0200,Debit Card,Completed,2404,1200
ORD0002941,10/01/2023,20230110,CUS01324,4,EMP0079,InstaPay,Completed,832,430
ORD0010562,10/01/2023,20230110,CUS00528,3,EMP0078,Credit Card,Completed,120,70
ORD0007306,10/01/2023,20230110,CUS02914,9,EMP0145,Cash,Completed,480,240
ORD0008927,10/01/2023,20230110,CUS01786,1,EMP0027,Fawry,Completed,647,330
ORD0007794,10/01/2023,20230110,CUS02772,1,EMP0020,  Debit Card  ,Completed,1450,790
ORD0006824,11/01/2023,20230111,CUS02348,2,EMP0049,  Credit Card  ,Completed,2060,1010
ORD0001897,11/01/2023,20230111,CUS01733,2,EMP0030,Fawry,Completed,655,340
ORD0008776,11/01/2023,20230111,CUS01473,3,EMP0065,Debit Card,Completed,18725,14950
ORD0010772,11/01/2023,20230111,CUS01680,11,EMP0164,Credit Card,Completed,7600,6400
ORD0006954,11/01/2023,20230111,CUS01865,2,EMP0032,InstaPay,Completed,901,440
ORD0002136,11/01/2023,20230111,CUS01045,3,EMP0077,  Vodafone Cash  ,Completed,366,190
ORD0006875,11/01/2023,20230111,CUS00883,6,EMP0114,  Cash  ,Completed,500,240
ORD0010829,11/01/2023,20230111,CUS01064,1,EMP0009,Cash,Completed,290,140
ORD0007247,11/01/2023,20230111,CUS02076,2,EMP0048,Credit Card,Completed,400,200
ORD0007962,11/01/2023,20230111,CUS01099,5,EMP0112,  Debit Card  ,Completed,499,250
ORD0003695,11/01/2023,20230111,CUS01585,6,,Credit Card,Completed,488,300
ORD0001043,11/01/2023,20230111,CUS00280,4,EMP0088,InstaPay,Completed,594.5,320
ORD0007920,11/01/2023,20230111,CUS01099,3,EMP0058,Credit Card,Returned,796,410
ORD0004695,11/01/2023,20230111,CUS01345,14,EMP0199,Fawry,Completed,190,90
ORD0005152,12/01/2023,20230112,CUS01795,11,EMP0168,Vodafone Cash,Completed,1040,520
ORD0001619,12/01/2023,20230112,CUS00451,3,,  Cash  ,Completed,5796,4900
ORD0003137,12/01/2023,20230112,CUS00850,4,EMP0088,Credit Card,Completed,828,450
ORD0011183,12/01/2023,20230112,CUS02616,12,EMP0175,Fawry,Completed,19522.5,15300
ORD0010157,12/01/2023,20230112,CUS01345,2,EMP0036,Cash,Completed,80,40
ORD0002669,12/01/2023,20230112,CUS01200,1,EMP0016,Debit Card,Completed,98,60
ORD0007013,12/01/2023,20230112,CUS01152,13,EMP0192,Debit Card,Completed,1053,550
ORD0002105,12/01/2023,20230112,CUS01356,3,EMP0068,  Debit Card  ,Returned,135,70
ORD0001234,12/01/2023,20230112,CUS00478,13,EMP0188,InstaPay,Completed,1110,530
ORD0006877,12/01/2023,20230112,CUS02210,1,EMP0009,Fawry,Returned,320,160
ORD0011414,12/01/2023,20230112,CUS00988,2,,Debit Card,Completed,370.5,180
ORD0009749,13/01/2023,20230113,CUS01633,2,EMP0029,Debit Card,Completed,2400,1280
ORD0008105,13/01/2023,20230113,CUS02865,9,EMP0150,InstaPay,Completed,324,160
ORD0005000,13/01/2023,20230113,CUS02019,1,EMP0019,Debit Card,Completed,1640,820
ORD0008744,13/01/2023,20230113,CUS00280,15,EMP0212,InstaPay,Cancelled,20469,15980
ORD0009293,13/01/2023,20230113,CUS02962,15,EMP0210,Debit Card,Completed,1615,1240
ORD0011804,13/01/2023,20230113,CUS00716,2,EMP0035,Credit Card,Completed,1781,950
ORD0008664,13/01/2023,20230113,CUS02711,11,EMP0171,Credit Card,Completed,2685,1360
ORD0010268,13/01/2023,20230113,CUS00574,9,EMP0146,Credit Card,Completed,1720.5,870
ORD0007264,13/01/2023,20230113,CUS02519,14,EMP0203,  Vodafone Cash  ,Completed,569,340
ORD0003597,13/01/2023,20230113,CUS01041,1,EMP0005,Debit Card,Completed,530,260
ORD0004838,13/01/2023,20230113,CUS01566,8,EMP0140,Debit Card,Completed,646,330
ORD0008365,14/01/2023,20230114,CUS00579,2,EMP0052,  Debit Card  ,Completed,104,60
ORD0011575,14/01/2023,20230114,CUS02741,3,EMP0058,Vodafone Cash,Returned,17700,14100
ORD0006022,14/01/2023,20230114,CUS01618,12,EMP0174,Cash,Completed,340,160
ORD0006021,14/01/2023,20230114,CUS00114,3,EMP0069,Cash,Completed,800,380
ORD0001206,14/01/2023,20230114,CUS02062,5,EMP0100,InstaPay,Completed,4113,2220
ORD0006495,14/01/2023,20230114,CUS01527,7,EMP0135,Cash,Completed,883,580
ORD0009604,14/01/2023,20230114,CUS02783,4,EMP0083,Debit Card,Completed,315,170
ORD0007156,15/01/2023,20230115,CUS01690,4,EMP0082,Debit Card,Completed,2680,2100
ORD0002155,15/01/2023,20230115,CUS01680,8,EMP0141,Vodafone Cash,Completed,540,290
ORD0009796,15/01/2023,20230115,CUS02655,14,EMP0203,Credit Card,Completed,1793,1020
ORD0006525,15/01/2023,20230115,CUS01712,1,EMP0020,Fawry,Completed,21910,20230
ORD0001036,15/01/2023,20230115,CUS01934,15,EMP0211,Credit Card,Returned,2314,1400
ORD0008866,15/01/2023,20230115,CUS00543,1,EMP0017,Credit Card,Completed,508,290
ORD0002845,15/01/2023,20230115,CUS02567,12,EMP0184,Debit Card,Completed,1216,640
ORD0007698,15/01/2023,20230115,CUS01516,5,,InstaPay,Completed,422,200
ORD0008685,15/01/2023,20230115,CUS00060,14,EMP0198,Debit Card,Completed,693,380
ORD0001600,15/01/2023,20230115,CUS02517,3,EMP0067,Credit Card,Completed,5200,4000
ORD0010344,15/01/2023,20230115,CUS00131,8,EMP0140,  Vodafone Cash  ,Completed,36780,32440
ORD0002060,15/01/2023,20230115,CUS02878,3,EMP0060,Credit Card,Completed,423,230
ORD0001803,15/01/2023,20230115,CUS00683,13,EMP0186,Vodafone Cash,Completed,1577,830
ORD0002018,15/01/2023,20230115,CUS00072,3,EMP0074,Cash,Completed,441,240
ORD0004641,16/01/2023,20230116,CUS01109,4,EMP0091,  Cash  ,Completed,1157,590
ORD0009157,16/01/2023,20230116,CUS01775,1,EMP0002,InstaPay,Completed,228,120
ORD0010220,16/01/2023,20230116,CUS02292,3,EMP0069,  Credit Card  ,Completed,300,140
ORD0001360,16/01/2023,20230116,CUS02895,2,EMP0052,Debit Card,Completed,779,390
ORD0001511,16/01/2023,20230116,CUS01633,2,,Debit Card,Completed,475,240
ORD0010475,16/01/2023,20230116,CUS00292,4,EMP0086,Fawry,Completed,1235,1000
ORD0000499,16/01/2023,20230116,CUS00094,2,EMP0046,InstaPay,Completed,765,380
ORD0003389,16/01/2023,20230116,CUS02959,3,EMP0066,  Debit Card  ,Completed,1656,900
ORD0004604,16/01/2023,20230116,CUS01471,13,EMP0187,Fawry,Completed,20592,16940
ORD0009143,16/01/2023,20230116,CUS02562,7,EMP0127,Debit Card,Completed,2701,1520
ORD0010380,16/01/2023,20230116,CUS02265,10,EMP0158,Vodafone Cash,Completed,607.5,390
ORD0000343,16/01/2023,20230116,CUS00712,7,EMP0134,InstaPay,Completed,661.5,370
ORD0005877,16/01/2023,20230116,CUS02534,1,EMP0020,Cash,Completed,4319,3600
ORD0001936,17/01/2023,20230117,CUS01637,3,EMP0063,Credit Card,Completed,180,80
ORD0002625,17/01/2023,20230117,CUS01171,1,EMP0017,Cash,Completed,240,120
ORD0004464,17/01/2023,20230117,CUS00850,3,EMP0064,Vodafone Cash,Completed,770,380
ORD0011712,17/01/2023,20230117,CUS00302,1,EMP0019,InstaPay,Completed,902,500
ORD0001496,17/01/2023,20230117,CUS02463,6,EMP0123,Fawry,Completed,114,60
ORD0005497,17/01/2023,20230117,CUS01683,15,EMP0211,InstaPay,Completed,987.5,570
ORD0005417,17/01/2023,20230117,CUS00400,10,EMP0152,Credit Card,Completed,104,60
ORD0001646,17/01/2023,20230117,CUS02567,9,EMP0146,Credit Card,Cancelled,519.5,270
ORD0002184,17/01/2023,20230117,CUS02431,14,EMP0203,Debit Card,Completed,576,280
ORD0011341,17/01/2023,20230117,CUS00254,3,EMP0060,Fawry,Completed,5143,3790
ORD0001761,17/01/2023,20230117,CUS02987,5,EMP0101,  Cash  ,Completed,720,360
ORD0011266,17/01/2023,20230117,CUS02744,2,EMP0046,Fawry,Completed,608.5,360
ORD0010639,17/01/2023,20230117,CUS01828,6,EMP0121,Cash,Completed,18055,15040
ORD0006232,17/01/2023,20230117,CUS00642,1,EMP0020,Fawry,Completed,3022,1600
ORD0011400,17/01/2023,20230117,CUS01183,1,EMP0001,  InstaPay  ,Completed,1020,490
ORD0010529,17/01/2023,20230117,CUS00553,5,EMP0111,Fawry,Completed,5965,4910
ORD0006453,18/01/2023,20230118,CUS01853,2,EMP0034,Vodafone Cash,Completed,698.5,390
ORD0009328,18/01/2023,20230118,CUS01814,1,,  Debit Card  ,Completed,168,100
ORD0000103,18/01/2023,20230118,CUS01956,13,EMP0188,Fawry,Completed,1196,590
ORD0009142,18/01/2023,20230118,CUS00274,14,EMP0194,Cash,Completed,8446,6640
ORD0011002,18/01/2023,20230118,CUS02525,1,EMP0025,InstaPay,Completed,660,330
ORD0011316,18/01/2023,20230118,CUS00700,9,EMP0145,Vodafone Cash,Completed,142.5,70
ORD0011719,18/01/2023,20230118,CUS02633,2,EMP0052,Fawry,Completed,160,70
ORD0006951,18/01/2023,20230118,CUS01406,5,EMP0098,  Debit Card  ,Completed,6249,4640
ORD0001053,18/01/2023,20230118,CUS02980,11,EMP0173,Debit Card,Completed,208,120
ORD0011512,18/01/2023,20230118,CUS00955,10,EMP0161,Fawry,Completed,25693,22180
ORD0008180,18/01/2023,20230118,CUS02392,1,,Vodafone Cash,Completed,15035,12340
ORD0007040,18/01/2023,20230118,CUS01164,1,EMP0025,Cash,Completed,210,100
ORD0005087,18/01/2023,20230118,CUS02471,14,EMP0198,Fawry,Returned,81,40
ORD0008468,19/01/2023,20230119,CUS01511,8,EMP0144,Debit Card,Completed,412,210
ORD0001462,19/01/2023,20230119,CUS02017,5,EMP0107,  Fawry  ,Completed,1760,970
ORD0001914,19/01/2023,20230119,CUS01164,2,EMP0051,Credit Card,Completed,342,180
ORD0004027,19/01/2023,20230119,CUS02623,1,EMP0021,  InstaPay  ,Completed,264.5,140
ORD0002791,19/01/2023,20230119,CUS01825,2,EMP0032,Debit Card,Completed,300,140
ORD0002053,19/01/2023,20230119,CUS02535,2,EMP0052,InstaPay,Completed,584,310
ORD0006818,19/01/2023,20230119,CUS01238,4,EMP0082,Credit Card,Completed,1176,720
ORD0011128,19/01/2023,20230119,CUS01826,1,EMP0017,Credit Card,Completed,1320,960
ORD0006858,19/01/2023,20230119,CUS02008,6,EMP0123,Fawry,Completed,6051,5470
ORD0002563,19/01/2023,20230119,CUS00625,2,EMP0051,InstaPay,Completed,337.5,200
ORD0005968,19/01/2023,20230119,CUS00547,9,EMP0150,Credit Card,Completed,360,170
ORD0000906,19/01/2023,20230119,CUS01699,5,EMP0101,InstaPay,Completed,342,180
ORD0011234,19/01/2023,20230119,CUS02820,13,EMP0189,Fawry,Completed,120,70
ORD0002447,19/01/2023,20230119,CUS01868,3,EMP0064,Vodafone Cash,Returned,781,390
ORD0003275,20/01/2023,20230120,CUS00083,6,EMP0123,InstaPay,Returned,310,150
ORD0003066,20/01/2023,20230120,CUS01854,11,EMP0165,Debit Card,Completed,822,450
ORD0008861,20/01/2023,20230120,CUS01296,13,EMP0193,  InstaPay  ,Completed,285,140
ORD0003225,20/01/2023,20230120,CUS00158,1,EMP0015,Fawry,Completed,5081,4670
ORD0010582,20/01/2023,20230120,CUS01556,1,EMP0023,Cash,Completed,1511,750
ORD0008210,20/01/2023,20230120,CUS00971,3,,InstaPay,Completed,180,80
ORD0011123,20/01/2023,20230120,CUS02435,7,EMP0133,Credit Card,Completed,229.5,120
ORD0000220,20/01/2023,20230120,CUS01400,9,EMP0149,Cash,Completed,480,500
ORD0008775,20/01/2023,20230120,CUS01407,15,EMP0210,Vodafone Cash,Completed,108,60
ORD0007737,20/01/2023,20230120,CUS01489,10,EMP0152,Cash,Completed,12771,10290
ORD0001669,20/01/2023,20230120,CUS02703,7,EMP0129,Fawry,Completed,540,300
ORD0010387,20/01/2023,20230120,CUS02725,6,EMP0120,Vodafone Cash,Completed,36700,32410
ORD0008725,20/01/2023,20230120,CUS00624,6,EMP0120,Vodafone Cash,Completed,270,130
ORD0011404,21/01/2023,20230121,CUS00014,10,EMP0154,Vodafone Cash,Completed,535.5,320
ORD0002278,21/01/2023,20230121,CUS02357,3,EMP0064,  Fawry  ,Completed,972,470
ORD0004908,21/01/2023,20230121,CUS01310,11,EMP0171,  Fawry  ,Completed,2648,1470
ORD0004120,21/01/2023,20230121,CUS01063,6,EMP0123,Cash,Completed,1985,1000
ORD0010150,21/01/2023,20230121,CUS00240,10,EMP0163,Cash,Completed,4629.5,2320
ORD0000079,21/01/2023,20230121,CUS00745,2,,Debit Card,Completed,576,300
ORD0004364,22/01/2023,20230122,CUS00750,12,EMP0178,Vodafone Cash,Completed,1214,650
ORD0001758,22/01/2023,20230122,CUS01940,10,EMP0156,  Fawry  ,Completed,2394,1240
ORD0002940,22/01/2023,20230122,CUS00182,3,EMP0061,Debit Card,Completed,840,400
ORD0005100,22/01/2023,20230122,CUS00636,6,EMP0118,Vodafone Cash,Completed,14649,12200
ORD0000466,22/01/2023,20230122,CUS00402,8,EMP0143,Fawry,Completed,418,200
ORD0004628,22/01/2023,20230122,CUS00159,4,EMP0089,Credit Card,Completed,711.5,400
ORD0005839,22/01/2023,20230122,CUS02964,13,EMP0187,  InstaPay  ,Completed,732.5,360
ORD0003469,22/01/2023,20230122,CUS01807,14,EMP0197,InstaPay,Completed,2314,1270
ORD0008536,22/01/2023,20230122,CUS00625,12,EMP0175,InstaPay,Completed,1705.5,970
ORD0003093,22/01/2023,20230122,CUS01667,3,EMP0069,  Debit Card  ,Completed,2297,1190
ORD0005944,23/01/2023,20230123,CUS02575,13,EMP0190,InstaPay,Completed,6077.5,5670
ORD0011245,23/01/2023,20230123,CUS01749,10,EMP0160,Fawry,Completed,540,290
ORD0002523,23/01/2023,20230123,CUS02500,7,EMP0128,Fawry,Completed,2608,1380
ORD0011724,23/01/2023,20230123,CUS00615,2,EMP0046,Debit Card,Completed,9500,8750
ORD0005993,23/01/2023,20230123,CUS01704,3,EMP0071,Debit Card,Completed,366,180
ORD0004772,23/01/2023,20230123,CUS00173,8,EMP0143,Credit Card,Returned,1962.5,1110
ORD0002952,23/01/2023,20230123,CUS01284,2,EMP0052,Credit Card,Completed,282,140
ORD0001889,23/01/2023,20230123,CUS00514,1,,Vodafone Cash,Completed,2691.5,1430
ORD0011202,23/01/2023,20230123,CUS00942,12,EMP0179,Vodafone Cash,Completed,170,80
ORD0008820,24/01/2023,20230124,CUS02873,3,EMP0059,Debit Card,Cancelled,630,330
ORD0001002,24/01/2023,20230124,CUS02385,11,EMP0171,  Cash  ,Completed,2272,1400
ORD0009009,24/01/2023,20230124,CUS01567,4,EMP0089,Debit Card,Completed,80,40
ORD0008736,24/01/2023,20230124,CUS00819,8,EMP0141,Cash,Completed,1260,600
ORD0003573,24/01/2023,20230124,CUS02446,1,EMP0028,InstaPay,Returned,26580,21280
ORD0000844,24/01/2023,20230124,CUS01695,4,EMP0087,Vodafone Cash,Returned,440,220
ORD0001584,24/01/2023,20230124,CUS00394,10,EMP0158,InstaPay,Completed,1793,910
ORD0002287,24/01/2023,20230124,CUS00351,15,EMP0206,Fawry,Completed,1483.5,820
ORD0000106,24/01/2023,20230124,CUS00181,4,EMP0082,  Debit Card  ,Completed,457.5,300
ORD0010741,24/01/2023,20230124,CUS01362,3,EMP0075,Credit Card,Completed,1730,820
ORD0010371,24/01/2023,20230124,CUS01724,12,EMP0179,Credit Card,Completed,14650,12860
ORD0004137,24/01/2023,20230124,CUS01394,12,EMP0184,InstaPay,Completed,1702.5,950
ORD0011732,25/01/2023,20230125,CUS00417,1,,Credit Card,Completed,1350,660
ORD0000113,25/01/2023,20230125,CUS01012,9,EMP0148,Vodafone Cash,Completed,3775,2120
ORD0011974,25/01/2023,20230125,CUS02606,2,EMP0031,Cash,Completed,1005.5,520
ORD0006413,25/01/2023,20230125,CUS01999,10,,Credit Card,Cancelled,1722.5,900
ORD0000322,25/01/2023,20230125,CUS02281,1,EMP0017,Fawry,Completed,405,210
ORD0006443,25/01/2023,20230125,CUS01903,2,EMP0048,Credit Card,Completed,1770,980
ORD0007687,25/01/2023,20230125,CUS01016,4,EMP0090,Fawry,Completed,415,230
ORD0001958,25/01/2023,20230125,CUS01330,7,EMP0135,Debit Card,Completed,758,440
ORD0009486,25/01/2023,20230125,CUS02137,2,EMP0029,Cash,Completed,830,410
ORD0008627,25/01/2023,20230125,CUS01240,10,,  Debit Card  ,Completed,612,320
ORD0002422,25/01/2023,20230125,CUS00479,3,EMP0066,Cash,Completed,1549.5,860
ORD0006750,25/01/2023,20230125,CUS02750,14,EMP0201,Vodafone Cash,Completed,1264,720
ORD0003550,25/01/2023,20230125,CUS00296,4,EMP0093,Debit Card,Completed,279,150
ORD0010170,25/01/2023,20230125,CUS00510,8,EMP0142,Cash,Completed,336,200
ORD0009088,26/01/2023,20230126,CUS02193,6,EMP0115,Debit Card,Completed,555,310
ORD0003483,26/01/2023,20230126,CUS02486,6,EMP0116,InstaPay,Completed,260,120
ORD0004249,26/01/2023,20230126,CUS00001,2,EMP0053,Vodafone Cash,Completed,12900,12380
ORD0003506,26/01/2023,20230126,CUS00324,11,EMP0169,Debit Card,Completed,204,120
ORD0010447,26/01/2023,20230126,CUS00196,4,EMP0081,Credit Card,Completed,427.5,220
ORD0001172,26/01/2023,20230126,CUS02406,15,EMP0207,InstaPay,Completed,2332,1330
ORD0010997,26/01/2023,20230126,CUS00307,13,EMP0185,  InstaPay  ,Completed,4590,4000
ORD0009679,26/01/2023,20230126,CUS00289,10,EMP0154,Debit Card,Completed,630,350
ORD0002412,26/01/2023,20230126,CUS01813,3,EMP0073,Credit Card,Completed,1078,590
ORD0000034,26/01/2023,20230126,CUS02051,1,EMP0003,Fawry,Completed,458.5,230
ORD0006577,26/01/2023,20230126,CUS01019,9,EMP0150,Debit Card,Completed,14097,10760
ORD0005826,27/01/2023,20230127,CUS02201,3,EMP0058,Vodafone Cash,Completed,1594.5,820
ORD0002497,27/01/2023,20230127,CUS02104,6,EMP0118,Vodafone Cash,Completed,1214,600
ORD0000724,27/01/2023,20230127,CUS00460,2,EMP0046,Cash,Returned,1318.5,760
ORD0007064,27/01/2023,20230127,CUS01334,2,EMP0039,Credit Card,Completed,119,60
ORD0006708,27/01/2023,20230127,CUS02174,4,EMP0080,InstaPay,Completed,98,60
ORD0006657,27/01/2023,20230127,CUS00314,14,EMP0200,  Credit Card  ,Completed,277.5,180
ORD0009508,27/01/2023,20230127,CUS00099,14,EMP0196,Cash,Completed,580,360
ORD0002804,27/01/2023,20230127,CUS02778,11,EMP0164,Cash,Completed,547.5,270
ORD0008130,27/01/2023,20230127,CUS02730,12,EMP0184,Debit Card,Completed,30040,24750
ORD0010375,28/01/2023,20230128,CUS00974,4,EMP0085,  Cash  ,Completed,841,540
ORD0005755,28/01/2023,20230128,CUS02315,14,EMP0197,InstaPay,Returned,450,220
ORD0001242,28/01/2023,20230128,CUS01031,4,EMP0088,Debit Card,Completed,300,140
ORD0004378,28/01/2023,20230128,CUS00238,4,EMP0085,Cash,Completed,1380,660
ORD0008302,28/01/2023,20230128,CUS02863,2,EMP0039,Fawry,Completed,1587.5,900
ORD0001013,28/01/2023,20230128,CUS02643,8,EMP0139,Fawry,Completed,1003,570
ORD0003061,28/01/2023,20230128,CUS01367,4,EMP0091,InstaPay,Completed,550,270
ORD0002892,28/01/2023,20230128,CUS00571,6,EMP0120,Vodafone Cash,Completed,9090,8100
ORD0004255,28/01/2023,20230128,CUS02430,3,EMP0062,Cash,Completed,7700,5940
ORD0004756,28/01/2023,20230128,CUS00234,10,EMP0163,Fawry,Returned,210,100
ORD0008558,29/01/2023,20230129,CUS01093,11,EMP0166,Credit Card,Completed,912,460
ORD0011654,29/01/2023,20230129,CUS00656,8,EMP0139,InstaPay,Completed,2385,1190
ORD0003457,29/01/2023,20230129,CUS01108,6,EMP0125,Credit Card,Completed,640,350
ORD0008851,29/01/2023,20230129,CUS02079,3,EMP0060,  Fawry  ,Completed,540,260
ORD0009153,29/01/2023,20230129,CUS01429,1,EMP0007,Vodafone Cash,Completed,570,280
ORD0000785,29/01/2023,20230129,CUS01522,11,EMP0168,InstaPay,Completed,4080,4000
ORD0010751,29/01/2023,20230129,CUS01051,1,EMP0018,Vodafone Cash,Completed,2160,2000
ORD0000072,29/01/2023,20230129,CUS02962,6,EMP0125,  Debit Card  ,Completed,207,110
ORD0001314,29/01/2023,20230129,CUS02786,12,EMP0179,Cash,Completed,2763,1550
ORD0004920,29/01/2023,20230129,CUS00364,4,EMP0080,Cash,Completed,2583,1470
ORD0011462,30/01/2023,20230130,CUS00464,10,EMP0153,  Credit Card  ,Returned,298,170
ORD0010033,30/01/2023,20230130,CUS01687,4,EMP0092,Fawry,Completed,667,330
ORD0008710,30/01/2023,20230130,CUS02004,6,EMP0117,  Credit Card  ,Completed,464,240
ORD0002162,30/01/2023,20230130,CUS01463,1,EMP0019,Fawry,Completed,723,430
ORD0006530,30/01/2023,20230130,CUS00679,14,EMP0197,Vodafone Cash,Completed,200,90
ORD0005399,30/01/2023,20230130,CUS02708,12,EMP0181,Fawry,Completed,160,80
ORD0001101,30/01/2023,20230130,CUS02963,7,EMP0129,  Credit Card  ,Completed,2155,1200
ORD0011345,30/01/2023,20230130,CUS00513,15,EMP0211,InstaPay,Completed,1362,690
ORD0003101,30/01/2023,20230130,CUS02471,3,EMP0057,Fawry,Completed,153,80
ORD0001268,30/01/2023,20230130,CUS02119,1,EMP0023,InstaPay,Completed,2539.5,1770
ORD0011125,30/01/2023,20230130,CUS00043,8,EMP0138,Cash,Returned,247.5,160
ORD0004984,30/01/2023,20230130,CUS02481,2,EMP0041,  Credit Card  ,Completed,260,130
ORD0004037,30/01/2023,20230130,CUS02482,2,EMP0030,  Fawry  ,Completed,202.5,130
ORD0003980,30/01/2023,20230130,CUS00450,1,EMP0008,  InstaPay  ,Completed,119,70
ORD0000629,31/01/2023,20230131,CUS01071,11,EMP0164,InstaPay,Completed,365.5,210
ORD0004063,31/01/2023,20230131,CUS02041,8,EMP0138,Credit Card,Returned,2440,1200
ORD0010981,31/01/2023,20230131,CUS02020,1,EMP0015,InstaPay,Completed,224,140
ORD0002853,31/01/2023,20230131,CUS00949,12,EMP0175,Vodafone Cash,Completed,1080,540
ORD0003946,31/01/2023,20230131,CUS00296,10,EMP0161,InstaPay,Cancelled,400,250
ORD0000723,31/01/2023,20230131,CUS00671,14,EMP0197,Cash,Completed,1935,950
ORD0003489,31/01/2023,20230131,CUS00543,4,,  Fawry  ,Completed,1399,780
ORD0010801,31/01/2023,20230131,CUS02228,13,EMP0187,Cash,Completed,459,240
ORD0006693,31/01/2023,20230131,CUS00043,4,EMP0080,Vodafone Cash,Completed,85,40
ORD0000909,31/01/2023,20230131,CUS00956,6,EMP0115,Credit Card,Completed,3510.5,1900
ORD0003630,31/01/2023,20230131,CUS02564,8,EMP0138,Fawry,Completed,1544,770
ORD0001799,31/01/2023,20230131,CUS01005,1,EMP0021,Debit Card,Completed,1328,640
ORD0008799,31/01/2023,20230131,CUS02150,1,EMP0011,  Cash  ,Completed,2876,1850
ORD0001942,31/01/2023,20230131,CUS00718,4,EMP0088,Cash,Completed,14096,11980
ORD0008100,31/01/2023,20230131,CUS02416,15,EMP0212,  Vodafone Cash  ,Completed,540,300
ORD0000846,31/01/2023,20230131,CUS02587,7,EMP0132,Vodafone Cash,Completed,144,70
ORD0010167,01/02/2023,20230201,CUS02232,4,EMP0086,  Credit Card  ,Completed,20560,16270
ORD0000462,01/02/2023,20230201,CUS00848,2,EMP0039,Credit Card,Completed,285,140
ORD0011041,01/02/2023,20230201,CUS01208,1,EMP0010,Fawry,Completed,12756,10260
ORD0009597,01/02/2023,20230201,CUS01516,8,EMP0144,Cash,Completed,705.5,410
ORD0011129,01/02/2023,20230201,CUS02098,7,EMP0133,Credit Card,Completed,3286,1880
ORD0004296,01/02/2023,20230201,CUS01844,15,,Credit Card,Completed,677,370
ORD0000648,01/02/2023,20230201,CUS02282,4,EMP0081,Credit Card,Completed,648,340
ORD0002239,01/02/2023,20230201,CUS01578,1,EMP0017,  Cash  ,Returned,1080,700
ORD0010604,01/02/2023,20230201,CUS01651,5,EMP0097,Vodafone Cash,Completed,1350,660
ORD0003472,01/02/2023,20230201,CUS02686,11,EMP0166,  Credit Card  ,Completed,2415,1270
ORD0005904,01/02/2023,20230201,CUS01531,10,EMP0162,Fawry,Completed,558.5,290
ORD0006127,01/02/2023,20230201,CUS02854,4,EMP0085,Debit Card,Completed,480,210
ORD0001389,02/02/2023,20230202,CUS01334,1,EMP0008,InstaPay,Completed,444,240
ORD0003574,02/02/2023,20230202,CUS00560,12,EMP0184,  Fawry  ,Completed,701.5,340
ORD0010739,02/02/2023,20230202,CUS00772,2,EMP0039,Debit Card,Completed,1809,980
ORD0007440,02/02/2023,20230202,CUS02767,3,EMP0066,Vodafone Cash,Completed,1200,1200
ORD0003516,02/02/2023,20230202,CUS01414,2,EMP0048,InstaPay,Completed,933,460
ORD0009922,02/02/2023,20230202,CUS00204,2,EMP0053,Cash,Completed,443,260
ORD0007999,02/02/2023,20230202,CUS00884,2,EMP0035,  Credit Card  ,Completed,135,70
ORD0000661,02/02/2023,20230202,CUS02648,5,EMP0107,Debit Card,Completed,540,260
ORD0000975,02/02/2023,20230202,CUS02961,3,EMP0067,InstaPay,Cancelled,14580,11760
ORD0009617,02/02/2023,20230202,CUS01157,1,EMP0011,Vodafone Cash,Returned,980,460
ORD0011384,02/02/2023,20230202,CUS00946,2,EMP0041,  Credit Card  ,Completed,5016.5,3480
ORD0006426,02/02/2023,20230202,CUS02842,10,EMP0153,Vodafone Cash,Completed,225,120
ORD0003580,02/02/2023,20230202,CUS00907,6,,InstaPay,Completed,161.5,90
ORD0009464,03/02/2023,20230203,CUS01611,10,EMP0161,Vodafone Cash,Completed,648,350
ORD0008377,03/02/2023,20230203,CUS02252,10,EMP0162,  Debit Card  ,Completed,270,140
ORD0007049,03/02/2023,20230203,CUS01376,10,EMP0157,Debit Card,Completed,1117.5,640
ORD0006391,03/02/2023,20230203,CUS01621,14,EMP0194,Credit Card,Completed,2076,1050
ORD0009159,03/02/2023,20230203,CUS00803,4,EMP0079,InstaPay,Completed,238,120
ORD0001925,03/02/2023,20230203,CUS02708,1,EMP0004,Debit Card,Cancelled,760,400
ORD0006225,03/02/2023,20230203,CUS00254,13,EMP0186,InstaPay,Completed,279,140
ORD0003116,03/02/2023,20230203,CUS02280,8,EMP0139,Credit Card,Returned,1269,660
ORD0011000,03/02/2023,20230203,CUS01730,10,EMP0160,Credit Card,Returned,639,350
ORD0002968,03/02/2023,20230203,CUS00880,1,EMP0011,Credit Card,Completed,30179,25010
ORD0007187,03/02/2023,20230203,CUS02083,12,EMP0181,Fawry,Completed,150,70
ORD0004807,03/02/2023,20230203,CUS02102,9,EMP0147,Cash,Completed,63,40
ORD0004308,03/02/2023,20230203,CUS01691,3,EMP0056,Fawry,Completed,612,340
ORD0004244,04/02/2023,20230204,CUS01022,5,EMP0106,Debit Card,Completed,360,160
ORD0000688,04/02/2023,20230204,CUS02278,4,EMP0094,InstaPay,Completed,3132,1840
ORD0003976,04/02/2023,20230204,CUS00605,4,EMP0089,InstaPay,Completed,922,530
ORD0011782,04/02/2023,20230204,CUS02827,14,EMP0196,  Debit Card  ,Completed,420,200
ORD0007664,04/02/2023,20230204,CUS02064,4,EMP0083,Cash,Cancelled,285,140
ORD0005865,04/02/2023,20230204,CUS02384,1,EMP0018,Credit Card,Completed,544,300
ORD0006880,04/02/2023,20230204,CUS01344,6,EMP0121,Fawry,Returned,260,130
ORD0002432,04/02/2023,20230204,CUS02889,1,EMP0013,  Debit Card  ,Completed,18606,14090
ORD0000773,04/02/2023,20230204,CUS02906,3,EMP0057,Cash,Completed,333,180
ORD0008452,04/02/2023,20230204,CUS02618,6,EMP0122,Cash,Completed,6840,5600
ORD0009999,05/02/2023,20230205,CUS02272,3,EMP0074,Credit Card,Completed,630,340
ORD0007709,05/02/2023,20230205,CUS01378,7,EMP0132,Debit Card,Completed,1013,520
ORD0005390,05/02/2023,20230205,CUS01375,1,EMP0025,Cash,Completed,1273.5,640
ORD0007672,05/02/2023,20230205,CUS01867,2,EMP0047,Fawry,Completed,4064,2090
ORD0008186,05/02/2023,20230205,CUS02569,15,EMP0206,Debit Card,Completed,23491.5,21590
ORD0006594,05/02/2023,20230205,CUS01259,4,EMP0093,Vodafone Cash,Completed,224,160
ORD0002450,05/02/2023,20230205,CUS02490,1,EMP0026,InstaPay,Returned,1139,740
ORD0002442,05/02/2023,20230205,CUS00904,2,EMP0040,InstaPay,Completed,1466,730
ORD0003109,05/02/2023,20230205,CUS02917,2,EMP0038,Credit Card,Cancelled,844,470
ORD0001211,05/02/2023,20230205,CUS00722,1,EMP0024,  Debit Card  ,Completed,3424,2570
ORD0002982,05/02/2023,20230205,CUS02722,1,EMP0027,  Credit Card  ,Completed,410,190
ORD0004713,05/02/2023,20230205,CUS02950,2,EMP0032,  Vodafone Cash  ,Completed,790.5,450
ORD0009389,05/02/2023,20230205,CUS02765,14,EMP0203,  Cash  ,Completed,400,180
ORD0000953,05/02/2023,20230205,CUS00715,15,EMP0213,Fawry,Completed,2236.5,1140
ORD0010494,06/02/2023,20230206,CUS00750,4,EMP0087,Cash,Completed,7121.5,5250
ORD0009914,06/02/2023,20230206,CUS02866,1,EMP0012,Cash,Completed,890,500
ORD0010706,06/02/2023,20230206,CUS02298,1,EMP0016,Credit Card,Completed,2130,1100
ORD0009859,06/02/2023,20230206,CUS02020,4,EMP0093,InstaPay,Completed,340,160
ORD0002421,06/02/2023,20230206,CUS01497,2,EMP0043,Fawry,Completed,342,180
ORD0010308,06/02/2023,20230206,CUS02015,13,EMP0191,Vodafone Cash,Completed,297.5,170
ORD0002216,06/02/2023,20230206,CUS02646,6,,InstaPay,Completed,126,70
ORD0008687,06/02/2023,20230206,CUS00858,1,EMP0024,  Debit Card  ,Completed,200,100
ORD0004972,06/02/2023,20230206,CUS01559,7,EMP0128,  Credit Card  ,Completed,1160,560
ORD0010301,06/02/2023,20230206,CUS02831,5,EMP0109,Vodafone Cash,Completed,289,160
ORD0000373,06/02/2023,20230206,CUS02621,2,EMP0030,Credit Card,Completed,1323.5,810
ORD0002676,06/02/2023,20230206,CUS02071,1,EMP0007,Cash,Completed,171,90
ORD0006274,06/02/2023,20230206,CUS02323,3,EMP0071,  Credit Card  ,Completed,1305,750
ORD0008009,07/02/2023,20230207,CUS01983,8,EMP0141,  Debit Card  ,Completed,15900,12700
ORD0001315,07/02/2023,20230207,CUS00348,15,EMP0212,InstaPay,Completed,517,290
ORD0009688,07/02/2023,20230207,CUS01710,2,EMP0052,Credit Card,Completed,2755.5,1860
ORD0001279,07/02/2023,20230207,CUS01354,1,EMP0027,  Fawry  ,Completed,360,160
ORD0007710,07/02/2023,20230207,CUS01576,1,EMP0022,  Cash  ,Completed,1339.5,690
ORD0002491,07/02/2023,20230207,CUS00310,2,EMP0031,Debit Card,Completed,10769.5,8630
ORD0009120,07/02/2023,20230207,CUS01755,10,EMP0163,Vodafone Cash,Completed,144,80
ORD0003359,07/02/2023,20230207,CUS01737,14,EMP0201,Cash,Completed,5490,4900
ORD0005308,07/02/2023,20230207,CUS01461,3,EMP0069,Credit Card,Completed,2000,1600
ORD0006710,07/02/2023,20230207,CUS01040,6,EMP0114,Vodafone Cash,Completed,1113,550
ORD0009290,07/02/2023,20230207,CUS00940,1,EMP0005,  Credit Card  ,Completed,2286.5,1190
ORD0000048,08/02/2023,20230208,CUS02611,3,EMP0077,Debit Card,Completed,922,460
ORD0006338,08/02/2023,20230208,CUS01584,15,EMP0204,Vodafone Cash,Returned,1660,850
ORD0004489,08/02/2023,20230208,CUS02376,6,EMP0116,Fawry,Completed,270,170
ORD0009296,08/02/2023,20230208,CUS01162,13,EMP0193,Vodafone Cash,Completed,216,110
ORD0008846,08/02/2023,20230208,CUS00086,1,EMP0003,Fawry,Completed,1387,710
ORD0009634,08/02/2023,20230208,CUS01343,5,EMP0106,InstaPay,Completed,200,120
ORD0010694,09/02/2023,20230209,CUS02816,2,EMP0054,Fawry,Cancelled,618.5,330
ORD0005599,09/02/2023,20230209,CUS00280,5,EMP0105,  Debit Card  ,Completed,1208,700
ORD0008119,09/02/2023,20230209,CUS00995,10,EMP0163,  Cash  ,Completed,420,200
ORD0002681,09/02/2023,20230209,CUS00346,2,EMP0034,  Vodafone Cash  ,Completed,464,240
ORD0002800,09/02/2023,20230209,CUS02344,2,EMP0041,InstaPay,Completed,6900,6070
ORD0011017,09/02/2023,20230209,CUS02025,14,EMP0198,  Debit Card  ,Returned,600,500
ORD0010657,09/02/2023,20230209,CUS01652,3,EMP0055,  Debit Card  ,Completed,3058,1640
ORD0005648,09/02/2023,20230209,CUS00866,1,EMP0004,Vodafone Cash,Completed,12884,10180
ORD0009205,09/02/2023,20230209,CUS01974,1,EMP0002,Fawry,Completed,480,230
ORD0000209,10/02/2023,20230210,CUS00741,4,EMP0086,Vodafone Cash,Completed,3938.5,2010
ORD0003315,10/02/2023,20230210,CUS01959,3,EMP0075,Vodafone Cash,Completed,750.5,390
ORD0003731,10/02/2023,20230210,CUS01618,4,EMP0092,Vodafone Cash,Completed,365.5,200
ORD0009337,10/02/2023,20230210,CUS02516,2,EMP0046,  Fawry  ,Completed,49100,39100
ORD0003383,10/02/2023,20230210,CUS00565,1,EMP0018,Fawry,Completed,770,360
ORD0001381,10/02/2023,20230210,CUS02907,1,EMP0014,Fawry,Completed,18499,15310
ORD0004860,10/02/2023,20230210,CUS02291,2,EMP0030,Fawry,Returned,120,70
ORD0009943,10/02/2023,20230210,CUS02582,1,EMP0024,Fawry,Completed,1879,950
ORD0006589,10/02/2023,20230210,CUS01434,3,EMP0073,  Cash  ,Completed,522,280
ORD0002410,10/02/2023,20230210,CUS02331,5,EMP0111,Credit Card,Returned,1500,1600
ORD0004786,11/02/2023,20230211,CUS02754,5,EMP0110,Vodafone Cash,Completed,27114,21400
ORD0010391,11/02/2023,20230211,CUS00836,1,EMP0024,Cash,Completed,187.5,120
ORD0004947,11/02/2023,20230211,CUS00445,7,EMP0136,Cash,Completed,9263,6650
ORD0006628,11/02/2023,20230211,CUS02717,12,EMP0177,Fawry,Completed,1182,630
ORD0011064,11/02/2023,20230211,CUS02226,4,EMP0092,Cash,Completed,1556.5,860
ORD0007583,11/02/2023,20230211,CUS02224,4,EMP0084,Fawry,Completed,13900,11800
ORD0010284,11/02/2023,20230211,CUS02258,2,EMP0033,  Fawry  ,Completed,152,70
ORD0009868,11/02/2023,20230211,CUS00085,2,EMP0048,Vodafone Cash,Completed,770,380
ORD0005272,11/02/2023,20230211,CUS02663,1,EMP0012,Vodafone Cash,Completed,515,260
ORD0011009,11/02/2023,20230211,CUS00185,5,EMP0111,InstaPay,Completed,1144,600
ORD0003348,11/02/2023,20230211,CUS02910,15,EMP0212,  Cash  ,Completed,160,70
ORD0008875,11/02/2023,20230211,CUS00273,11,EMP0169,InstaPay,Completed,720,390
ORD0001488,12/02/2023,20230212,CUS02264,3,EMP0071,Fawry,Completed,81,40
ORD0001344,12/02/2023,20230212,CUS00396,11,EMP0171,InstaPay,Completed,600,290
ORD0011395,12/02/2023,20230212,CUS00089,5,EMP0096,Vodafone Cash,Completed,2598,1740
ORD0001940,12/02/2023,20230212,CUS01823,11,EMP0173,Cash,Completed,10180,8400
ORD0009139,12/02/2023,20230212,CUS02099,1,EMP0014,Debit Card,Completed,440,200
ORD0008785,12/02/2023,20230212,CUS00501,7,EMP0135,Credit Card,Completed,142.5,70
ORD0005338,12/02/2023,20230212,CUS02936,5,EMP0110,InstaPay,Completed,130,60
ORD0006157,12/02/2023,20230212,CUS01253,14,EMP0195,Vodafone Cash,Completed,489,250
ORD0003171,12/02/2023,20230212,CUS00825,1,EMP0012,Debit Card,Completed,1890,1640
ORD0007872,12/02/2023,20230212,CUS01948,6,EMP0125,Fawry,Completed,304,160
ORD0008547,12/02/2023,20230212,CUS01240,5,EMP0100,Debit Card,Completed,5846.5,5030
ORD0007928,12/02/2023,20230212,CUS01513,4,EMP0088,Vodafone Cash,Completed,534.5,280
ORD0009049,12/02/2023,20230212,CUS01611,11,EMP0168,  Vodafone Cash  ,Completed,380,180
ORD0001659,12/02/2023,20230212,CUS01284,2,EMP0051,Credit Card,Completed,3140,1680
ORD0003351,13/02/2023,20230213,CUS02979,1,,Credit Card,Completed,23760,21200
ORD0000201,13/02/2023,20230213,CUS02046,5,EMP0096,Fawry,Returned,1323,720
ORD0005055,13/02/2023,20230213,CUS00499,11,EMP0164,Cash,Completed,2404,1420
ORD0004496,13/02/2023,20230213,CUS01410,1,EMP0004,InstaPay,Completed,275.5,140
ORD0000881,13/02/2023,20230213,CUS02075,5,EMP0111,Fawry,Completed,1044,620
ORD0006993,13/02/2023,20230213,CUS00010,4,EMP0087,InstaPay,Completed,856,430
ORD0007038,13/02/2023,20230213,CUS01839,3,EMP0059,Vodafone Cash,Completed,376.5,220
ORD0011653,13/02/2023,20230213,CUS00062,3,EMP0062,  Fawry  ,Completed,280,140
ORD0002334,13/02/2023,20230213,CUS00582,3,EMP0069,Fawry,Completed,969,480
ORD0001406,13/02/2023,20230213,CUS00601,8,EMP0142,Credit Card,Completed,24000,19200
ORD0001330,14/02/2023,20230214,CUS01061,11,EMP0169,InstaPay,Completed,3400,1680
ORD0000725,14/02/2023,20230214,CUS00158,3,EMP0068,  Debit Card  ,Completed,350,160
ORD0004215,14/02/2023,20230214,CUS00311,2,EMP0048,Credit Card,Completed,985.5,640
ORD0000244,14/02/2023,20230214,CUS00731,8,EMP0141,Vodafone Cash,Completed,1320,640
ORD0010695,14/02/2023,20230214,CUS02210,7,EMP0130,  Fawry  ,Completed,12099.5,11300
ORD0000554,14/02/2023,20230214,CUS01927,5,EMP0102,Debit Card,Completed,90,40
ORD0003089,14/02/2023,20230214,CUS02418,8,EMP0137,Fawry,Completed,862.5,450
ORD0005942,14/02/2023,20230214,CUS02246,4,,Vodafone Cash,Completed,2006,1070
ORD0008350,14/02/2023,20230214,CUS01799,12,EMP0176,Credit Card,Completed,655.5,340
ORD0006062,15/02/2023,20230215,CUS00095,12,EMP0178,  Debit Card  ,Completed,1904,1120
ORD0010420,15/02/2023,20230215,CUS01861,10,EMP0163,  Vodafone Cash  ,Completed,500,230
ORD0004297,15/02/2023,20230215,CUS00585,2,EMP0034,Credit Card,Completed,378,200
ORD0010519,15/02/2023,20230215,CUS00881,2,EMP0050,InstaPay,Completed,13157.5,11160
ORD0009403,15/02/2023,20230215,CUS02361,4,EMP0091,Fawry,Completed,1342,760
ORD0005419,15/02/2023,20230215,CUS02798,10,EMP0154,Credit Card,Returned,18180,16200
ORD0004699,15/02/2023,20230215,CUS02470,3,EMP0065,Cash,Completed,700,340
ORD0002318,15/02/2023,20230215,CUS02075,14,EMP0199,InstaPay,Completed,119,60
ORD0001475,16/02/2023,20230216,CUS01875,7,EMP0134,Cash,Completed,2166,1120
ORD0011932,16/02/2023,20230216,CUS01813,5,EMP0112,  Debit Card  ,Completed,224,140
ORD0001852,16/02/2023,20230216,CUS00567,3,EMP0055,Cash,Completed,9719,8400
ORD0000945,16/02/2023,20230216,CUS02038,1,EMP0006,Vodafone Cash,Cancelled,513,270
ORD0003162,16/02/2023,20230216,CUS00506,3,EMP0066,Fawry,Completed,5267,4840
ORD0003301,16/02/2023,20230216,CUS00694,10,EMP0156,  Fawry  ,Completed,970,490
ORD0000107,16/02/2023,20230216,CUS02639,9,EMP0146,InstaPay,Completed,865.5,530
ORD0009089,16/02/2023,20230216,CUS01998,6,EMP0115,Fawry,Completed,910,440
ORD0010023,16/02/2023,20230216,CUS02369,14,EMP0196,Vodafone Cash,Completed,440,210
ORD0004415,16/02/2023,20230216,CUS01451,5,EMP0098,Cash,Completed,210,100
ORD0011332,16/02/2023,20230216,CUS00565,1,EMP0015,Fawry,Completed,873,500
ORD0006178,16/02/2023,20230216,CUS01503,11,EMP0173,Cash,Completed,21456,18610
ORD0005330,16/02/2023,20230216,CUS00701,4,EMP0094,Fawry,Completed,840,400
ORD0010865,16/02/2023,20230216,CUS01411,9,,Credit Card,Completed,5900,4700
ORD0009712,16/02/2023,20230216,CUS02650,2,EMP0043,  Credit Card  ,Completed,266,140
ORD0010731,16/02/2023,20230216,CUS01112,3,EMP0072,Credit Card,Completed,754,400
ORD0004317,17/02/2023,20230217,CUS01637,1,EMP0023,Credit Card,Completed,1140,650
ORD0003226,17/02/2023,20230217,CUS01017,7,EMP0133,Debit Card,Completed,541.5,270
ORD0003974,17/02/2023,20230217,CUS01046,4,EMP0083,Vodafone Cash,Completed,690,410
ORD0011501,17/02/2023,20230217,CUS02075,10,EMP0158,Cash,Completed,10100,8100
ORD0008689,17/02/2023,20230217,CUS01284,3,EMP0077,Vodafone Cash,Completed,917.5,480
ORD0007191,17/02/2023,20230217,CUS02065,7,EMP0131,Cash,Completed,1088,610
ORD0011094,17/02/2023,20230217,CUS01805,14,EMP0203,Vodafone Cash,Completed,2189.5,1140
ORD0011817,17/02/2023,20230217,CUS01676,4,EMP0084,  Debit Card  ,Completed,940,450
ORD0010947,17/02/2023,20230217,CUS00842,1,EMP0003,  InstaPay  ,Completed,289,160
ORD0008643,17/02/2023,20230217,CUS01112,4,EMP0088,InstaPay,Completed,14914,12610
ORD0000959,17/02/2023,20230217,CUS01663,1,EMP0011,Debit Card,Completed,459,260
ORD0004975,17/02/2023,20230217,CUS01809,5,EMP0100,  Cash  ,Completed,2234,1720
ORD0007590,17/02/2023,20230217,CUS02005,2,EMP0039,Debit Card,Completed,1700,850
ORD0008211,18/02/2023,20230218,CUS00860,2,EMP0054,  Cash  ,Completed,340,160
ORD0005046,18/02/2023,20230218,CUS00842,1,EMP0027,InstaPay,Completed,17707.5,15440
ORD0001487,18/02/2023,20230218,CUS00155,1,EMP0020,Credit Card,Completed,3200,3200
ORD0011786,18/02/2023,20230218,CUS00142,10,EMP0163,Cash,Completed,12194,10680
ORD0001068,18/02/2023,20230218,CUS01101,15,EMP0211,Fawry,Completed,1981.5,1120
ORD0008930,18/02/2023,20230218,CUS00889,2,EMP0048,Credit Card,Completed,1080,510
ORD0004730,18/02/2023,20230218,CUS02364,5,EMP0104,Fawry,Completed,405,220
ORD0010653,18/02/2023,20230218,CUS01768,1,EMP0016,Cash,Completed,600,280
ORD0000421,19/02/2023,20230219,CUS00486,10,EMP0155,  Credit Card  ,Completed,180.5,90
ORD0009008,19/02/2023,20230219,CUS00468,12,EMP0175,Debit Card,Completed,702,390
ORD0006346,19/02/2023,20230219,CUS00094,15,EMP0216,Vodafone Cash,Completed,441,240
ORD0005010,19/02/2023,20230219,CUS00286,1,EMP0016,Credit Card,Returned,450,210
ORD0003758,19/02/2023,20230219,CUS02771,6,,Credit Card,Completed,190,90
ORD0006068,19/02/2023,20230219,CUS00035,5,EMP0098,  InstaPay  ,Completed,32262,26880
ORD0006029,19/02/2023,20230219,CUS00691,15,EMP0209,Vodafone Cash,Completed,19931,16260
ORD0008602,19/02/2023,20230219,CUS00290,11,EMP0170,InstaPay,Completed,720,330
ORD0010522,19/02/2023,20230219,CUS01032,2,EMP0029,  Credit Card  ,Completed,1197,1060
ORD0005535,19/02/2023,20230219,CUS01045,5,EMP0106,Cash,Completed,700,370
ORD0009538,19/02/2023,20230219,CUS02831,9,EMP0151,Cash,Completed,503.5,260
ORD0003444,19/02/2023,20230219,CUS02389,1,EMP0026,  Cash  ,Completed,3855,3750
ORD0005049,19/02/2023,20230219,CUS02899,12,EMP0184,  Vodafone Cash  ,Completed,674,360
ORD0007652,19/02/2023,20230219,CUS01948,11,EMP0171,InstaPay,Completed,523.5,290
ORD0003098,19/02/2023,20230219,CUS00719,12,EMP0184,Fawry,Completed,261,140
ORD0004242,20/02/2023,20230220,CUS01489,13,,Cash,Completed,500,240
ORD0006298,20/02/2023,20230220,CUS02833,11,EMP0173,  Vodafone Cash  ,Completed,554.5,300
ORD0001402,20/02/2023,20230220,CUS01581,5,EMP0096,InstaPay,Completed,610,300
ORD0001232,20/02/2023,20230220,CUS01966,6,EMP0117,  Vodafone Cash  ,Returned,2829,2380
ORD0010485,20/02/2023,20230220,CUS01535,10,EMP0160,Fawry,Completed,954,520
ORD0011580,20/02/2023,20230220,CUS02548,2,EMP0043,  Vodafone Cash  ,Completed,16140,12580
ORD0005493,20/02/2023,20230220,CUS02060,4,EMP0088,Debit Card,Completed,1102.5,550
ORD0009282,20/02/2023,20230220,CUS00172,15,EMP0216,InstaPay,Completed,160,70
ORD0002672,20/02/2023,20230220,CUS02096,3,EMP0061,Credit Card,Completed,336,160
ORD0009017,21/02/2023,20230221,CUS01777,1,EMP0006,InstaPay,Completed,3362.5,2060
ORD0006537,21/02/2023,20230221,CUS00096,7,EMP0128,Fawry,Completed,351.5,180
ORD0002170,21/02/2023,20230221,CUS02739,10,EMP0152,Debit Card,Completed,13380,10620
ORD0011411,21/02/2023,20230221,CUS02688,6,,InstaPay,Completed,390,210
ORD0001982,21/02/2023,20230221,CUS02271,2,EMP0033,Fawry,Completed,2056,1070
ORD0006265,21/02/2023,20230221,CUS01979,11,EMP0170,Vodafone Cash,Completed,76.5,40
ORD0002703,21/02/2023,20230221,CUS00493,6,,Credit Card,Cancelled,480,230
ORD0001661,21/02/2023,20230221,CUS01596,5,EMP0105,InstaPay,Completed,140,60
ORD0006465,21/02/2023,20230221,CUS02556,11,,Vodafone Cash,Completed,1350,660
ORD0007678,21/02/2023,20230221,CUS02974,6,EMP0115,Credit Card,Completed,90,40
ORD0004620,21/02/2023,20230221,CUS02910,4,EMP0085,  Cash  ,Cancelled,335,170
ORD0003377,21/02/2023,20230221,CUS01587,9,EMP0151,InstaPay,Completed,313.5,160
ORD0010949,21/02/2023,20230221,CUS00399,5,EMP0111,Fawry,Completed,1040,500
ORD0003612,21/02/2023,20230221,CUS02443,10,EMP0154,InstaPay,Completed,225,140
ORD0004155,22/02/2023,20230222,CUS01078,3,EMP0055,Credit Card,Completed,1184,610
ORD0010913,22/02/2023,20230222,CUS02839,6,EMP0124,Cash,Completed,285,140
ORD0001205,22/02/2023,20230222,CUS00972,1,EMP0007,Fawry,Completed,866,460
ORD0006104,22/02/2023,20230222,CUS02197,9,EMP0151,Debit Card,Completed,646,320
ORD0006369,22/02/2023,20230222,CUS00566,10,EMP0163,InstaPay,Completed,1119,600
ORD0008718,22/02/2023,20230222,CUS00317,8,EMP0140,  Cash  ,Returned,2260,1120
ORD0008429,22/02/2023,20230222,CUS00722,1,EMP0023,  Debit Card  ,Completed,711,380
ORD0005592,22/02/2023,20230222,CUS02048,1,EMP0014,Credit Card,Completed,337.5,220
ORD0003199,22/02/2023,20230222,CUS00818,2,EMP0038,  Debit Card  ,Completed,10080,8900
ORD0008659,22/02/2023,20230222,CUS02157,3,EMP0056,Fawry,Completed,1291,600
ORD0009880,22/02/2023,20230222,CUS00381,2,EMP0034,Debit Card,Completed,1475,830
ORD0000013,22/02/2023,20230222,CUS00733,3,EMP0070,Credit Card,Completed,1065.5,580
ORD0008483,22/02/2023,20230222,CUS00246,6,EMP0123,  InstaPay  ,Completed,16610,15690
ORD0009222,22/02/2023,20230222,CUS02326,1,EMP0009,Debit Card,Completed,250,120
ORD0008195,23/02/2023,20230223,CUS00193,1,EMP0027,Cash,Completed,11880,10500
ORD0010016,23/02/2023,20230223,CUS02476,7,EMP0136,Vodafone Cash,Completed,13203.5,12260
ORD0011883,23/02/2023,20230223,CUS00224,6,EMP0114,Credit Card,Completed,1320,1160
ORD0006695,23/02/2023,20230223,CUS01862,4,EMP0083,InstaPay,Completed,21120,21000
ORD0005672,23/02/2023,20230223,CUS01846,1,EMP0016,Fawry,Completed,1972,1080
ORD0011483,23/02/2023,20230223,CUS02866,1,EMP0008,InstaPay,Completed,126,60
ORD0010974,23/02/2023,20230223,CUS01056,13,EMP0187,Debit Card,Completed,1030,500
ORD0000084,23/02/2023,20230223,CUS02047,6,EMP0120,  Cash  ,Completed,5545.5,5380
ORD0000488,23/02/2023,20230223,CUS00828,1,,  InstaPay  ,Cancelled,430,210
ORD0009632,23/02/2023,20230223,CUS01629,1,EMP0012,Debit Card,Completed,435,240
ORD0002244,23/02/2023,20230223,CUS00991,13,EMP0193,Vodafone Cash,Returned,1230,600
ORD0009921,23/02/2023,20230223,CUS01102,12,EMP0184,Cash,Completed,306,160
ORD0011024,23/02/2023,20230223,CUS01185,2,EMP0052,  Credit Card  ,Completed,981,520
ORD0008040,23/02/2023,20230223,CUS00353,10,EMP0156,Vodafone Cash,Completed,270,120
ORD0011811,23/02/2023,20230223,CUS02937,2,EMP0047,Cash,Returned,1267,640
ORD0011889,24/02/2023,20230224,CUS00629,14,EMP0195,Credit Card,Completed,189,100
ORD0007346,24/02/2023,20230224,CUS00995,4,EMP0082,Debit Card,Completed,646,380
ORD0007307,24/02/2023,20230224,CUS00490,13,EMP0193,Cash,Completed,200,100
ORD0008559,24/02/2023,20230224,CUS02563,1,EMP0005,  Credit Card  ,Completed,2074,1200
ORD0011259,24/02/2023,20230224,CUS01245,2,EMP0029,Vodafone Cash,Completed,660,340
ORD0004579,24/02/2023,20230224,CUS01452,13,EMP0188,InstaPay,Returned,2337.5,1250
ORD0006324,24/02/2023,20230224,CUS00252,4,EMP0085,Credit Card,Completed,870,400
ORD0010982,24/02/2023,20230224,CUS01858,12,EMP0181,  Cash  ,Completed,7072,6180
ORD0010492,24/02/2023,20230224,CUS02437,2,EMP0029,InstaPay,Returned,330,150
ORD0010937,24/02/2023,20230224,CUS01145,8,EMP0142,Credit Card,Completed,357,210
ORD0008510,24/02/2023,20230224,CUS02896,3,EMP0072,Credit Card,Completed,885,420
ORD0004940,24/02/2023,20230224,CUS02871,5,EMP0095,Credit Card,Completed,2913,1510
ORD0004953,24/02/2023,20230224,CUS02105,6,EMP0124,Credit Card,Returned,612,340
ORD0009305,24/02/2023,20230224,CUS02800,13,EMP0187,Fawry,Completed,3136,1530
ORD0007398,24/02/2023,20230224,CUS01390,7,EMP0134,Cash,Completed,580,280
ORD0003177,24/02/2023,20230224,CUS01404,6,EMP0125,Vodafone Cash,Completed,812,420
ORD0011195,25/02/2023,20230225,CUS02387,1,EMP0021,Vodafone Cash,Completed,360,180
ORD0002186,25/02/2023,20230225,CUS02243,14,EMP0196,  Vodafone Cash  ,Completed,228,120
ORD0004892,25/02/2023,20230225,CUS02601,5,EMP0098,InstaPay,Completed,10500,12000
ORD0002613,25/02/2023,20230225,CUS02878,11,EMP0173,Debit Card,Completed,1942,1430
ORD0008882,25/02/2023,20230225,CUS02979,2,EMP0037,Vodafone Cash,Completed,1190,570
ORD0001185,25/02/2023,20230225,CUS02111,1,EMP0004,Fawry,Returned,160,70
ORD0000829,25/02/2023,20230225,CUS01392,11,EMP0164,Vodafone Cash,Completed,304,180
ORD0003456,25/02/2023,20230225,CUS01226,2,EMP0031,Vodafone Cash,Returned,400,200
ORD0003448,25/02/2023,20230225,CUS00821,5,EMP0112,Vodafone Cash,Completed,1780,910
ORD0003140,25/02/2023,20230225,CUS00278,11,EMP0168,Credit Card,Completed,2083,1090
ORD0011433,25/02/2023,20230225,CUS00388,1,EMP0016,Debit Card,Completed,1013,520
ORD0006928,25/02/2023,20230225,CUS00399,15,EMP0208,InstaPay,Completed,261,130
ORD0008134,25/02/2023,20230225,CUS00960,8,EMP0139,Debit Card,Cancelled,1154.5,590
ORD0009176,25/02/2023,20230225,CUS00522,8,EMP0137,Cash,Returned,1489.5,740
ORD0007867,26/02/2023,20230226,CUS00921,1,,InstaPay,Completed,380,180
ORD0000062,26/02/2023,20230226,CUS01840,1,EMP0027,Debit Card,Completed,2416,1220
ORD0006780,26/02/2023,20230226,CUS02723,6,EMP0114,Cash,Completed,285,140
ORD0009809,26/02/2023,20230226,CUS02480,5,EMP0107,Cash,Completed,1570,810
ORD0011826,26/02/2023,20230226,CUS02941,1,EMP0024,Fawry,Completed,1783,910
ORD0006363,26/02/2023,20230226,CUS00858,4,EMP0091,  Debit Card  ,Completed,161.5,90
ORD0002615,26/02/2023,20230226,CUS00827,4,EMP0085,Fawry,Completed,35693,31400
ORD0008456,26/02/2023,20230226,CUS01478,1,EMP0004,Cash,Returned,144,80
ORD0005241,27/02/2023,20230227,CUS01868,8,,Debit Card,Returned,2380,1140
ORD0006553,27/02/2023,20230227,CUS00842,9,EMP0148,Credit Card,Completed,133,70
ORD0011968,27/02/2023,20230227,CUS00952,3,EMP0065,Vodafone Cash,Completed,1500,750
ORD0000819,27/02/2023,20230227,CUS02404,11,,Cash,Returned,2234.5,1140
ORD0002445,27/02/2023,20230227,CUS01151,1,,Credit Card,Completed,2274.5,1250
ORD0000180,27/02/2023,20230227,CUS01264,8,EMP0144,Debit Card,Completed,1179,620
ORD0006427,27/02/2023,20230227,CUS01206,3,EMP0067,Vodafone Cash,Completed,3284,1730
ORD0007568,27/02/2023,20230227,CUS02599,4,EMP0085,Vodafone Cash,Completed,144,80
ORD0003267,27/02/2023,20230227,CUS01643,15,EMP0208,  Fawry  ,Completed,105,70
ORD0008768,27/02/2023,20230227,CUS00249,1,EMP0020,Vodafone Cash,Completed,1140,590
ORD0003905,27/02/2023,20230227,CUS02136,2,EMP0033,InstaPay,Completed,1390,670
ORD0002346,27/02/2023,20230227,CUS00148,5,EMP0103,Cash,Completed,1170,570
ORD0007598,28/02/2023,20230228,CUS00160,6,EMP0121,  Vodafone Cash  ,Completed,11436,10720
ORD0005400,28/02/2023,20230228,CUS02957,14,EMP0201,Fawry,Completed,2520,1240
ORD0006035,28/02/2023,20230228,CUS02511,4,,Credit Card,Completed,663.5,360
ORD0006764,28/02/2023,20230228,CUS01173,14,EMP0202,  Vodafone Cash  ,Completed,380,180
ORD0006557,28/02/2023,20230228,CUS01754,1,EMP0002,Debit Card,Completed,399.5,230
ORD0005990,28/02/2023,20230228,CUS01386,6,EMP0120,Fawry,Completed,19908,15520
ORD0000001,28/02/2023,20230228,CUS02412,7,EMP0134,Vodafone Cash,Completed,1261.5,650
ORD0004621,28/02/2023,20230228,CUS01636,12,EMP0182,  Vodafone Cash  ,Cancelled,130,60
ORD0002123,28/02/2023,20230228,CUS00966,1,EMP0004,  InstaPay  ,Completed,1400,680
ORD0003722,28/02/2023,20230228,CUS01315,1,EMP0007,  InstaPay  ,Completed,830,410
ORD0001112,28/02/2023,20230228,CUS01276,5,EMP0097,Credit Card,Completed,889,460
ORD0002863,28/02/2023,20230228,CUS01746,1,EMP0008,  Debit Card  ,Completed,90,40
ORD0011206,28/02/2023,20230228,CUS00884,7,EMP0128,  Credit Card  ,Completed,150,70
ORD0002328,28/02/2023,20230228,CUS02485,2,EMP0030,  Fawry  ,Completed,810,420
ORD0001299,01/03/2023,20230301,CUS02303,4,EMP0081,Fawry,Completed,710,380
ORD0011886,01/03/2023,20230301,CUS02955,12,EMP0184,Credit Card,Completed,1272,660
ORD0010940,01/03/2023,20230301,CUS02486,12,EMP0179,Vodafone Cash,Completed,1628.5,820
ORD0001841,01/03/2023,20230301,CUS00687,14,EMP0195,Vodafone Cash,Completed,394.5,220
ORD0005609,01/03/2023,20230301,CUS01094,7,EMP0132,Debit Card,Completed,80,40
ORD0008656,01/03/2023,20230301,CUS01644,6,,Debit Card,Completed,340,170
ORD0000883,01/03/2023,20230301,CUS01540,14,EMP0203,Cash,Completed,1069,540
ORD0008598,01/03/2023,20230301,CUS01529,1,EMP0006,Vodafone Cash,Completed,13770,12000
ORD0006195,01/03/2023,20230301,CUS01519,11,EMP0167,  Credit Card  ,Completed,1283.5,1100
ORD0005858,01/03/2023,20230301,CUS00087,1,EMP0027,Vodafone Cash,Completed,161.5,90
ORD0006668,02/03/2023,20230302,CUS00835,2,EMP0051,Vodafone Cash,Returned,1449,1020
ORD0003949,02/03/2023,20230302,CUS02072,12,EMP0176,InstaPay,Cancelled,144,80
ORD0003511,02/03/2023,20230302,CUS00634,1,EMP0018,Fawry,Completed,432,230
ORD0002628,02/03/2023,20230302,CUS01333,3,EMP0073,Fawry,Completed,7203.5,5170
ORD0001863,02/03/2023,20230302,CUS00360,1,EMP0007,Cash,Completed,315,170
ORD0010104,02/03/2023,20230302,CUS02044,10,EMP0163,Vodafone Cash,Cancelled,504,300
ORD0010926,02/03/2023,20230302,CUS01214,2,EMP0038,Credit Card,Completed,2112,1120
ORD0008474,02/03/2023,20230302,CUS01963,4,EMP0083,  Credit Card  ,Completed,10668,8340
ORD0009445,02/03/2023,20230302,CUS01369,1,EMP0010,  Cash  ,Completed,997,490
ORD0003898,02/03/2023,20230302,CUS00395,1,EMP0002,Fawry,Completed,844,480
ORD0001104,02/03/2023,20230302,CUS00194,2,EMP0039,Cash,Completed,300,150
ORD0007633,02/03/2023,20230302,CUS02967,2,EMP0038,Fawry,Completed,11604,11160
ORD0005271,03/03/2023,20230303,CUS01591,3,EMP0071,Credit Card,Completed,520,260
ORD0004335,03/03/2023,20230303,CUS00401,3,EMP0057,Cash,Completed,14363,11210
ORD0008680,03/03/2023,20230303,CUS00594,2,EMP0045,Debit Card,Cancelled,168,100
ORD0009669,03/03/2023,20230303,CUS00546,3,EMP0076,Debit Card,Completed,908,600
ORD0005634,03/03/2023,20230303,CUS02645,4,EMP0092,Debit Card,Completed,1047.5,520
ORD0009135,03/03/2023,20230303,CUS02579,1,EMP0013,Credit Card,Completed,1937,960
ORD0010339,03/03/2023,20230303,CUS00602,4,EMP0079,InstaPay,Completed,406,240
ORD0004140,03/03/2023,20230303,CUS00569,1,EMP0025,Credit Card,Completed,1090.5,700
ORD0010810,03/03/2023,20230303,CUS01605,1,EMP0020,Vodafone Cash,Completed,45737,36090
ORD0005266,03/03/2023,20230303,CUS00922,1,EMP0027,Credit Card,Completed,23547.5,21540
ORD0007793,03/03/2023,20230303,CUS00267,11,EMP0164,Credit Card,Completed,2500,1310
ORD0009098,04/03/2023,20230304,CUS02869,12,EMP0182,InstaPay,Returned,280,130
ORD0009172,04/03/2023,20230304,CUS00470,12,EMP0176,InstaPay,Completed,170,100
ORD0002249,04/03/2023,20230304,CUS02380,4,EMP0093,Credit Card,Completed,1460,700
ORD0011172,04/03/2023,20230304,CUS01026,1,,Credit Card,Completed,1800,1500
ORD0009194,04/03/2023,20230304,CUS00861,6,EMP0113,Cash,Completed,480,210
ORD0001118,04/03/2023,20230304,CUS00597,4,EMP0089,Vodafone Cash,Completed,640,320
ORD0010543,04/03/2023,20230304,CUS02492,1,EMP0025,InstaPay,Completed,280.5,160
ORD0008258,04/03/2023,20230304,CUS00399,3,EMP0068,  Fawry  ,Completed,832,430
ORD0006361,04/03/2023,20230304,CUS00851,5,EMP0110,Fawry,Completed,1398.5,770
ORD0006972,04/03/2023,20230304,CUS01203,15,EMP0216,  Vodafone Cash  ,Completed,15600,15600
ORD0008359,04/03/2023,20230304,CUS01455,10,EMP0162,Debit Card,Completed,11880,10500
ORD0004417,04/03/2023,20230304,CUS01728,3,EMP0073,InstaPay,Returned,225,120
ORD0007874,05/03/2023,20230305,CUS02961,3,EMP0078,  Cash  ,Completed,160,80
ORD0003451,05/03/2023,20230305,CUS00388,11,EMP0166,Vodafone Cash,Cancelled,1644,960
ORD0011677,05/03/2023,20230305,CUS01899,2,EMP0037,  Fawry  ,Completed,800,480
ORD0011726,05/03/2023,20230305,CUS02751,12,EMP0178,  InstaPay  ,Completed,5408.5,4340
ORD0006432,05/03/2023,20230305,CUS00141,2,EMP0045,InstaPay,Completed,1173,740
ORD0002612,05/03/2023,20230305,CUS00654,7,EMP0128,Vodafone Cash,Completed,270,140
ORD0006419,06/03/2023,20230306,CUS00278,5,EMP0102,Fawry,Completed,427.5,210
ORD0007236,06/03/2023,20230306,CUS00924,6,EMP0122,InstaPay,Completed,2184,1050
ORD0004361,06/03/2023,20230306,CUS02018,8,EMP0141,  Debit Card  ,Completed,632,370
ORD0007422,06/03/2023,20230306,CUS00393,4,EMP0094,  InstaPay  ,Cancelled,824,420
ORD0001617,06/03/2023,20230306,CUS00697,11,EMP0166,Debit Card,Completed,1963.5,980
ORD0008827,06/03/2023,20230306,CUS00077,3,EMP0075,Vodafone Cash,Completed,4772,2950
ORD0008034,06/03/2023,20230306,CUS01051,9,EMP0148,Credit Card,Completed,1102.5,530
ORD0002599,06/03/2023,20230306,CUS00725,7,EMP0135,  Debit Card  ,Completed,2000.5,1080
ORD0007001,06/03/2023,20230306,CUS01479,3,EMP0069,  Credit Card  ,Completed,755,400
ORD0001446,06/03/2023,20230306,CUS02953,15,EMP0206,Credit Card,Completed,289,160
ORD0000899,06/03/2023,20230306,CUS02387,5,EMP0102,Debit Card,Completed,126,70
ORD0000489,06/03/2023,20230306,CUS00753,1,EMP0008,Vodafone Cash,Completed,502,290
ORD0006469,06/03/2023,20230306,CUS01315,5,EMP0108,Credit Card,Completed,12650,10540
ORD0008261,07/03/2023,20230307,CUS01059,3,EMP0071,InstaPay,Cancelled,300,140
ORD0006406,07/03/2023,20230307,CUS01418,4,EMP0085,Cash,Completed,1308.5,770
ORD0001152,07/03/2023,20230307,CUS01938,1,EMP0023,Debit Card,Returned,683,400
ORD0010465,07/03/2023,20230307,CUS02035,7,EMP0128,  Fawry  ,Completed,170,80
ORD0006477,07/03/2023,20230307,CUS02435,15,EMP0209,  Debit Card  ,Completed,6157.5,5100
ORD0011709,07/03/2023,20230307,CUS02375,3,EMP0056,Credit Card,Completed,5010,4760
ORD0009456,07/03/2023,20230307,CUS00528,2,EMP0044,  Cash  ,Completed,4458,3060
ORD0002355,07/03/2023,20230307,CUS00193,5,EMP0109,InstaPay,Completed,1212,680
ORD0000069,07/03/2023,20230307,CUS02581,2,EMP0031,  Credit Card  ,Cancelled,315,200
ORD0007071,07/03/2023,20230307,CUS00514,14,EMP0202,Cash,Completed,838.5,470
ORD0009226,07/03/2023,20230307,CUS00215,5,EMP0102,Vodafone Cash,Completed,625,360
ORD0002117,07/03/2023,20230307,CUS02057,4,EMP0080,Debit Card,Completed,650,310
ORD0002110,07/03/2023,20230307,CUS00368,14,EMP0203,Debit Card,Completed,480,230
ORD0000125,07/03/2023,20230307,CUS00947,9,EMP0151,InstaPay,Completed,330.5,180
ORD0010076,07/03/2023,20230307,CUS02880,7,EMP0131,  Credit Card  ,Completed,260,120
ORD0005547,07/03/2023,20230307,CUS01807,11,EMP0166,Credit Card,Completed,1585,810
ORD0009213,08/03/2023,20230308,CUS01705,15,EMP0213,Credit Card,Completed,722.5,350
ORD0003745,08/03/2023,20230308,CUS01816,5,EMP0103,  Fawry  ,Completed,1372,700
ORD0004559,08/03/2023,20230308,CUS02309,5,EMP0110,Vodafone Cash,Completed,9599.5,8300
ORD0005741,08/03/2023,20230308,CUS02051,6,EMP0122,Fawry,Completed,14750,13040
ORD0002906,08/03/2023,20230308,CUS00279,6,EMP0126,Credit Card,Returned,1054,590
ORD0009512,08/03/2023,20230308,CUS00665,15,EMP0216,Vodafone Cash,Completed,64,40
ORD0003615,08/03/2023,20230308,CUS00345,1,EMP0017,Credit Card,Completed,13957,13050
ORD0008779,08/03/2023,20230308,CUS02233,12,,Vodafone Cash,Completed,775.5,490
ORD0007152,08/03/2023,20230308,CUS01767,2,EMP0034,Vodafone Cash,Completed,1055,500
ORD0005863,08/03/2023,20230308,CUS01557,12,EMP0182,InstaPay,Returned,2800,1400
ORD0003962,08/03/2023,20230308,CUS02349,4,EMP0093,Debit Card,Completed,14900,11900
ORD0009061,08/03/2023,20230308,CUS00569,14,EMP0198,  Cash  ,Completed,13200,10500
ORD0002971,08/03/2023,20230308,CUS01218,10,EMP0154,Debit Card,Returned,14250,12000
ORD0010458,08/03/2023,20230308,CUS00622,1,EMP0021,Cash,Completed,220.5,130
ORD0004151,09/03/2023,20230309,CUS00176,10,EMP0155,Debit Card,Completed,560,280
ORD0002860,09/03/2023,20230309,CUS00608,6,EMP0114,Cash,Returned,254,140
ORD0006506,09/03/2023,20230309,CUS00768,4,EMP0088,Vodafone Cash,Completed,902,510
ORD0007136,09/03/2023,20230309,CUS01432,1,EMP0007,  Cash  ,Completed,1114,600
ORD0009471,09/03/2023,20230309,CUS00211,8,EMP0139,Fawry,Completed,384,210
ORD0004731,09/03/2023,20230309,CUS01311,5,EMP0112,Fawry,Completed,136,70
ORD0006804,09/03/2023,20230309,CUS00520,8,EMP0140,  Cash  ,Returned,1184,1080
ORD0000650,09/03/2023,20230309,CUS02812,15,EMP0215,Debit Card,Completed,730,360
ORD0008693,09/03/2023,20230309,CUS00205,10,EMP0162,  Vodafone Cash  ,Completed,29400,23600
ORD0002218,09/03/2023,20230309,CUS02816,9,EMP0150,Fawry,Completed,19336,15270
ORD0001599,09/03/2023,20230309,CUS02041,4,EMP0080,Credit Card,Completed,680,400
ORD0002088,09/03/2023,20230309,CUS01559,1,EMP0004,Fawry,Completed,13319,10670
ORD0005083,09/03/2023,20230309,CUS01330,2,EMP0038,Fawry,Cancelled,11880,10500
ORD0007133,10/03/2023,20230310,CUS01955,7,EMP0135,Debit Card,Completed,1370,750
ORD0010839,10/03/2023,20230310,CUS00556,4,EMP0080,InstaPay,Completed,310,150
ORD0005287,10/03/2023,20230310,CUS02542,4,EMP0082,Vodafone Cash,Completed,462,220
ORD0006911,10/03/2023,20230310,CUS01924,3,EMP0060,Vodafone Cash,Completed,1012.5,660
ORD0001692,10/03/2023,20230310,CUS02512,3,EMP0067,Fawry,Completed,19267.5,16080
ORD0003072,10/03/2023,20230310,CUS02976,3,EMP0073,Debit Card,Completed,992,600
ORD0001934,10/03/2023,20230310,CUS01920,4,EMP0084,Vodafone Cash,Completed,280,140
ORD0008552,10/03/2023,20230310,CUS01830,9,EMP0146,Cash,Completed,310,150
ORD0003022,10/03/2023,20230310,CUS01627,12,EMP0177,  InstaPay  ,Completed,2564,1360
ORD0004413,10/03/2023,20230310,CUS00663,2,EMP0042,Cash,Completed,1682,830
ORD0007752,10/03/2023,20230310,CUS02271,6,EMP0124,Vodafone Cash,Completed,5939,4770
ORD0000515,10/03/2023,20230310,CUS01243,12,EMP0175,Cash,Completed,754,380
ORD0006379,10/03/2023,20230310,CUS02231,12,EMP0175,Credit Card,Completed,993,470
ORD0002195,11/03/2023,20230311,CUS00329,2,EMP0048,Debit Card,Completed,1235.5,630
ORD0007513,11/03/2023,20230311,CUS01389,3,EMP0066,Debit Card,Completed,1026,580
ORD0005320,11/03/2023,20230311,CUS01950,5,EMP0108,Fawry,Completed,43167,35860
ORD0009781,11/03/2023,20230311,CUS01202,8,EMP0144,Fawry,Completed,280,140
ORD0007442,11/03/2023,20230311,CUS02734,10,EMP0155,InstaPay,Completed,189,100
ORD0007137,11/03/2023,20230311,CUS02472,1,EMP0013,Vodafone Cash,Completed,645,340
ORD0002910,11/03/2023,20230311,CUS01912,2,EMP0049,Cash,Cancelled,650,320
ORD0002441,11/03/2023,20230311,CUS01293,4,EMP0091,Vodafone Cash,Completed,260,130
ORD0011982,11/03/2023,20230311,CUS01483,3,EMP0064,  Credit Card  ,Completed,126,70
ORD0001762,12/03/2023,20230312,CUS01585,15,EMP0205,  Fawry  ,Completed,405,210
ORD0005177,12/03/2023,20230312,CUS01171,2,EMP0033,Cash,Completed,1464.5,740
ORD0001110,12/03/2023,20230312,CUS00763,6,EMP0123,Fawry,Returned,580,280
ORD0004890,12/03/2023,20230312,CUS02195,4,EMP0089,Credit Card,Completed,779,390
ORD0003372,12/03/2023,20230312,CUS00569,3,EMP0075,Credit Card,Completed,848.5,480
ORD0008658,12/03/2023,20230312,CUS02441,15,EMP0206,InstaPay,Returned,921.5,550
ORD0001741,12/03/2023,20230312,CUS01210,9,,  Fawry  ,Completed,1306,650
ORD0003103,12/03/2023,20230312,CUS00646,3,EMP0060,Vodafone Cash,Completed,36771,39280
ORD0002911,12/03/2023,20230312,CUS02551,4,EMP0081,Debit Card,Completed,459,270
ORD0008178,13/03/2023,20230313,CUS01972,15,EMP0209,InstaPay,Completed,864,450
ORD0001090,13/03/2023,20230313,CUS00673,1,EMP0005,Vodafone Cash,Completed,2301,1170
ORD0008475,13/03/2023,20230313,CUS01794,8,EMP0141,  Cash  ,Completed,207,110
ORD0008855,13/03/2023,20230313,CUS01538,6,EMP0115,Credit Card,Completed,324,160
ORD0008995,13/03/2023,20230313,CUS01564,15,EMP0208,  Fawry  ,Completed,912,460
ORD0003752,13/03/2023,20230313,CUS02808,6,EMP0120,Vodafone Cash,Completed,2325.5,1210
ORD0007857,13/03/2023,20230313,CUS01088,8,EMP0140,InstaPay,Returned,1140,540
ORD0000123,13/03/2023,20230313,CUS00699,1,EMP0026,Credit Card,Completed,210,140
ORD0007446,13/03/2023,20230313,CUS02177,9,EMP0147,Fawry,Completed,11387,7840
ORD0000801,14/03/2023,20230314,CUS01493,3,EMP0078,Credit Card,Completed,152,70
ORD0000890,14/03/2023,20230314,CUS00149,4,EMP0079,  Fawry  ,Completed,1640,1160
ORD0011744,14/03/2023,20230314,CUS01907,4,EMP0094,  Credit Card  ,Returned,5250,4240
ORD0008649,14/03/2023,20230314,CUS00926,1,,  Credit Card  ,Completed,972,520
ORD0000321,14/03/2023,20230314,CUS02068,5,EMP0107,  Credit Card  ,Completed,942,530
ORD0009826,15/03/2023,20230315,CUS02868,2,EMP0033,Fawry,Completed,170,80
ORD0004676,15/03/2023,20230315,CUS02444,6,EMP0117,Credit Card,Completed,297,160
ORD0003564,15/03/2023,20230315,CUS00222,6,EMP0122,Vodafone Cash,Returned,730,350
ORD0002240,15/03/2023,20230315,CUS00339,3,EMP0057,Credit Card,Completed,256.5,130
ORD0010795,15/03/2023,20230315,CUS00157,12,EMP0184,Credit Card,Completed,1368,720
ORD0011092,15/03/2023,20230315,CUS00172,4,EMP0081,  Debit Card  ,Completed,33660,31500
ORD0011235,15/03/2023,20230315,CUS01217,13,EMP0187,  InstaPay  ,Completed,672,350
ORD0011454,15/03/2023,20230315,CUS01645,15,,Credit Card,Completed,6905,5740
ORD0009072,16/03/2023,20230316,CUS00524,4,EMP0093,  Debit Card  ,Returned,19700,18480
ORD0000372,16/03/2023,20230316,CUS00708,6,EMP0121,InstaPay,Completed,1360,800
ORD0001621,16/03/2023,20230316,CUS02102,12,EMP0178,  InstaPay  ,Completed,165,100
ORD0011218,16/03/2023,20230316,CUS00372,2,EMP0051,Credit Card,Completed,2573,1290
ORD0005610,16/03/2023,20230316,CUS01290,12,EMP0177,Vodafone Cash,Completed,2096,1070
ORD0002895,16/03/2023,20230316,CUS00288,4,EMP0086,Fawry,Completed,648,340
ORD0004358,16/03/2023,20230316,CUS01850,14,EMP0201,Debit Card,Completed,8568,6290
ORD0006412,16/03/2023,20230316,CUS01064,7,EMP0130,Debit Card,Completed,2211,1180
ORD0003490,16/03/2023,20230316,CUS02023,9,EMP0151,Fawry,Completed,337,190
ORD0008550,16/03/2023,20230316,CUS02312,14,EMP0196,Debit Card,Completed,2920.5,1950
ORD0007272,16/03/2023,20230316,CUS02609,4,EMP0087,  Credit Card  ,Completed,1354,760
ORD0011240,16/03/2023,20230316,CUS00479,2,EMP0039,InstaPay,Completed,1606,790
ORD0002183,16/03/2023,20230316,CUS02672,1,EMP0004,Fawry,Completed,18000,16000
ORD0000542,16/03/2023,20230316,CUS01082,11,EMP0172,  InstaPay  ,Completed,280,140
ORD0000259,16/03/2023,20230316,CUS01660,4,EMP0081,Credit Card,Completed,1350,880
ORD0005742,17/03/2023,20230317,CUS01604,4,EMP0081,Fawry,Completed,2430,1200
ORD0001295,17/03/2023,20230317,CUS00541,4,EMP0086,Debit Card,Cancelled,85.5,40
ORD0008266,17/03/2023,20230317,CUS01410,13,EMP0190,Cash,Completed,823.5,400
ORD0003952,17/03/2023,20230317,CUS02197,4,EMP0093,Credit Card,Returned,399,280
ORD0001229,17/03/2023,20230317,CUS00136,4,EMP0091,Credit Card,Completed,160,70
ORD0011046,17/03/2023,20230317,CUS00636,3,EMP0071,  Debit Card  ,Completed,8000,6400
ORD0002199,17/03/2023,20230317,CUS02474,4,EMP0094,Cash,Completed,65051,52220
ORD0008769,17/03/2023,20230317,CUS02054,1,EMP0014,  Vodafone Cash  ,Completed,803.5,470
ORD0002358,17/03/2023,20230317,CUS00812,15,EMP0206,Vodafone Cash,Returned,7356,7070
ORD0011993,18/03/2023,20230318,CUS01932,2,EMP0039,  Cash  ,Completed,14450,12760
ORD0000011,18/03/2023,20230318,CUS01644,5,EMP0096,Fawry,Completed,1531,760
ORD0001650,18/03/2023,20230318,CUS01729,2,EMP0047,Debit Card,Completed,1950,1140
ORD0003170,18/03/2023,20230318,CUS00815,2,EMP0037,  InstaPay  ,Completed,4792,3160
ORD0008968,18/03/2023,20230318,CUS02103,1,EMP0028,  Fawry  ,Completed,6491,5330
ORD0011472,18/03/2023,20230318,CUS00926,15,EMP0211,Debit Card,Completed,12415.5,11180
ORD0005097,18/03/2023,20230318,CUS00347,1,EMP0005,Vodafone Cash,Completed,310,180
ORD0010351,18/03/2023,20230318,CUS02950,13,EMP0187,  Cash  ,Completed,192,120
ORD0008460,18/03/2023,20230318,CUS00855,12,EMP0181,Credit Card,Completed,28310,23800
ORD0001077,18/03/2023,20230318,CUS02548,4,,Fawry,Completed,448,280
ORD0011343,18/03/2023,20230318,CUS00212,2,EMP0046,InstaPay,Completed,891,480
ORD0001098,18/03/2023,20230318,CUS01000,1,EMP0014,Debit Card,Completed,10560,10600
ORD0011618,18/03/2023,20230318,CUS02323,3,EMP0068,  Credit Card  ,Completed,6259.5,5280
ORD0000424,18/03/2023,20230318,CUS02222,1,EMP0012,Fawry,Completed,288,160
ORD0011664,18/03/2023,20230318,CUS02372,5,EMP0105,  Cash  ,Completed,576,360
ORD0009032,19/03/2023,20230319,CUS02829,3,EMP0070,Cash,Completed,247,120
ORD0001854,19/03/2023,20230319,CUS02738,3,EMP0071,Credit Card,Completed,1291.5,760
ORD0000285,19/03/2023,20230319,CUS02646,4,EMP0085,Cash,Completed,965,500
ORD0006475,19/03/2023,20230319,CUS01334,13,,  InstaPay  ,Completed,951,480
ORD0005582,19/03/2023,20230319,CUS01243,10,,Debit Card,Completed,1206,590
ORD0008891,19/03/2023,20230319,CUS01286,8,EMP0144,Vodafone Cash,Completed,240,120
ORD0008136,20/03/2023,20230320,CUS01908,2,EMP0033,  Cash  ,Completed,2180.5,1130
ORD0008346,20/03/2023,20230320,CUS01395,14,EMP0195,Debit Card,Completed,4566,2240
ORD0010979,20/03/2023,20230320,CUS00700,1,EMP0006,InstaPay,Completed,789.5,410
ORD0009427,20/03/2023,20230320,CUS02629,4,EMP0090,  Vodafone Cash  ,Completed,1404,1010
ORD0010197,20/03/2023,20230320,CUS01017,15,EMP0210,Debit Card,Completed,1040,500
ORD0007976,20/03/2023,20230320,CUS01911,4,EMP0080,Credit Card,Completed,27219,21410
ORD0004130,20/03/2023,20230320,CUS00771,14,EMP0194,  Vodafone Cash  ,Completed,350,170
ORD0005463,20/03/2023,20230320,CUS01539,3,EMP0060,Debit Card,Completed,140,60
ORD0008436,20/03/2023,20230320,CUS01989,5,,  Fawry  ,Completed,30827,24370
ORD0001821,20/03/2023,20230320,CUS00917,3,EMP0070,Credit Card,Completed,2430,1830
ORD0002575,20/03/2023,20230320,CUS01981,7,EMP0133,Fawry,Completed,497,250
ORD0008303,20/03/2023,20230320,CUS01640,5,EMP0100,Fawry,Completed,50505,44840
ORD0000164,20/03/2023,20230320,CUS01599,5,EMP0103,Vodafone Cash,Returned,304,160
ORD0007364,21/03/2023,20230321,CUS00685,12,EMP0183,Debit Card,Completed,974,530
ORD0006761,21/03/2023,20230321,CUS02689,13,,Credit Card,Completed,564,280
ORD0002143,21/03/2023,20230321,CUS02863,6,EMP0113,Cash,Completed,2021,1070
ORD0001857,21/03/2023,20230321,CUS00082,2,EMP0029,  Debit Card  ,Completed,413,190
ORD0011461,21/03/2023,20230321,CUS01108,14,EMP0200,  Credit Card  ,Completed,300,150
ORD0007845,21/03/2023,20230321,CUS00668,1,EMP0002,InstaPay,Completed,845.5,440
ORD0000148,21/03/2023,20230321,CUS02191,7,EMP0131,  Cash  ,Completed,2585,1430
ORD0000296,21/03/2023,20230321,CUS01397,1,EMP0026,  Fawry  ,Completed,3320.5,1780
ORD0008616,21/03/2023,20230321,CUS00344,10,EMP0156,InstaPay,Completed,142.5,70
ORD0008415,21/03/2023,20230321,CUS00595,4,EMP0088,Vodafone Cash,Completed,853,410
ORD0007586,21/03/2023,20230321,CUS00862,3,EMP0072,Cash,Completed,495,320
ORD0000766,21/03/2023,20230321,CUS01079,3,EMP0061,InstaPay,Completed,1446,780
ORD0005703,21/03/2023,20230321,CUS00094,3,EMP0067,Cash,Completed,351.5,180
ORD0004836,21/03/2023,20230321,CUS00641,4,EMP0090,  InstaPay  ,Completed,200,90
ORD0000500,22/03/2023,20230322,CUS02647,9,EMP0150,Fawry,Completed,504,260
ORD0010037,22/03/2023,20230322,CUS00469,5,EMP0105,Credit Card,Completed,200,90
ORD0005379,22/03/2023,20230322,CUS01789,6,EMP0124,Cash,Returned,1785.5,1040
ORD0011544,22/03/2023,20230322,CUS02083,3,EMP0063,Vodafone Cash,Completed,28000,22400
ORD0003256,22/03/2023,20230322,CUS01245,5,EMP0112,Fawry,Completed,484.5,270
ORD0000919,22/03/2023,20230322,CUS01894,7,EMP0129,Fawry,Completed,1309,720
ORD0008137,22/03/2023,20230322,CUS01634,3,EMP0071,  Credit Card  ,Completed,1118,620
ORD0005138,22/03/2023,20230322,CUS02819,14,EMP0197,Fawry,Completed,1579.5,860
ORD0004180,23/03/2023,20230323,CUS00699,5,,Cash,Completed,492,280
ORD0003901,23/03/2023,20230323,CUS02011,2,EMP0048,Cash,Completed,630,300
ORD0005454,23/03/2023,20230323,CUS00571,4,EMP0093,Vodafone Cash,Completed,1250,630
ORD0004015,23/03/2023,20230323,CUS01526,5,EMP0109,Cash,Completed,1513,790
ORD0005136,23/03/2023,20230323,CUS00944,1,,Cash,Completed,561,280
ORD0001522,23/03/2023,20230323,CUS02258,6,EMP0118,  Cash  ,Completed,24168,18980
ORD0004666,23/03/2023,20230323,CUS01791,3,,Credit Card,Completed,2441,1380
ORD0010443,23/03/2023,20230323,CUS01698,13,EMP0189,Vodafone Cash,Completed,746,380
ORD0011116,23/03/2023,20230323,CUS01322,3,EMP0076,Fawry,Completed,3292,1710
ORD0010346,23/03/2023,20230323,CUS01071,4,,Credit Card,Completed,2205,1430
ORD0007713,23/03/2023,20230323,CUS00320,14,EMP0201,Credit Card,Returned,378,210
ORD0011909,23/03/2023,20230323,CUS00586,1,EMP0009,  Fawry  ,Completed,970,470
ORD0006845,23/03/2023,20230323,CUS00135,1,EMP0004,Cash,Returned,399.5,230
ORD0010009,24/03/2023,20230324,CUS01883,2,EMP0041,InstaPay,Completed,908,420
ORD0009041,24/03/2023,20230324,CUS00779,6,EMP0124,  Credit Card  ,Completed,828,440
ORD0008720,24/03/2023,20230324,CUS02646,3,EMP0077,Debit Card,Completed,998,560
ORD0001579,24/03/2023,20230324,CUS01513,15,EMP0206,Cash,Completed,630,300
ORD0010357,24/03/2023,20230324,CUS02477,1,EMP0008,Vodafone Cash,Returned,190,90
ORD0001384,24/03/2023,20230324,CUS00710,6,EMP0117,Vodafone Cash,Completed,2306,1220
ORD0002651,24/03/2023,20230324,CUS02323,9,EMP0150,Fawry,Completed,332.5,170
ORD0002058,24/03/2023,20230324,CUS02580,3,EMP0060,Debit Card,Completed,12128,12070
ORD0001421,24/03/2023,20230324,CUS00369,1,EMP0008,  Credit Card  ,Returned,1038,580
ORD0007679,24/03/2023,20230324,CUS01224,2,EMP0033,Debit Card,Completed,252,140
ORD0007803,24/03/2023,20230324,CUS01410,1,,Fawry,Completed,35797.5,30000
ORD0001368,25/03/2023,20230325,CUS01114,4,EMP0089,  Fawry  ,Completed,659,380
ORD0002006,25/03/2023,20230325,CUS01240,1,EMP0005,Credit Card,Completed,1021,700
ORD0011340,25/03/2023,20230325,CUS01253,4,EMP0085,Vodafone Cash,Completed,2160,1200
ORD0003954,25/03/2023,20230325,CUS02299,1,EMP0015,InstaPay,Completed,681.5,330
ORD0003839,25/03/2023,20230325,CUS01510,2,EMP0039,  Debit Card  ,Completed,367,210
ORD0000877,25/03/2023,20230325,CUS00743,2,,Fawry,Completed,1800,1600
ORD0000835,25/03/2023,20230325,CUS00206,4,EMP0084,InstaPay,Completed,3800,3200
ORD0003163,25/03/2023,20230325,CUS02427,2,EMP0029,  Credit Card  ,Completed,17724,13730
ORD0009257,25/03/2023,20230325,CUS02313,3,EMP0074,Fawry,Completed,200,100
ORD0008327,25/03/2023,20230325,CUS01213,4,EMP0079,InstaPay,Completed,380,180
ORD0002781,25/03/2023,20230325,CUS00558,7,EMP0133,Vodafone Cash,Completed,1540,770
ORD0000187,25/03/2023,20230325,CUS01713,3,EMP0061,Credit Card,Completed,1530,1500
ORD0001097,25/03/2023,20230325,CUS02743,1,EMP0003,Credit Card,Completed,168,100
ORD0002686,25/03/2023,20230325,CUS00315,10,EMP0153,Fawry,Completed,561.5,320
ORD0003446,25/03/2023,20230325,CUS00225,5,EMP0100,Vodafone Cash,Completed,512,320
ORD0008110,25/03/2023,20230325,CUS02804,7,EMP0128,InstaPay,Completed,2999,1570
ORD0011819,25/03/2023,20230325,CUS02579,1,EMP0023,Cash,Completed,1448,700
ORD0003519,26/03/2023,20230326,CUS00355,15,EMP0205,InstaPay,Completed,3134.5,1560
ORD0006284,26/03/2023,20230326,CUS02258,1,EMP0023,Fawry,Returned,1938,1060
ORD0010089,26/03/2023,20230326,CUS00716,8,EMP0144,Vodafone Cash,Completed,14900,11900
ORD0005092,26/03/2023,20230326,CUS02088,4,EMP0086,Fawry,Completed,1215,660
ORD0008542,26/03/2023,20230326,CUS01978,1,EMP0011,Debit Card,Completed,3286,1720
ORD0008661,26/03/2023,20230326,CUS00639,12,EMP0182,Cash,Completed,1810,880
ORD0010902,26/03/2023,20230326,CUS00109,11,EMP0170,Cash,Cancelled,16369,12950
ORD0010140,26/03/2023,20230326,CUS02010,1,EMP0022,InstaPay,Completed,825,440
ORD0008342,26/03/2023,20230326,CUS00695,2,,Cash,Completed,8125,6500
ORD0003856,26/03/2023,20230326,CUS00351,3,EMP0059,Fawry,Completed,300,140
ORD0003908,26/03/2023,20230326,CUS01631,11,EMP0165,Cash,Completed,351.5,180
ORD0009522,27/03/2023,20230327,CUS01568,12,EMP0183,Fawry,Completed,560,340
ORD0006940,27/03/2023,20230327,CUS02058,10,EMP0162,Fawry,Completed,1026,510
ORD0001398,27/03/2023,20230327,CUS00736,1,EMP0023,Fawry,Completed,304,170
ORD0006500,27/03/2023,20230327,CUS01147,2,EMP0052,InstaPay,Completed,453,270
ORD0008097,27/03/2023,20230327,CUS01061,8,EMP0138,Cash,Completed,555,280
ORD0002864,27/03/2023,20230327,CUS01884,4,EMP0094,Debit Card,Completed,1411,820
ORD0007695,27/03/2023,20230327,CUS01344,12,EMP0179,InstaPay,Completed,2160,1800
ORD0011686,27/03/2023,20230327,CUS00550,2,EMP0052,InstaPay,Completed,30591,31980
ORD0007983,27/03/2023,20230327,CUS01645,12,EMP0182,Cash,Completed,16548.5,12800
ORD0010331,27/03/2023,20230327,CUS02249,2,EMP0040,Fawry,Completed,1249,640
ORD0010350,28/03/2023,20230328,CUS00815,5,EMP0100,Fawry,Completed,858,430
ORD0011281,28/03/2023,20230328,CUS00932,13,,  InstaPay  ,Completed,11960,10580
ORD0011105,28/03/2023,20230328,CUS02304,10,EMP0157,  InstaPay  ,Completed,760,370
ORD0009432,28/03/2023,20230328,CUS01896,1,EMP0003,  Cash  ,Completed,7908,6440
ORD0000577,28/03/2023,20230328,CUS00172,2,EMP0048,  Debit Card  ,Cancelled,1776,880
ORD0004633,28/03/2023,20230328,CUS01259,3,EMP0078,InstaPay,Returned,504,280
ORD0005181,29/03/2023,20230329,CUS02204,1,EMP0001,Vodafone Cash,Completed,714,400
ORD0010683,29/03/2023,20230329,CUS02518,12,EMP0184,  Cash  ,Completed,630,310
ORD0005183,29/03/2023,20230329,CUS01421,1,EMP0022,  Cash  ,Completed,2294,1160
ORD0005452,29/03/2023,20230329,CUS01720,1,EMP0007,Debit Card,Returned,507.5,310
ORD0004216,29/03/2023,20230329,CUS02422,6,EMP0123,Vodafone Cash,Returned,531,290
ORD0011608,29/03/2023,20230329,CUS01662,7,EMP0129,Cash,Completed,180,80
ORD0000955,29/03/2023,20230329,CUS01811,2,EMP0032,Debit Card,Completed,331.5,180
ORD0000911,29/03/2023,20230329,CUS00957,1,EMP0004,Debit Card,Completed,1571.5,870
ORD0008681,29/03/2023,20230329,CUS00541,2,EMP0030,Cash,Returned,800.5,440
ORD0001569,29/03/2023,20230329,CUS01992,1,EMP0023,Debit Card,Completed,21612.5,17970
ORD0009359,29/03/2023,20230329,CUS02563,2,EMP0045,Debit Card,Completed,20142.5,16070
ORD0005809,29/03/2023,20230329,CUS00647,1,EMP0009,Fawry,Completed,875.5,450
ORD0004482,30/03/2023,20230330,CUS01208,1,EMP0022,Credit Card,Completed,725,390
ORD0010169,30/03/2023,20230330,CUS00609,6,EMP0123,Credit Card,Completed,576,300
ORD0003657,30/03/2023,20230330,CUS02515,2,EMP0033,Credit Card,Completed,200,90
ORD0007415,30/03/2023,20230330,CUS02453,14,EMP0201,Debit Card,Completed,799,460
ORD0008708,30/03/2023,20230330,CUS01669,15,EMP0213,Vodafone Cash,Completed,1595,910
ORD0007051,30/03/2023,20230330,CUS01490,11,EMP0166,Cash,Completed,136,70
ORD0004230,30/03/2023,20230330,CUS01169,4,EMP0092,  Credit Card  ,Completed,10436,8020
ORD0004999,30/03/2023,20230330,CUS00799,13,EMP0187,Debit Card,Completed,1648.5,970
ORD0009681,30/03/2023,20230330,CUS02806,9,EMP0151,Credit Card,Returned,2127,1170
ORD0001434,30/03/2023,20230330,CUS00980,13,EMP0186,InstaPay,Completed,906,480
ORD0007795,30/03/2023,20230330,CUS00127,2,EMP0033,InstaPay,Completed,480,230
ORD0010862,31/03/2023,20230331,CUS01496,3,EMP0057,Vodafone Cash,Completed,1805,880
ORD0008305,31/03/2023,20230331,CUS00532,1,EMP0026,Fawry,Completed,680,340
ORD0003932,31/03/2023,20230331,CUS00697,1,EMP0014,  Cash  ,Completed,638,340
ORD0002822,31/03/2023,20230331,CUS00966,4,EMP0087,Fawry,Completed,133,70
ORD0004929,31/03/2023,20230331,CUS00307,10,EMP0159,InstaPay,Completed,410,200
ORD0002467,31/03/2023,20230331,CUS01729,10,EMP0158,  Vodafone Cash  ,Completed,552,300
ORD0001401,31/03/2023,20230331,CUS02312,1,EMP0011,Vodafone Cash,Returned,266,140
ORD0002568,31/03/2023,20230331,CUS02967,9,EMP0150,InstaPay,Completed,547,290
ORD0006147,31/03/2023,20230331,CUS02697,3,EMP0062,Fawry,Completed,12666,10560
ORD0004167,31/03/2023,20230331,CUS02309,12,EMP0184,Cash,Completed,5757,4720
ORD0007157,31/03/2023,20230331,CUS02862,2,EMP0029,Credit Card,Completed,39396,31000
ORD0001083,31/03/2023,20230331,CUS02037,7,EMP0134,Fawry,Completed,675.5,380
ORD0001070,31/03/2023,20230331,CUS02991,12,,Vodafone Cash,Completed,1768.5,1030
ORD0003526,31/03/2023,20230331,CUS02686,15,EMP0210,Cash,Completed,304,140
ORD0009530,31/03/2023,20230331,CUS00914,2,EMP0030,  Vodafone Cash  ,Completed,548,250
ORD0010102,01/04/2023,20230401,CUS00186,3,EMP0066,Cash,Completed,1615,810
ORD0010513,01/04/2023,20230401,CUS01855,10,EMP0155,Fawry,Completed,381,230
ORD0001430,01/04/2023,20230401,CUS00414,11,EMP0167,Vodafone Cash,Returned,2996,1550
ORD0004334,01/04/2023,20230401,CUS02592,5,EMP0101,Credit Card,Completed,4241.5,3470
ORD0011758,01/04/2023,20230401,CUS00863,6,EMP0116,InstaPay,Completed,1067,580
ORD0004302,01/04/2023,20230401,CUS02132,4,EMP0085,Vodafone Cash,Completed,2446,1340
ORD0002992,01/04/2023,20230401,CUS00330,5,EMP0099,Fawry,Completed,504,280
ORD0000660,01/04/2023,20230401,CUS01731,13,EMP0188,Vodafone Cash,Completed,469,280
ORD0005425,01/04/2023,20230401,CUS01065,1,EMP0004,InstaPay,Returned,280.5,160
ORD0004342,02/04/2023,20230402,CUS02036,4,EMP0082,Credit Card,Completed,68,40
ORD0007868,02/04/2023,20230402,CUS00971,10,EMP0157,Cash,Completed,1020,480
ORD0001672,02/04/2023,20230402,CUS02952,12,EMP0182,InstaPay,Completed,1239,690
ORD0008059,02/04/2023,20230402,CUS01452,2,EMP0039,Fawry,Completed,3153,1590
ORD0002923,02/04/2023,20230402,CUS02358,2,EMP0045,InstaPay,Completed,2079,1030
ORD0010876,02/04/2023,20230402,CUS00795,1,EMP0003,  Vodafone Cash  ,Completed,2542.5,1710
ORD0000932,02/04/2023,20230402,CUS01883,2,EMP0040,Credit Card,Completed,135,70
ORD0000700,02/04/2023,20230402,CUS02392,2,,  InstaPay  ,Completed,459,250
ORD0002092,02/04/2023,20230402,CUS00948,1,EMP0011,Debit Card,Completed,4050,2000
ORD0009198,02/04/2023,20230402,CUS02568,2,EMP0048,Debit Card,Completed,300,140
ORD0002646,02/04/2023,20230402,CUS02602,3,EMP0060,Debit Card,Returned,800,360
ORD0006871,02/04/2023,20230402,CUS00246,3,EMP0055,Vodafone Cash,Completed,28845,23620
ORD0002752,02/04/2023,20230402,CUS01846,11,EMP0166,  Fawry  ,Completed,144,80
ORD0000227,02/04/2023,20230402,CUS01574,2,EMP0052,InstaPay,Completed,289,160
ORD0010251,02/04/2023,20230402,CUS02129,9,EMP0147,Credit Card,Completed,251,150
ORD0005523,02/04/2023,20230402,CUS01431,2,,  Vodafone Cash  ,Completed,980,480
ORD0004395,02/04/2023,20230402,CUS01459,3,EMP0055,Credit Card,Completed,14535,12000
ORD0011205,02/04/2023,20230402,CUS00187,11,EMP0167,Credit Card,Returned,168,100
ORD0004881,03/04/2023,20230403,CUS02083,1,EMP0013,Debit Card,Completed,19290,15310
ORD0006975,03/04/2023,20230403,CUS01210,4,EMP0092,Vodafone Cash,Completed,1000,520
ORD0010655,03/04/2023,20230403,CUS02192,6,EMP0120,  Debit Card  ,Completed,10594,9520
ORD0006552,03/04/2023,20230403,CUS01587,14,EMP0196,Credit Card,Completed,905,460
ORD0009297,03/04/2023,20230403,CUS01745,5,EMP0095,Credit Card,Completed,1670,810
ORD0005294,03/04/2023,20230403,CUS00720,2,EMP0046,Cash,Completed,1375,690
ORD0011421,03/04/2023,20230403,CUS01150,14,EMP0197,Debit Card,Completed,13200,10500
ORD0011671,03/04/2023,20230403,CUS00380,5,EMP0101,Credit Card,Completed,12235.5,10700
ORD0001386,03/04/2023,20230403,CUS01611,6,EMP0126,Credit Card,Completed,6032.5,4910
ORD0006945,03/04/2023,20230403,CUS01999,3,EMP0061,InstaPay,Completed,1027.5,500
ORD0006847,03/04/2023,20230403,CUS00615,12,EMP0177,Debit Card,Completed,1148.5,580
ORD0010101,04/04/2023,20230404,CUS02263,2,EMP0051,Cash,Returned,1081,580
ORD0002003,04/04/2023,20230404,CUS01008,12,EMP0179,Fawry,Completed,260,130
ORD0006097,04/04/2023,20230404,CUS01845,3,EMP0064,  InstaPay  ,Completed,1092,610
ORD0006902,04/04/2023,20230404,CUS01619,3,,InstaPay,Completed,2194.5,1140
ORD0008516,04/04/2023,20230404,CUS00093,7,EMP0133,Fawry,Completed,569,280
ORD0002939,04/04/2023,20230404,CUS00049,2,EMP0044,  Vodafone Cash  ,Completed,1104,660
ORD0011570,04/04/2023,20230404,CUS02915,4,EMP0091,  Debit Card  ,Cancelled,624,390
ORD0006255,04/04/2023,20230404,CUS01121,10,EMP0153,Debit Card,Completed,576,280
ORD0011060,04/04/2023,20230404,CUS02143,15,EMP0208,Credit Card,Completed,1774,940
ORD0000476,04/04/2023,20230404,CUS00800,11,EMP0169,Fawry,Completed,160,70
ORD0010407,04/04/2023,20230404,CUS02761,7,EMP0132,Cash,Completed,315,150
ORD0011337,04/04/2023,20230404,CUS00442,6,EMP0115,Debit Card,Completed,645,330
ORD0007905,04/04/2023,20230404,CUS02970,6,,Vodafone Cash,Completed,1112,550
ORD0006624,04/04/2023,20230404,CUS02315,9,EMP0149,Fawry,Completed,740.5,450
ORD0001847,05/04/2023,20230405,CUS01944,14,EMP0196,  Debit Card  ,Completed,1237,620
ORD0011362,05/04/2023,20230405,CUS02586,10,EMP0153,Credit Card,Completed,363.5,190
ORD0000116,05/04/2023,20230405,CUS00256,12,EMP0184,  Debit Card  ,Returned,10152,8880
ORD0009434,05/04/2023,20230405,CUS00081,6,EMP0117,Cash,Completed,1290,600
ORD0011628,05/04/2023,20230405,CUS01705,3,EMP0073,  InstaPay  ,Completed,1171.5,590
ORD0004182,05/04/2023,20230405,CUS01513,4,EMP0080,Fawry,Completed,280,140
ORD0011424,05/04/2023,20230405,CUS01201,1,EMP0017,Debit Card,Completed,1657.5,860
ORD0003985,06/04/2023,20230406,CUS02087,12,EMP0180,Debit Card,Completed,427.5,210
ORD0007088,06/04/2023,20230406,CUS00789,4,EMP0093,  Cash  ,Completed,600,400
ORD0008946,06/04/2023,20230406,CUS02172,11,EMP0171,  Cash  ,Completed,1184.5,650
ORD0007130,06/04/2023,20230406,CUS01431,8,EMP0144,Debit Card,Completed,510,290
ORD0009189,06/04/2023,20230406,CUS00664,5,EMP0105,Vodafone Cash,Completed,1857,1150
ORD0003726,06/04/2023,20230406,CUS02967,1,EMP0015,Vodafone Cash,Completed,399,200
ORD0011386,06/04/2023,20230406,CUS01539,11,EMP0171,Debit Card,Completed,433,210
ORD0009264,06/04/2023,20230406,CUS02784,1,EMP0012,InstaPay,Completed,323,170
ORD0005764,06/04/2023,20230406,CUS00003,13,EMP0189,Debit Card,Completed,199.5,100
ORD0003442,06/04/2023,20230406,CUS02983,1,EMP0007,Vodafone Cash,Completed,399,280
ORD0009759,06/04/2023,20230406,CUS01198,2,EMP0044,Credit Card,Completed,229.5,120
ORD0010804,07/04/2023,20230407,CUS00017,4,EMP0082,  Credit Card  ,Returned,600,290
ORD0003590,07/04/2023,20230407,CUS02292,10,EMP0152,  Fawry  ,Returned,5900,4700
ORD0007692,07/04/2023,20230407,CUS01144,1,EMP0013,Cash,Completed,50860,45030
ORD0002387,07/04/2023,20230407,CUS01838,4,EMP0082,Credit Card,Completed,1768,880
ORD0007634,08/04/2023,20230408,CUS00092,3,EMP0071,Debit Card,Completed,864,440
ORD0008165,08/04/2023,20230408,CUS02604,3,EMP0068,Cash,Completed,880.5,480
ORD0011412,08/04/2023,20230408,CUS02674,11,EMP0172,Credit Card,Completed,360,160
ORD0007849,08/04/2023,20230408,CUS00304,14,EMP0194,  Fawry  ,Completed,1026,510
ORD0007046,08/04/2023,20230408,CUS02530,6,EMP0120,Debit Card,Completed,34438,33300
ORD0004005,08/04/2023,20230408,CUS00388,3,EMP0066,  Cash  ,Completed,2509,1320
ORD0006371,08/04/2023,20230408,CUS01313,10,EMP0157,Cash,Returned,598,280
ORD0003125,08/04/2023,20230408,CUS00957,11,EMP0168,InstaPay,Completed,3190,1570
ORD0006753,09/04/2023,20230409,CUS02022,5,EMP0100,Fawry,Completed,28494,23380
ORD0005531,09/04/2023,20230409,CUS02596,13,EMP0191,  InstaPay  ,Completed,1984,1170
ORD0005175,09/04/2023,20230409,CUS00455,7,EMP0129,  Credit Card  ,Completed,1360,700
ORD0000642,09/04/2023,20230409,CUS01769,13,EMP0191,Vodafone Cash,Completed,1482,790
ORD0000822,09/04/2023,20230409,CUS01160,3,EMP0072,InstaPay,Completed,234,130
ORD0003210,09/04/2023,20230409,CUS00623,1,EMP0025,Credit Card,Completed,563,290
ORD0009587,09/04/2023,20230409,CUS01100,2,EMP0032,InstaPay,Completed,8455,7100
ORD0000795,10/04/2023,20230410,CUS00714,1,EMP0028,  Debit Card  ,Completed,630,300
ORD0010341,10/04/2023,20230410,CUS00511,11,EMP0171,  Debit Card  ,Completed,960,460
ORD0000338,10/04/2023,20230410,CUS02515,10,EMP0159,Fawry,Completed,900,480
ORD0006898,10/04/2023,20230410,CUS00326,8,EMP0138,Credit Card,Completed,30144,24070
ORD0004879,10/04/2023,20230410,CUS02181,7,EMP0130,Cash,Completed,1800,1600
ORD0006939,10/04/2023,20230410,CUS00666,12,EMP0178,  Cash  ,Completed,19084,15210
ORD0011610,10/04/2023,20230410,CUS02951,8,,Cash,Completed,493,290
ORD0009436,10/04/2023,20230410,CUS02266,14,EMP0201,Credit Card,Completed,714,400
ORD0007374,10/04/2023,20230410,CUS02588,4,EMP0088,Cash,Completed,1311,790
ORD0000014,10/04/2023,20230410,CUS01472,3,EMP0077,Debit Card,Completed,19048,20000
ORD0000875,11/04/2023,20230411,CUS00388,1,EMP0022,Fawry,Returned,664,320
ORD0001609,11/04/2023,20230411,CUS01468,14,EMP0203,Debit Card,Completed,399,210
ORD0004597,11/04/2023,20230411,CUS00980,2,EMP0036,Debit Card,Completed,390,180
ORD0003409,11/04/2023,20230411,CUS02219,5,EMP0098,Cash,Completed,753,370
ORD0007372,11/04/2023,20230411,CUS00429,13,EMP0191,Vodafone Cash,Completed,2183.5,1120
ORD0008628,11/04/2023,20230411,CUS01661,5,,InstaPay,Completed,860,400
ORD0006083,11/04/2023,20230411,CUS01435,3,EMP0072,Cash,Completed,1740,840
ORD0009567,11/04/2023,20230411,CUS01238,9,EMP0150,InstaPay,Completed,1439,730
ORD0004967,11/04/2023,20230411,CUS00158,3,EMP0066,InstaPay,Completed,176,110
ORD0009878,11/04/2023,20230411,CUS01000,7,EMP0127,Vodafone Cash,Completed,770,380
ORD0008204,11/04/2023,20230411,CUS00110,10,EMP0161,  Fawry  ,Completed,306,170
ORD0007091,11/04/2023,20230411,CUS00244,2,EMP0044,Credit Card,Completed,2169.5,1080
ORD0002770,11/04/2023,20230411,CUS02068,13,EMP0190,Debit Card,Returned,861,420
ORD0010383,11/04/2023,20230411,CUS01370,9,,Credit Card,Completed,2026,1100
ORD0006187,12/04/2023,20230412,CUS02300,9,EMP0146,Credit Card,Returned,873,440
ORD0008257,12/04/2023,20230412,CUS01055,1,,Debit Card,Returned,492,250
ORD0009536,12/04/2023,20230412,CUS00347,6,EMP0123,Cash,Completed,184,110
ORD0003441,12/04/2023,20230412,CUS00969,3,EMP0067,Cash,Cancelled,4967.5,3770
ORD0004683,12/04/2023,20230412,CUS02256,6,EMP0123,InstaPay,Completed,1270,880
ORD0003104,12/04/2023,20230412,CUS00753,13,EMP0193,Vodafone Cash,Completed,2037,980
ORD0008067,12/04/2023,20230412,CUS02054,1,EMP0026,  Vodafone Cash  ,Completed,200,90
ORD0005817,12/04/2023,20230412,CUS02374,6,EMP0119,  Vodafone Cash  ,Completed,1686,900
ORD0005201,12/04/2023,20230412,CUS01747,2,EMP0041,Vodafone Cash,Completed,450,240
ORD0008937,12/04/2023,20230412,CUS00452,11,EMP0170,Credit Card,Completed,10312.5,8170
ORD0001968,13/04/2023,20230413,CUS02089,9,EMP0148,InstaPay,Completed,1166,610
ORD0005758,13/04/2023,20230413,CUS00562,3,EMP0067,InstaPay,Completed,927,510
ORD0004992,13/04/2023,20230413,CUS02578,2,EMP0041,Debit Card,Completed,1451,740
ORD0009320,13/04/2023,20230413,CUS00132,14,EMP0203,Vodafone Cash,Completed,1090,560
ORD0001049,13/04/2023,20230413,CUS01494,12,EMP0177,Credit Card,Completed,56160,44840
ORD0006112,13/04/2023,20230413,CUS02419,5,EMP0109,Debit Card,Completed,136,80
ORD0009899,14/04/2023,20230414,CUS02129,12,EMP0181,  InstaPay  ,Completed,4475,4140
ORD0000043,14/04/2023,20230414,CUS01898,1,EMP0025,Credit Card,Completed,1200.5,630
ORD0010748,14/04/2023,20230414,CUS01552,8,EMP0141,Vodafone Cash,Completed,85.5,40
ORD0009080,14/04/2023,20230414,CUS01630,10,EMP0163,Debit Card,Completed,1283,700
ORD0005409,14/04/2023,20230414,CUS02245,5,EMP0101,Vodafone Cash,Completed,772.5,370
ORD0010896,14/04/2023,20230414,CUS01442,8,EMP0137,InstaPay,Completed,9112.5,8070
ORD0002963,14/04/2023,20230414,CUS00129,4,EMP0089,Fawry,Completed,260,120
ORD0010131,14/04/2023,20230414,CUS01794,7,EMP0128,Debit Card,Completed,117,60
ORD0006915,14/04/2023,20230414,CUS00652,4,,Credit Card,Completed,6772.5,5160
ORD0005098,14/04/2023,20230414,CUS00013,2,EMP0034,Vodafone Cash,Returned,1264,650
ORD0001346,15/04/2023,20230415,CUS02528,3,,Debit Card,Cancelled,255,140
ORD0001056,15/04/2023,20230415,CUS01107,1,EMP0001,Debit Card,Completed,1076,530
ORD0011746,15/04/2023,20230415,CUS01113,4,EMP0081,Cash,Completed,513,260
ORD0008047,15/04/2023,20230415,CUS00105,1,EMP0011,Fawry,Completed,754,440
ORD0006437,15/04/2023,20230415,CUS00860,9,EMP0147,  Credit Card  ,Completed,322.5,210
ORD0010742,15/04/2023,20230415,CUS02382,1,EMP0003,Fawry,Completed,576,280
ORD0000026,15/04/2023,20230415,CUS02317,3,EMP0063,  Debit Card  ,Completed,746,380
ORD0007798,15/04/2023,20230415,CUS00168,3,EMP0064,InstaPay,Completed,3723,1830
ORD0009717,15/04/2023,20230415,CUS00919,1,EMP0015,Fawry,Completed,1043,560
ORD0003819,15/04/2023,20230415,CUS01035,12,EMP0181,Vodafone Cash,Completed,58770,52400
ORD0010298,16/04/2023,20230416,CUS00160,9,EMP0149,  Debit Card  ,Completed,3916,2170
ORD0011177,16/04/2023,20230416,CUS01438,3,EMP0074,Vodafone Cash,Completed,4561,3200
ORD0007114,16/04/2023,20230416,CUS00162,5,EMP0100,Fawry,Completed,161.5,90
ORD0001168,17/04/2023,20230417,CUS02066,1,EMP0026,  InstaPay  ,Returned,582,300
ORD0010285,17/04/2023,20230417,CUS00664,6,EMP0116,InstaPay,Completed,7208,4720
ORD0006859,17/04/2023,20230417,CUS02482,3,EMP0077,Credit Card,Completed,1878,1150
ORD0006787,17/04/2023,20230417,CUS02938,1,EMP0021,  Credit Card  ,Completed,1040,510
ORD0005638,17/04/2023,20230417,CUS01673,4,EMP0085,  Debit Card  ,Completed,2000,970
ORD0001796,17/04/2023,20230417,CUS00086,3,EMP0063,Fawry,Completed,600,280
ORD0005466,17/04/2023,20230417,CUS02073,2,EMP0039,Fawry,Completed,610,290
ORD0000565,17/04/2023,20230417,CUS00040,4,EMP0086,  InstaPay  ,Completed,2196,1100
ORD0010484,17/04/2023,20230417,CUS01542,1,EMP0021,  InstaPay  ,Completed,864.5,450
ORD0010343,17/04/2023,20230417,CUS02137,3,EMP0068,Vodafone Cash,Completed,2957,1450
ORD0009980,17/04/2023,20230417,CUS00243,9,,Credit Card,Completed,1750.5,880
ORD0003499,17/04/2023,20230417,CUS00948,2,EMP0053,Credit Card,Completed,2463,1480
ORD0004450,17/04/2023,20230417,CUS02656,1,EMP0021,InstaPay,Completed,432,220
ORD0004944,17/04/2023,20230417,CUS01604,2,EMP0046,InstaPay,Completed,1322,770
ORD0000551,18/04/2023,20230418,CUS01561,11,EMP0167,Debit Card,Completed,170,80
ORD0003156,18/04/2023,20230418,CUS02179,1,EMP0020,Fawry,Completed,6136,5000
ORD0009227,18/04/2023,20230418,CUS00724,3,EMP0078,Credit Card,Completed,1020,940
ORD0004370,18/04/2023,20230418,CUS02049,13,EMP0190,  Cash  ,Completed,300,150
ORD0000993,18/04/2023,20230418,CUS01999,10,EMP0163,Fawry,Completed,2815,2290
ORD0011922,18/04/2023,20230418,CUS01049,13,EMP0190,  Vodafone Cash  ,Completed,15150,16200
ORD0009928,18/04/2023,20230418,CUS01469,5,EMP0096,  Vodafone Cash  ,Completed,2814,1590
ORD0000914,18/04/2023,20230418,CUS02021,15,EMP0215,Cash,Cancelled,1074,520
ORD0003703,18/04/2023,20230418,CUS02375,3,EMP0072,Vodafone Cash,Completed,290,140
ORD0008484,18/04/2023,20230418,CUS00204,6,EMP0118,Debit Card,Completed,27260,21580
ORD0010055,18/04/2023,20230418,CUS02595,1,EMP0011,Vodafone Cash,Returned,1000,500
ORD0004383,18/04/2023,20230418,CUS01227,15,EMP0214,Fawry,Completed,2482,1920
ORD0005616,18/04/2023,20230418,CUS02277,14,EMP0202,Debit Card,Completed,315,170
ORD0002506,18/04/2023,20230418,CUS01098,2,EMP0039,Debit Card,Completed,180,80
ORD0010386,18/04/2023,20230418,CUS01000,3,EMP0055,Debit Card,Completed,2256,1170
ORD0008582,18/04/2023,20230418,CUS01425,2,EMP0030,InstaPay,Completed,1161,560
ORD0000385,18/04/2023,20230418,CUS01009,1,EMP0006,InstaPay,Completed,1440,690
ORD0006649,19/04/2023,20230419,CUS01643,6,EMP0125,Vodafone Cash,Completed,150,70
ORD0001886,19/04/2023,20230419,CUS01291,12,EMP0181,Debit Card,Completed,420,280
ORD0009295,19/04/2023,20230419,CUS00100,2,EMP0049,Fawry,Completed,1175,590
ORD0008495,19/04/2023,20230419,CUS02202,5,EMP0112,Cash,Completed,1751,950
ORD0007768,19/04/2023,20230419,CUS00204,3,EMP0074,Fawry,Completed,260,120
ORD0004779,19/04/2023,20230419,CUS02326,13,EMP0186,  Fawry  ,Completed,2855,1550
ORD0007499,19/04/2023,20230419,CUS02977,3,EMP0072,Fawry,Completed,337,180
ORD0010675,19/04/2023,20230419,CUS01693,15,EMP0208,InstaPay,Completed,300,150
ORD0008417,19/04/2023,20230419,CUS02509,13,,Debit Card,Completed,6320,5790
ORD0006661,19/04/2023,20230419,CUS02531,6,EMP0123,Vodafone Cash,Completed,200,100
ORD0003553,19/04/2023,20230419,CUS00431,6,EMP0114,Credit Card,Completed,1651,950
ORD0007381,19/04/2023,20230419,CUS01215,10,EMP0152,Credit Card,Completed,504,280
ORD0007400,19/04/2023,20230419,CUS02230,5,EMP0095,Vodafone Cash,Completed,238,140
ORD0008622,20/04/2023,20230420,CUS01298,3,EMP0060,  Cash  ,Completed,1972,1340
ORD0009684,20/04/2023,20230420,CUS00625,2,EMP0051,Vodafone Cash,Completed,276,180
ORD0004846,20/04/2023,20230420,CUS01621,6,EMP0117,Cash,Completed,790,480
ORD0001215,20/04/2023,20230420,CUS00116,7,EMP0132,Fawry,Completed,360,170
ORD0004849,20/04/2023,20230420,CUS02483,1,EMP0006,Debit Card,Completed,240,160
ORD0007580,20/04/2023,20230420,CUS01839,11,EMP0172,Fawry,Completed,160,90
ORD0001445,20/04/2023,20230420,CUS02246,4,EMP0088,Debit Card,Completed,144,70
ORD0002772,20/04/2023,20230420,CUS02176,9,EMP0146,Credit Card,Completed,460,230
ORD0007906,20/04/2023,20230420,CUS00603,4,EMP0081,Cash,Completed,820,380
ORD0009956,20/04/2023,20230420,CUS00668,8,EMP0142,Cash,Completed,1200,1200
ORD0011930,20/04/2023,20230420,CUS00344,4,EMP0092,Fawry,Completed,450,270
ORD0002453,21/04/2023,20230421,CUS00656,2,EMP0030,InstaPay,Completed,1100,540
ORD0003759,21/04/2023,20230421,CUS02888,15,EMP0205,Credit Card,Completed,455,280
ORD0000976,21/04/2023,20230421,CUS01693,13,EMP0185,Vodafone Cash,Returned,10200,8100
ORD0011816,21/04/2023,20230421,CUS00858,4,EMP0087,Debit Card,Completed,510,270
ORD0007792,21/04/2023,20230421,CUS02631,3,,Credit Card,Completed,455,230
ORD0010473,21/04/2023,20230421,CUS00156,2,EMP0029,Fawry,Completed,6010,5160
ORD0001082,21/04/2023,20230421,CUS01098,2,EMP0030,  Vodafone Cash  ,Completed,1083,630
ORD0000584,21/04/2023,20230421,CUS01852,12,,Cash,Completed,20400,16000
ORD0000978,21/04/2023,20230421,CUS01437,5,EMP0111,InstaPay,Completed,2912,1620
ORD0008055,21/04/2023,20230421,CUS01909,15,EMP0215,InstaPay,Completed,1662.5,960
ORD0004630,21/04/2023,20230421,CUS00701,10,EMP0162,Credit Card,Completed,2218,1820
ORD0006728,22/04/2023,20230422,CUS01951,2,EMP0041,Cash,Completed,332.5,170
ORD0010781,22/04/2023,20230422,CUS02438,15,EMP0216,InstaPay,Completed,504,280
ORD0007734,22/04/2023,20230422,CUS01318,6,EMP0125,InstaPay,Completed,2120,1120
ORD0010765,22/04/2023,20230422,CUS00971,10,EMP0158,  Credit Card  ,Completed,140,70
ORD0001273,22/04/2023,20230422,CUS00434,2,EMP0053,  Debit Card  ,Completed,376,190
ORD0001355,22/04/2023,20230422,CUS00198,5,EMP0102,Fawry,Completed,2421.5,1550
ORD0007453,22/04/2023,20230422,CUS00258,11,EMP0166,Cash,Completed,7000,5600
ORD0011463,22/04/2023,20230422,CUS00331,2,EMP0035,Cash,Completed,360,180
ORD0008994,22/04/2023,20230422,CUS01175,1,EMP0004,Fawry,Completed,3012,1520
ORD0002978,23/04/2023,20230423,CUS02488,2,EMP0037,InstaPay,Completed,460,220
ORD0002285,23/04/2023,20230423,CUS02909,4,EMP0089,InstaPay,Cancelled,490,240
ORD0005240,23/04/2023,20230423,CUS01776,2,EMP0046,InstaPay,Cancelled,680,340
ORD0011790,23/04/2023,20230423,CUS02323,13,EMP0192,  Debit Card  ,Completed,1596,830
ORD0008880,23/04/2023,20230423,CUS01309,12,EMP0175,Credit Card,Completed,720,330
ORD0003776,23/04/2023,20230423,CUS02630,3,EMP0061,Credit Card,Returned,300,140
ORD0002251,23/04/2023,20230423,CUS02327,3,EMP0073,Credit Card,Completed,1155,570
ORD0007327,23/04/2023,20230423,CUS02928,4,EMP0091,  Debit Card  ,Completed,1252,650
ORD0000969,23/04/2023,20230423,CUS02175,6,EMP0113,InstaPay,Completed,497,250
ORD0011055,23/04/2023,20230423,CUS02945,2,EMP0048,Debit Card,Completed,2712,1470
ORD0011350,24/04/2023,20230424,CUS02365,3,EMP0074,InstaPay,Completed,612,340
ORD0006226,24/04/2023,20230424,CUS02983,13,EMP0192,Credit Card,Completed,1354.5,700
ORD0000337,24/04/2023,20230424,CUS01070,13,EMP0192,  Fawry  ,Completed,1434,830
ORD0007921,24/04/2023,20230424,CUS00876,9,EMP0151,InstaPay,Returned,1098,560
ORD0002571,24/04/2023,20230424,CUS01050,15,EMP0209,Credit Card,Completed,52750,49200
ORD0003934,24/04/2023,20230424,CUS00148,1,EMP0016,Debit Card,Completed,2162.5,1160
ORD0001163,25/04/2023,20230425,CUS02984,5,EMP0105,Debit Card,Completed,40440,32700
ORD0009578,25/04/2023,20230425,CUS02745,5,EMP0107,  Credit Card  ,Completed,819,440
ORD0004611,25/04/2023,20230425,CUS02808,3,EMP0078,Cash,Completed,46642.5,37550
ORD0001035,25/04/2023,20230425,CUS01561,2,EMP0033,  Credit Card  ,Completed,740,360
ORD0007643,25/04/2023,20230425,CUS00657,4,EMP0089,InstaPay,Completed,600,280
ORD0002111,25/04/2023,20230425,CUS01245,14,EMP0195,Cash,Completed,408.5,210
ORD0011747,25/04/2023,20230425,CUS01169,4,EMP0091,Debit Card,Completed,19764,17250
ORD0010869,25/04/2023,20230425,CUS02182,6,EMP0113,  Cash  ,Completed,204,110
ORD0011755,25/04/2023,20230425,CUS02119,4,EMP0088,Cash,Completed,891.5,440
ORD0001280,25/04/2023,20230425,CUS00581,4,EMP0092,  Debit Card  ,Returned,515,270
ORD0007624,25/04/2023,20230425,CUS01693,13,EMP0190,Fawry,Returned,2040,1030
ORD0005647,25/04/2023,20230425,CUS01041,4,EMP0080,Cash,Completed,340,160
ORD0003717,25/04/2023,20230425,CUS00359,1,EMP0017,InstaPay,Completed,3078,1600
ORD0009591,25/04/2023,20230425,CUS00408,12,EMP0179,Cash,Returned,15402.5,12160
ORD0007507,26/04/2023,20230426,CUS00018,4,EMP0094,Debit Card,Completed,15493,12580
ORD0008101,26/04/2023,20230426,CUS01026,3,EMP0075,  Debit Card  ,Completed,918,480
ORD0011007,26/04/2023,20230426,CUS01617,4,EMP0080,InstaPay,Completed,999,540
ORD0000027,26/04/2023,20230426,CUS00440,14,EMP0196,Vodafone Cash,Completed,210,100
ORD0001290,26/04/2023,20230426,CUS01300,11,EMP0166,Fawry,Completed,445,240
ORD0000893,26/04/2023,20230426,CUS02108,8,,Credit Card,Completed,144,70
ORD0004468,26/04/2023,20230426,CUS02434,7,EMP0134,Debit Card,Completed,3289,1790
ORD0004310,26/04/2023,20230426,CUS02974,1,EMP0014,Vodafone Cash,Completed,853.5,430
ORD0010260,26/04/2023,20230426,CUS02672,2,EMP0031,Credit Card,Completed,5013,3960
ORD0001348,27/04/2023,20230427,CUS00294,6,EMP0123,Cash,Cancelled,24320,20600
ORD0006682,27/04/2023,20230427,CUS01415,1,EMP0003,  InstaPay  ,Completed,9144,6980
ORD0005501,27/04/2023,20230427,CUS02401,4,EMP0079,Fawry,Completed,453,230
ORD0006169,27/04/2023,20230427,CUS00758,3,EMP0068,InstaPay,Completed,2389.5,1330
ORD0001638,27/04/2023,20230427,CUS01221,7,EMP0133,Cash,Completed,240,120
ORD0008499,27/04/2023,20230427,CUS01237,3,EMP0062,  Credit Card  ,Completed,40810,35990
ORD0000858,27/04/2023,20230427,CUS01452,5,EMP0112,Fawry,Completed,3515,1850
ORD0004985,27/04/2023,20230427,CUS01896,4,EMP0094,Debit Card,Completed,684,360
ORD0010146,27/04/2023,20230427,CUS01932,9,EMP0148,Cash,Completed,900,800
ORD0001815,27/04/2023,20230427,CUS02327,10,EMP0159,  InstaPay  ,Completed,689,340
ORD0011095,27/04/2023,20230427,CUS01108,8,EMP0141,Fawry,Completed,187,110
ORD0008216,28/04/2023,20230428,CUS00123,2,EMP0033,  Cash  ,Completed,4250,4000
ORD0003689,28/04/2023,20230428,CUS00270,5,EMP0108,Credit Card,Completed,465.5,240
ORD0007166,28/04/2023,20230428,CUS01229,1,,Fawry,Completed,168,100
ORD0007441,28/04/2023,20230428,CUS00040,8,EMP0139,Debit Card,Completed,294.5,150
ORD0011625,28/04/2023,20230428,CUS01365,4,EMP0094,Vodafone Cash,Returned,1050,570
ORD0007647,28/04/2023,20230428,CUS01145,13,EMP0190,Debit Card,Completed,1620,830
ORD0003530,29/04/2023,20230429,CUS00508,12,EMP0183,InstaPay,Completed,2230,1450
ORD0001502,29/04/2023,20230429,CUS00945,5,,Vodafone Cash,Returned,26660,23690
ORD0010459,29/04/2023,20230429,CUS00210,15,EMP0214,  Vodafone Cash  ,Completed,1378,720
ORD0007884,29/04/2023,20230429,CUS00530,6,EMP0123,Fawry,Returned,437,220
ORD0009010,29/04/2023,20230429,CUS00666,15,EMP0208,InstaPay,Completed,556,280
ORD0004617,29/04/2023,20230429,CUS01954,3,EMP0061,Cash,Completed,135,70
ORD0010704,29/04/2023,20230429,CUS00906,5,EMP0107,Cash,Completed,952,490
ORD0008254,29/04/2023,20230429,CUS02941,13,EMP0189,Vodafone Cash,Completed,1961,1050
ORD0005725,29/04/2023,20230429,CUS01601,12,EMP0182,InstaPay,Completed,12234,12620
ORD0005020,29/04/2023,20230429,CUS02598,13,EMP0192,Vodafone Cash,Completed,3824,1940
ORD0001616,29/04/2023,20230429,CUS00445,3,EMP0064,Credit Card,Completed,560,260
ORD0010909,29/04/2023,20230429,CUS00458,12,EMP0182,Debit Card,Completed,270,140
ORD0000323,29/04/2023,20230429,CUS00551,10,EMP0160,Fawry,Completed,598.5,310
ORD0008293,29/04/2023,20230429,CUS02342,5,EMP0112,  InstaPay  ,Completed,5760,4390
ORD0008606,30/04/2023,20230430,CUS01516,10,EMP0163,InstaPay,Completed,414,220
ORD0001138,30/04/2023,20230430,CUS00737,3,EMP0063,Vodafone Cash,Completed,42380,35980
ORD0004406,30/04/2023,20230430,CUS02629,2,EMP0032,Cash,Completed,190,90
ORD0011986,30/04/2023,20230430,CUS01725,4,EMP0094,  Vodafone Cash  ,Completed,3046.5,1680
ORD0008833,30/04/2023,20230430,CUS00956,10,EMP0154,  Vodafone Cash  ,Completed,1818,940
ORD0006350,30/04/2023,20230430,CUS00483,12,EMP0182,  Fawry  ,Completed,210,100
ORD0011887,30/04/2023,20230430,CUS00330,4,EMP0091,Debit Card,Returned,319.5,180
ORD0004363,30/04/2023,20230430,CUS02193,5,EMP0110,Debit Card,Returned,223.5,110
ORD0008733,30/04/2023,20230430,CUS02402,3,EMP0057,Vodafone Cash,Completed,534,300
ORD0008756,30/04/2023,20230430,CUS01175,5,EMP0107,InstaPay,Completed,228,120
ORD0004329,01/05/2023,20230501,CUS01423,2,EMP0043,Fawry,Completed,475,240
ORD0009588,01/05/2023,20230501,CUS00850,10,EMP0153,Cash,Completed,2090,1040
ORD0006637,01/05/2023,20230501,CUS01879,14,EMP0195,Debit Card,Completed,1168,600
ORD0011292,01/05/2023,20230501,CUS02397,1,EMP0003,Debit Card,Completed,440,220
ORD0010776,01/05/2023,20230501,CUS00961,14,EMP0199,Fawry,Completed,1615,840
ORD0001335,01/05/2023,20230501,CUS00273,3,EMP0055,Vodafone Cash,Completed,1043,590
ORD0003513,01/05/2023,20230501,CUS00918,12,EMP0184,InstaPay,Completed,18657.5,16480
ORD0003208,01/05/2023,20230501,CUS00918,3,EMP0075,  Credit Card  ,Completed,1366,710
ORD0002148,01/05/2023,20230501,CUS01993,13,EMP0185,Credit Card,Completed,1339,680
ORD0011947,01/05/2023,20230501,CUS01605,1,EMP0013,Vodafone Cash,Completed,23983,18840
ORD0005849,01/05/2023,20230501,CUS00687,4,EMP0094,  InstaPay  ,Returned,851,420
ORD0001991,01/05/2023,20230501,CUS00709,15,EMP0215,Cash,Returned,4178,2110
ORD0011407,01/05/2023,20230501,CUS01381,1,EMP0021,InstaPay,Completed,425,240
ORD0011611,02/05/2023,20230502,CUS00643,4,EMP0088,Credit Card,Completed,2481,1260
ORD0011560,02/05/2023,20230502,CUS02414,1,EMP0014,InstaPay,Completed,14455,12020
ORD0006380,02/05/2023,20230502,CUS02710,3,EMP0075,Vodafone Cash,Completed,548,290
ORD0003607,02/05/2023,20230502,CUS01286,1,EMP0024,Credit Card,Completed,760,360
ORD0006051,02/05/2023,20230502,CUS00076,11,EMP0172,Debit Card,Completed,130,60
ORD0002074,02/05/2023,20230502,CUS02297,1,EMP0027,InstaPay,Completed,770,380
ORD0004304,02/05/2023,20230502,CUS00649,12,EMP0180,Debit Card,Completed,7110,6040
ORD0004149,02/05/2023,20230502,CUS00310,4,,Cash,Completed,152,80
ORD0004311,02/05/2023,20230502,CUS01543,14,EMP0197,Cash,Completed,170,80
ORD0006611,02/05/2023,20230502,CUS01790,8,EMP0144,Cash,Returned,1250,1020
ORD0001613,02/05/2023,20230502,CUS02931,5,EMP0100,Debit Card,Returned,714,480
ORD0007666,02/05/2023,20230502,CUS00804,2,EMP0029,Debit Card,Completed,17152.5,16740
ORD0001559,02/05/2023,20230502,CUS01981,14,EMP0203,Debit Card,Completed,9591,7440
ORD0003397,03/05/2023,20230503,CUS01903,5,EMP0102,Debit Card,Completed,760,360
ORD0010476,03/05/2023,20230503,CUS01880,1,EMP0021,Vodafone Cash,Completed,1470,720
ORD0003993,03/05/2023,20230503,CUS02427,2,EMP0045,Fawry,Completed,142.5,70
ORD0004664,03/05/2023,20230503,CUS01399,5,,Debit Card,Completed,19307,21410
ORD0001088,03/05/2023,20230503,CUS02051,6,EMP0114,  Debit Card  ,Completed,2268,1240
ORD0003241,03/05/2023,20230503,CUS02400,13,EMP0189,Credit Card,Completed,840,510
ORD0004223,03/05/2023,20230503,CUS01320,1,EMP0015,Vodafone Cash,Completed,171,90
ORD0002065,03/05/2023,20230503,CUS02485,9,,Fawry,Completed,1310,650
ORD0008300,03/05/2023,20230503,CUS02900,2,EMP0047,Vodafone Cash,Returned,5206,2590
ORD0007600,03/05/2023,20230503,CUS02425,4,EMP0080,Fawry,Completed,342,170
ORD0010901,03/05/2023,20230503,CUS00013,2,EMP0054,Debit Card,Completed,1344,720
ORD0005053,03/05/2023,20230503,CUS02129,14,EMP0199,Cash,Completed,237.5,120
ORD0007662,03/05/2023,20230503,CUS01536,1,EMP0024,Fawry,Completed,28770,24130
ORD0003237,04/05/2023,20230504,CUS00695,7,EMP0128,InstaPay,Completed,360,210
ORD0011273,04/05/2023,20230504,CUS01207,2,EMP0049,  Vodafone Cash  ,Completed,16740,14900
ORD0006977,04/05/2023,20230504,CUS01320,5,EMP0102,Credit Card,Completed,180.5,90
ORD0002721,04/05/2023,20230504,CUS02197,1,EMP0018,  Credit Card  ,Completed,1746,850
ORD0006028,04/05/2023,20230504,CUS02942,1,EMP0018,Cash,Completed,1017,510
ORD0005558,04/05/2023,20230504,CUS01351,6,EMP0120,  Fawry  ,Completed,800,400
ORD0007215,04/05/2023,20230504,CUS00528,13,EMP0192,  Credit Card  ,Completed,270,130
ORD0006283,04/05/2023,20230504,CUS00017,9,EMP0147,InstaPay,Completed,385,270
ORD0009315,04/05/2023,20230504,CUS02228,8,EMP0144,Credit Card,Completed,336,200
ORD0004700,04/05/2023,20230504,CUS01702,3,EMP0060,  Vodafone Cash  ,Completed,423,230
ORD0000290,04/05/2023,20230504,CUS00359,2,EMP0048,  InstaPay  ,Completed,60160,47860
ORD0005962,04/05/2023,20230504,CUS02666,5,EMP0095,Vodafone Cash,Completed,1460,770
ORD0002423,04/05/2023,20230504,CUS01700,15,,Fawry,Completed,3386,1830
ORD0006815,05/05/2023,20230505,CUS01336,14,EMP0201,Fawry,Completed,756.5,380
ORD0002726,05/05/2023,20230505,CUS01429,7,EMP0130,Credit Card,Completed,2881,1590
ORD0009820,05/05/2023,20230505,CUS01302,5,EMP0111,InstaPay,Completed,560,340
ORD0003514,05/05/2023,20230505,CUS02784,11,EMP0168,  Credit Card  ,Completed,1280,780
ORD0010844,05/05/2023,20230505,CUS01241,2,EMP0033,Fawry,Completed,680,390
ORD0005938,05/05/2023,20230505,CUS00066,13,EMP0192,Debit Card,Completed,2052,1670
ORD0011616,05/05/2023,20230505,CUS01781,12,EMP0174,Fawry,Completed,442,260
ORD0003366,05/05/2023,20230505,CUS01299,6,EMP0124,Cash,Completed,1143,610
ORD0009708,05/05/2023,20230505,CUS00304,11,EMP0165,Credit Card,Returned,756,380
ORD0010498,05/05/2023,20230505,CUS00322,1,EMP0013,Fawry,Completed,594,290
ORD0001533,05/05/2023,20230505,CUS00333,2,EMP0036,InstaPay,Completed,880,400
ORD0009417,06/05/2023,20230506,CUS00638,1,EMP0004,Cash,Completed,1650,860
ORD0011722,06/05/2023,20230506,CUS02809,1,,Cash,Completed,3165.5,1770
ORD0005331,06/05/2023,20230506,CUS02713,10,EMP0156,Credit Card,Completed,680,320
ORD0000197,06/05/2023,20230506,CUS00210,14,EMP0197,Vodafone Cash,Returned,504,300
ORD0008603,06/05/2023,20230506,CUS00826,14,EMP0194,Cash,Completed,208,120
ORD0011279,06/05/2023,20230506,CUS00163,11,EMP0168,Cash,Completed,5361,4180
ORD0001865,06/05/2023,20230506,CUS00838,3,EMP0055,Vodafone Cash,Completed,1151.5,560
ORD0007341,06/05/2023,20230506,CUS00530,1,EMP0004,Credit Card,Completed,170,80
ORD0006641,06/05/2023,20230506,CUS00953,5,EMP0102,  InstaPay  ,Completed,972,510
ORD0007784,06/05/2023,20230506,CUS01351,8,,Cash,Completed,260,130
ORD0006105,06/05/2023,20230506,CUS02544,1,EMP0025,  Fawry  ,Completed,230,110
ORD0000553,06/05/2023,20230506,CUS00125,6,,InstaPay,Completed,200,100
ORD0006217,07/05/2023,20230507,CUS01930,5,EMP0103,Debit Card,Completed,764,440
ORD0009285,07/05/2023,20230507,CUS00686,3,,Cash,Completed,189,100
ORD0000870,07/05/2023,20230507,CUS01072,1,EMP0007,  Cash  ,Completed,357,200
ORD0002634,07/05/2023,20230507,CUS00273,2,EMP0044,Credit Card,Completed,833,480
ORD0003995,07/05/2023,20230507,CUS00247,13,EMP0189,Vodafone Cash,Completed,562,300
ORD0005973,07/05/2023,20230507,CUS01699,3,EMP0056,Credit Card,Completed,1448,700
ORD0005444,07/05/2023,20230507,CUS00433,4,EMP0086,  InstaPay  ,Completed,729,400
ORD0011695,08/05/2023,20230508,CUS00911,2,EMP0044,  Vodafone Cash  ,Completed,722.5,420
ORD0002900,08/05/2023,20230508,CUS02756,5,EMP0095,Credit Card,Cancelled,885.5,480
ORD0008123,08/05/2023,20230508,CUS01078,3,EMP0055,Credit Card,Completed,15204,12080
ORD0003492,08/05/2023,20230508,CUS00190,3,EMP0056,Vodafone Cash,Completed,610,300
ORD0004883,08/05/2023,20230508,CUS01184,5,EMP0098,InstaPay,Completed,819,410
ORD0004760,08/05/2023,20230508,CUS00462,2,EMP0039,Vodafone Cash,Completed,800,700
ORD0005517,08/05/2023,20230508,CUS00697,14,EMP0198,Debit Card,Completed,6272,4960
ORD0004397,08/05/2023,20230508,CUS02069,2,EMP0045,Vodafone Cash,Completed,306,160
ORD0010404,08/05/2023,20230508,CUS00259,4,EMP0092,  Cash  ,Completed,150,80
ORD0010583,08/05/2023,20230508,CUS01298,2,EMP0034,Credit Card,Completed,180.5,90
ORD0005297,08/05/2023,20230508,CUS01418,6,EMP0123,Debit Card,Completed,734,370
ORD0003335,08/05/2023,20230508,CUS01518,2,EMP0052,InstaPay,Returned,266,140
ORD0006218,08/05/2023,20230508,CUS02939,13,EMP0193,InstaPay,Completed,720,380
ORD0001962,09/05/2023,20230509,CUS00297,2,EMP0042,Fawry,Returned,357,180
ORD0004554,09/05/2023,20230509,CUS01814,4,EMP0087,Debit Card,Completed,7168.5,5340
ORD0008479,09/05/2023,20230509,CUS01142,3,EMP0068,Vodafone Cash,Completed,255,160
ORD0006170,09/05/2023,20230509,CUS02676,3,EMP0065,  Fawry  ,Completed,270,150
ORD0006117,09/05/2023,20230509,CUS02155,6,,Cash,Completed,1664,1120
ORD0002116,09/05/2023,20230509,CUS01701,7,EMP0135,Cash,Completed,870,450
ORD0010898,09/05/2023,20230509,CUS00079,1,EMP0002,Cash,Completed,10981,8520
ORD0009986,09/05/2023,20230509,CUS02693,13,EMP0188,Credit Card,Returned,3326.5,1640
ORD0011566,09/05/2023,20230509,CUS01160,2,EMP0046,InstaPay,Completed,778,400
ORD0000438,10/05/2023,20230510,CUS02739,6,,Vodafone Cash,Completed,524,280
ORD0010029,10/05/2023,20230510,CUS02385,2,EMP0039,Debit Card,Completed,210,100
ORD0007904,10/05/2023,20230510,CUS02417,7,EMP0135,  Vodafone Cash  ,Cancelled,85.5,40
ORD0010773,10/05/2023,20230510,CUS00004,10,EMP0161,Credit Card,Completed,891.5,490
ORD0001943,10/05/2023,20230510,CUS02648,12,EMP0182,  InstaPay  ,Completed,150,70
ORD0010488,10/05/2023,20230510,CUS02273,8,EMP0138,Credit Card,Completed,3333,1860
ORD0001541,10/05/2023,20230510,CUS02598,2,EMP0054,  Cash  ,Completed,300,140
ORD0006162,10/05/2023,20230510,CUS01687,7,EMP0130,Debit Card,Completed,31849.5,27400
ORD0006150,11/05/2023,20230511,CUS01498,5,EMP0112,Fawry,Cancelled,24485.5,22200
ORD0004991,11/05/2023,20230511,CUS00641,7,EMP0127,Fawry,Returned,5756,5040
ORD0007241,11/05/2023,20230511,CUS02062,5,EMP0105,  Vodafone Cash  ,Completed,1391,1050
ORD0004663,11/05/2023,20230511,CUS02380,10,EMP0155,Cash,Cancelled,460,230
ORD0008144,11/05/2023,20230511,CUS01529,10,EMP0155,Fawry,Completed,304,140
ORD0002121,11/05/2023,20230511,CUS00128,3,,  InstaPay  ,Completed,1360,640
ORD0001021,11/05/2023,20230511,CUS01509,4,EMP0080,Cash,Returned,2360,1170
ORD0008167,11/05/2023,20230511,CUS01957,1,EMP0010,Fawry,Completed,2571,1910
ORD0005695,11/05/2023,20230511,CUS00091,5,EMP0097,Fawry,Completed,14950,13000
ORD0007104,11/05/2023,20230511,CUS01624,3,EMP0074,Cash,Returned,532,280
ORD0002981,11/05/2023,20230511,CUS01301,7,,Vodafone Cash,Completed,1645,820
ORD0008238,11/05/2023,20230511,CUS01033,12,EMP0181,Fawry,Completed,1254,640
ORD0005239,11/05/2023,20230511,CUS02694,7,EMP0130,InstaPay,Completed,170,80
ORD0003875,11/05/2023,20230511,CUS00777,12,EMP0176,Debit Card,Completed,160,70
ORD0006712,11/05/2023,20230511,CUS02602,12,EMP0174,Fawry,Completed,378,200
ORD0005618,11/05/2023,20230511,CUS00456,1,EMP0027,Debit Card,Completed,391.5,200
ORD0000864,11/05/2023,20230511,CUS00772,2,EMP0040,Fawry,Completed,17402,15260
ORD0004603,12/05/2023,20230512,CUS02722,6,,Credit Card,Completed,680,330
ORD0002789,12/05/2023,20230512,CUS02897,15,EMP0207,Cash,Completed,1437,790
ORD0008496,12/05/2023,20230512,CUS00208,5,EMP0096,  InstaPay  ,Completed,17861.5,18890
ORD0004749,12/05/2023,20230512,CUS00405,3,EMP0065,Vodafone Cash,Completed,440,200
ORD0007504,12/05/2023,20230512,CUS00065,3,EMP0078,Vodafone Cash,Completed,315,170
ORD0008869,12/05/2023,20230512,CUS02376,7,EMP0133,Credit Card,Returned,32213,26950
ORD0011246,12/05/2023,20230512,CUS01481,1,EMP0022,Debit Card,Completed,90,40
ORD0001703,12/05/2023,20230512,CUS02405,7,EMP0129,Vodafone Cash,Completed,80,40
ORD0004738,12/05/2023,20230512,CUS02640,2,EMP0048,Vodafone Cash,Completed,522.5,270
ORD0006631,12/05/2023,20230512,CUS00852,2,EMP0033,InstaPay,Completed,182,130
ORD0011937,12/05/2023,20230512,CUS01845,10,EMP0156,Debit Card,Completed,2282.5,1160
ORD0003077,13/05/2023,20230513,CUS00827,3,EMP0064,Debit Card,Returned,6689,5300
ORD0010911,13/05/2023,20230513,CUS02855,12,EMP0178,Credit Card,Cancelled,1793,940
ORD0010216,13/05/2023,20230513,CUS02881,4,EMP0082,Vodafone Cash,Completed,1133,630
ORD0006212,13/05/2023,20230513,CUS02319,14,EMP0202,Debit Card,Completed,1514,860
ORD0005822,13/05/2023,20230513,CUS00206,15,EMP0206,Debit Card,Completed,2210,2000
ORD0007891,13/05/2023,20230513,CUS01483,12,EMP0183,Credit Card,Completed,399.5,230
ORD0005048,13/05/2023,20230513,CUS02361,1,EMP0022,Vodafone Cash,Returned,567,300
ORD0007262,13/05/2023,20230513,CUS02577,8,EMP0139,Debit Card,Completed,179,110
ORD0003829,13/05/2023,20230513,CUS00026,8,EMP0137,Debit Card,Returned,1632,940
ORD0004457,13/05/2023,20230513,CUS00175,6,EMP0123,Vodafone Cash,Completed,2619,1320
ORD0009382,13/05/2023,20230513,CUS01276,6,EMP0115,Debit Card,Completed,1285,670
ORD0005001,13/05/2023,20230513,CUS02069,9,EMP0150,Vodafone Cash,Completed,5181.5,2620
ORD0002821,13/05/2023,20230513,CUS00318,12,EMP0174,Credit Card,Completed,642.5,330
ORD0010722,14/05/2023,20230514,CUS00238,10,EMP0154,InstaPay,Completed,810,450
ORD0008492,14/05/2023,20230514,CUS00752,3,,  Debit Card  ,Completed,190,90
ORD0007776,14/05/2023,20230514,CUS00327,1,EMP0015,  Cash  ,Completed,30300,24300
ORD0006382,14/05/2023,20230514,CUS01215,3,EMP0071,  Vodafone Cash  ,Cancelled,678,380
ORD0003424,14/05/2023,20230514,CUS01641,2,EMP0046,Vodafone Cash,Completed,13063.5,10730
ORD0000821,14/05/2023,20230514,CUS02289,3,EMP0077,  Cash  ,Completed,868,440
ORD0004531,14/05/2023,20230514,CUS02780,1,EMP0005,  Fawry  ,Completed,500,240
ORD0007847,14/05/2023,20230514,CUS02638,6,EMP0113,  Fawry  ,Completed,36701,32040
ORD0007614,14/05/2023,20230514,CUS01925,3,,Fawry,Completed,18137,16320
ORD0000037,14/05/2023,20230514,CUS01861,4,EMP0090,Credit Card,Completed,210,110
ORD0005837,15/05/2023,20230515,CUS01710,5,EMP0096,Cash,Completed,1372.5,660
ORD0000837,15/05/2023,20230515,CUS00511,14,EMP0198,Fawry,Completed,12200,10740
ORD0006934,15/05/2023,20230515,CUS02687,1,EMP0024,InstaPay,Completed,800,340
ORD0001024,15/05/2023,20230515,CUS01676,11,EMP0164,Debit Card,Completed,14782,13000
ORD0004096,15/05/2023,20230515,CUS01685,6,EMP0120,  Debit Card  ,Completed,1368,840
ORD0000694,15/05/2023,20230515,CUS01516,2,EMP0053,InstaPay,Completed,2281.5,1110
ORD0008135,15/05/2023,20230515,CUS00113,6,,InstaPay,Completed,639,350
ORD0009780,16/05/2023,20230516,CUS01059,5,EMP0095,Fawry,Completed,1542,780
ORD0007296,16/05/2023,20230516,CUS01443,15,EMP0213,Debit Card,Completed,1120,700
ORD0001624,16/05/2023,20230516,CUS00887,8,EMP0144,InstaPay,Cancelled,840,440
ORD0007054,16/05/2023,20230516,CUS00046,4,EMP0083,  Fawry  ,Completed,746.5,410
ORD0010873,16/05/2023,20230516,CUS00560,7,EMP0136,Vodafone Cash,Completed,760,350
ORD0010851,16/05/2023,20230516,CUS02642,2,EMP0041,Credit Card,Completed,270,130
ORD0001392,16/05/2023,20230516,CUS00592,5,EMP0100,Credit Card,Completed,540,270
ORD0006678,16/05/2023,20230516,CUS01603,1,EMP0012,Cash,Returned,1554,790
ORD0010989,16/05/2023,20230516,CUS01148,1,EMP0011,Cash,Cancelled,240,110
ORD0002388,16/05/2023,20230516,CUS01222,14,EMP0200,Debit Card,Completed,465,230
ORD0001706,17/05/2023,20230517,CUS00189,4,EMP0091,  Vodafone Cash  ,Completed,2265,1120
ORD0005737,17/05/2023,20230517,CUS01060,4,EMP0083,Vodafone Cash,Completed,3544,1810
ORD0001881,17/05/2023,20230517,CUS02803,2,EMP0030,  InstaPay  ,Completed,540,280
ORD0010114,17/05/2023,20230517,CUS00583,4,EMP0090,InstaPay,Cancelled,997.5,510
ORD0002096,17/05/2023,20230517,CUS02537,4,EMP0092,Credit Card,Completed,2805,1510
ORD0002510,17/05/2023,20230517,CUS01888,4,EMP0094,Vodafone Cash,Completed,26829.5,22530
ORD0009237,17/05/2023,20230517,CUS00785,10,EMP0156,InstaPay,Completed,1294,1050
ORD0011837,17/05/2023,20230517,CUS02182,4,EMP0080,Cash,Returned,720,360
ORD0009787,17/05/2023,20230517,CUS01145,1,EMP0023,Cash,Completed,886,440
ORD0008245,18/05/2023,20230518,CUS01971,2,EMP0052,InstaPay,Completed,210,120
ORD0005290,18/05/2023,20230518,CUS00335,5,EMP0098,Cash,Completed,565,330
ORD0010680,18/05/2023,20230518,CUS01837,3,EMP0070,Cash,Completed,1452,860
ORD0004505,18/05/2023,20230518,CUS02883,6,EMP0124,Cash,Completed,893,460
ORD0003849,18/05/2023,20230518,CUS00468,6,EMP0126,Fawry,Completed,1171,590
ORD0006450,18/05/2023,20230518,CUS02275,3,EMP0071,InstaPay,Completed,1982,1330
ORD0002411,18/05/2023,20230518,CUS02393,8,EMP0138,  Vodafone Cash  ,Completed,1337,680
ORD0005043,18/05/2023,20230518,CUS02523,1,EMP0008,Vodafone Cash,Completed,733,410
ORD0003763,18/05/2023,20230518,CUS02488,2,EMP0035,InstaPay,Completed,1224,680
ORD0003130,18/05/2023,20230518,CUS02824,3,EMP0071,  Debit Card  ,Completed,471,220
ORD0003743,18/05/2023,20230518,CUS01540,6,EMP0123,Debit Card,Completed,1107,560
ORD0000053,18/05/2023,20230518,CUS00939,3,EMP0066,  Credit Card  ,Returned,5767.5,4940
ORD0011864,19/05/2023,20230519,CUS02227,8,,Credit Card,Completed,950,500
ORD0002602,19/05/2023,20230519,CUS02334,3,EMP0071,Credit Card,Completed,422.5,210
ORD0007508,19/05/2023,20230519,CUS02856,5,,Credit Card,Completed,680,320
ORD0000289,19/05/2023,20230519,CUS01376,13,EMP0193,Cash,Completed,1604,860
ORD0008635,19/05/2023,20230519,CUS02319,3,EMP0065,Debit Card,Completed,924,450
ORD0011220,19/05/2023,20230519,CUS00079,5,EMP0097,Fawry,Cancelled,1923,1000
ORD0002049,19/05/2023,20230519,CUS02528,3,EMP0066,Credit Card,Returned,779,400
ORD0001304,19/05/2023,20230519,CUS02680,6,EMP0114,Vodafone Cash,Completed,1242,720
ORD0003988,20/05/2023,20230520,CUS01130,4,EMP0088,Vodafone Cash,Completed,6391,5320
ORD0008764,20/05/2023,20230520,CUS00230,2,EMP0045,Cash,Completed,180,80
ORD0002687,20/05/2023,20230520,CUS01789,5,EMP0110,Fawry,Completed,792,400
ORD0004802,20/05/2023,20230520,CUS01289,1,EMP0015,Vodafone Cash,Returned,579.5,300
ORD0000884,20/05/2023,20230520,CUS02276,2,EMP0037,Debit Card,Completed,442,250
ORD0011650,20/05/2023,20230520,CUS02349,5,EMP0101,Credit Card,Cancelled,279,150
ORD0010069,20/05/2023,20230520,CUS01164,13,EMP0187,InstaPay,Returned,28620,25400
ORD0008011,20/05/2023,20230520,CUS02424,5,EMP0106,Credit Card,Completed,1795.5,930
ORD0005828,20/05/2023,20230520,CUS01676,3,EMP0057,Fawry,Returned,12540,10600
ORD0011940,20/05/2023,20230520,CUS02209,10,EMP0159,Fawry,Completed,895.5,490
ORD0006093,20/05/2023,20230520,CUS02994,5,EMP0107,Vodafone Cash,Completed,11116,8810
ORD0005439,20/05/2023,20230520,CUS00829,7,EMP0132,Cash,Completed,142.5,70
ORD0005808,21/05/2023,20230521,CUS01903,10,EMP0153,Cash,Completed,450,200
ORD0007933,21/05/2023,20230521,CUS00355,2,EMP0036,Credit Card,Completed,1032,630
ORD0000262,21/05/2023,20230521,CUS01811,5,EMP0104,Debit Card,Completed,1898,990
ORD0004997,21/05/2023,20230521,CUS02174,2,EMP0046,  Fawry  ,Completed,15672,15640
ORD0011372,21/05/2023,20230521,CUS01086,8,EMP0137,Credit Card,Completed,108,60
ORD0006586,21/05/2023,20230521,CUS01658,11,EMP0170,Debit Card,Completed,876.5,530
ORD0005754,21/05/2023,20230521,CUS00339,2,EMP0041,Cash,Completed,31940,25470
ORD0006227,21/05/2023,20230521,CUS01289,4,EMP0086,Vodafone Cash,Completed,160,80
ORD0006531,21/05/2023,20230521,CUS02045,1,EMP0024,Credit Card,Completed,1813.5,900
ORD0009704,21/05/2023,20230521,CUS01259,9,EMP0145,  Fawry  ,Cancelled,913,480
ORD0011020,21/05/2023,20230521,CUS02404,2,EMP0043,Credit Card,Completed,456,210
ORD0010970,22/05/2023,20230522,CUS00049,5,EMP0099,Fawry,Returned,3200,2400
ORD0010399,22/05/2023,20230522,CUS00425,1,EMP0025,Cash,Completed,25752,20670
ORD0001473,22/05/2023,20230522,CUS00476,2,EMP0029,  Vodafone Cash  ,Cancelled,3855.5,1980
ORD0004098,22/05/2023,20230522,CUS00883,1,EMP0027,Fawry,Completed,620,300
ORD0003375,22/05/2023,20230522,CUS00416,2,EMP0054,Debit Card,Completed,1695.5,970
ORD0011079,22/05/2023,20230522,CUS00631,3,EMP0061,Fawry,Returned,963.5,570
ORD0004197,22/05/2023,20230522,CUS01451,1,EMP0010,Vodafone Cash,Completed,43289,40160
ORD0004392,22/05/2023,20230522,CUS00576,1,EMP0027,Fawry,Completed,11920,11900
ORD0006132,23/05/2023,20230523,CUS02282,10,EMP0152,Cash,Completed,1196,580
ORD0001935,23/05/2023,20230523,CUS01173,5,EMP0098,  Cash  ,Cancelled,120,60
ORD0009204,23/05/2023,20230523,CUS01149,10,EMP0157,Vodafone Cash,Completed,1799.5,910
ORD0001926,23/05/2023,20230523,CUS01471,2,EMP0035,  Cash  ,Cancelled,4176,3010
ORD0001719,23/05/2023,20230523,CUS02342,4,EMP0090,Debit Card,Completed,919.5,490
ORD0007285,23/05/2023,20230523,CUS01231,1,EMP0010,InstaPay,Cancelled,1575.5,820
ORD0005959,23/05/2023,20230523,CUS00123,6,EMP0126,Debit Card,Completed,391,220
ORD0008929,23/05/2023,20230523,CUS00594,4,EMP0094,Fawry,Completed,10060,10670
ORD0005772,23/05/2023,20230523,CUS02444,2,EMP0037,InstaPay,Completed,14745,15200
ORD0011573,23/05/2023,20230523,CUS02456,5,EMP0099,InstaPay,Returned,6336,5480
ORD0009905,23/05/2023,20230523,CUS01724,12,EMP0180,Credit Card,Returned,468,240
ORD0008812,23/05/2023,20230523,CUS00468,14,EMP0201,Cash,Completed,597.5,300
ORD0010230,24/05/2023,20230524,CUS00329,3,EMP0068,InstaPay,Completed,960,460
ORD0006026,24/05/2023,20230524,CUS02088,3,EMP0056,Debit Card,Completed,706.5,350
ORD0002310,24/05/2023,20230524,CUS00629,13,EMP0189,Vodafone Cash,Completed,1640,1370
ORD0010191,24/05/2023,20230524,CUS00183,11,EMP0166,  Credit Card  ,Completed,427.5,220
ORD0010644,24/05/2023,20230524,CUS00992,6,EMP0115,Debit Card,Returned,6147,4830
ORD0005532,24/05/2023,20230524,CUS02033,1,EMP0013,Debit Card,Completed,722,370
ORD0000715,24/05/2023,20230524,CUS01646,15,EMP0211,Vodafone Cash,Completed,2318,1200
ORD0000159,25/05/2023,20230525,CUS02421,11,EMP0164,Vodafone Cash,Completed,1927.5,1050
ORD0008337,25/05/2023,20230525,CUS01039,3,EMP0070,Cash,Cancelled,210,130
ORD0003124,25/05/2023,20230525,CUS00995,15,EMP0209,Cash,Completed,1566,810
ORD0008334,25/05/2023,20230525,CUS01655,9,EMP0146,Debit Card,Completed,44100,35400
ORD0009365,25/05/2023,20230525,CUS00570,6,EMP0117,  InstaPay  ,Completed,2268,1100
ORD0007853,25/05/2023,20230525,CUS02310,7,EMP0129,Cash,Completed,9324.5,8350
ORD0000033,25/05/2023,20230525,CUS02633,10,EMP0161,Debit Card,Completed,765,450
ORD0003338,25/05/2023,20230525,CUS01880,2,EMP0030,Fawry,Completed,64,40
ORD0005818,25/05/2023,20230525,CUS00620,3,EMP0077,Fawry,Completed,2772,1450
ORD0009404,25/05/2023,20230525,CUS00509,3,EMP0066,  Cash  ,Completed,135,70
ORD0008501,25/05/2023,20230525,CUS01102,3,EMP0059,Debit Card,Completed,243,130
ORD0002345,25/05/2023,20230525,CUS02921,14,EMP0200,  Fawry  ,Completed,1369.5,700
ORD0003804,25/05/2023,20230525,CUS02861,4,EMP0079,Credit Card,Completed,780,390
ORD0004480,25/05/2023,20230525,CUS01897,4,EMP0087,Fawry,Completed,2806.5,1570
ORD0009219,25/05/2023,20230525,CUS02318,1,EMP0015,Fawry,Returned,844.5,450
ORD0011908,25/05/2023,20230525,CUS00228,5,,Vodafone Cash,Completed,12983,10210
ORD0009595,26/05/2023,20230526,CUS01148,1,EMP0024,  Vodafone Cash  ,Completed,230,110
ORD0007919,26/05/2023,20230526,CUS02682,6,EMP0120,Cash,Completed,752,400
ORD0003195,26/05/2023,20230526,CUS00972,8,EMP0139,InstaPay,Completed,864,520
ORD0008815,26/05/2023,20230526,CUS00331,2,EMP0054,  Fawry  ,Completed,11979.5,11000
ORD0008887,26/05/2023,20230526,CUS00256,2,EMP0037,InstaPay,Completed,792,420
ORD0004671,26/05/2023,20230526,CUS02141,10,EMP0159,Credit Card,Completed,117,60
ORD0007021,26/05/2023,20230526,CUS00971,2,EMP0045,Fawry,Completed,1555.5,730
ORD0002831,26/05/2023,20230526,CUS01061,15,EMP0206,Cash,Completed,1370,920
ORD0010535,26/05/2023,20230526,CUS02254,4,EMP0079,InstaPay,Completed,2940,1550
ORD0010467,26/05/2023,20230526,CUS00952,5,EMP0108,Vodafone Cash,Completed,11220.5,9160
ORD0010820,26/05/2023,20230526,CUS00557,1,EMP0016,  Credit Card  ,Completed,1952,1080
ORD0007540,26/05/2023,20230526,CUS01174,5,EMP0097,Credit Card,Completed,880,410
ORD0011151,27/05/2023,20230527,CUS02227,7,EMP0135,Vodafone Cash,Completed,1500,730
ORD0005135,27/05/2023,20230527,CUS01763,8,EMP0139,Vodafone Cash,Completed,2489,1280
ORD0000965,27/05/2023,20230527,CUS00697,1,EMP0021,Debit Card,Completed,6564.5,5120
ORD0007539,27/05/2023,20230527,CUS02287,6,EMP0115,  Credit Card  ,Completed,396,200
ORD0010481,27/05/2023,20230527,CUS00362,8,EMP0138,Cash,Completed,1247,610
ORD0010907,27/05/2023,20230527,CUS02145,13,EMP0188,InstaPay,Completed,344,210
ORD0002734,27/05/2023,20230527,CUS01516,5,,Vodafone Cash,Completed,1241,630
ORD0004128,27/05/2023,20230527,CUS02116,3,EMP0063,InstaPay,Completed,803,430
ORD0001722,27/05/2023,20230527,CUS00997,1,EMP0005,InstaPay,Completed,357,200
ORD0006075,27/05/2023,20230527,CUS02435,3,EMP0077,Debit Card,Completed,408,210
ORD0001641,27/05/2023,20230527,CUS02240,14,EMP0200,  Cash  ,Completed,481.5,300
ORD0009064,28/05/2023,20230528,CUS02100,7,EMP0132,Credit Card,Completed,830,410
ORD0010590,28/05/2023,20230528,CUS01489,2,EMP0053,Fawry,Completed,623,430
ORD0004877,28/05/2023,20230528,CUS01583,7,EMP0130,Credit Card,Completed,1900,950
ORD0011379,28/05/2023,20230528,CUS02425,3,EMP0056,Vodafone Cash,Completed,421,240
ORD0008021,28/05/2023,20230528,CUS00979,8,EMP0140,Debit Card,Completed,280,170
ORD0011978,28/05/2023,20230528,CUS01239,2,EMP0033,InstaPay,Completed,603,330
ORD0011809,28/05/2023,20230528,CUS01659,7,EMP0129,  Fawry  ,Cancelled,8223,6020
ORD0006870,28/05/2023,20230528,CUS00731,2,EMP0039,Vodafone Cash,Completed,1251.5,650
ORD0010573,28/05/2023,20230528,CUS02449,14,EMP0202,  Vodafone Cash  ,Completed,585,310
ORD0011737,28/05/2023,20230528,CUS00116,1,EMP0012,Cash,Completed,1020,500
ORD0005025,28/05/2023,20230528,CUS02953,2,EMP0042,Debit Card,Completed,2040,1000
ORD0006402,28/05/2023,20230528,CUS01218,3,EMP0070,Fawry,Returned,1326.5,720
ORD0003977,29/05/2023,20230529,CUS01307,10,EMP0155,Credit Card,Completed,2336,1140
ORD0006550,29/05/2023,20230529,CUS01959,14,EMP0201,Cash,Completed,1868,980
ORD0004143,29/05/2023,20230529,CUS02400,10,,Debit Card,Completed,602,420
ORD0009103,29/05/2023,20230529,CUS00312,15,EMP0212,Cash,Completed,1807,980
ORD0000269,29/05/2023,20230529,CUS02669,7,EMP0127,  Credit Card  ,Completed,240,140
ORD0000407,29/05/2023,20230529,CUS02196,12,EMP0180,Cash,Completed,233,140
ORD0001263,29/05/2023,20230529,CUS01292,4,EMP0090,  Cash  ,Completed,480,230
ORD0006801,29/05/2023,20230529,CUS02300,10,,Fawry,Completed,10080,8900
ORD0005728,29/05/2023,20230529,CUS02046,2,EMP0047,Debit Card,Completed,1807.5,960
ORD0007729,29/05/2023,20230529,CUS01433,2,EMP0034,  Cash  ,Completed,1161,620
ORD0006650,29/05/2023,20230529,CUS02686,2,EMP0040,  Debit Card  ,Completed,650,320
ORD0008792,29/05/2023,20230529,CUS00811,1,EMP0023,Fawry,Completed,314.5,180
ORD0007972,29/05/2023,20230529,CUS02306,14,EMP0196,Debit Card,Completed,171,90
ORD0002570,30/05/2023,20230530,CUS01072,15,EMP0208,Credit Card,Completed,2964,1520
ORD0011876,30/05/2023,20230530,CUS00340,6,EMP0123,Fawry,Completed,25838,20100
ORD0010594,30/05/2023,20230530,CUS00830,12,EMP0176,Debit Card,Completed,326.5,170
ORD0000052,30/05/2023,20230530,CUS00890,5,EMP0108,Cash,Returned,2000,1600
ORD0006741,30/05/2023,20230530,CUS00981,1,EMP0023,InstaPay,Completed,672,360
ORD0010730,30/05/2023,20230530,CUS00349,2,EMP0034,InstaPay,Completed,1026,540
ORD0003086,30/05/2023,20230530,CUS00910,4,EMP0083,Credit Card,Completed,180,80
ORD0002874,30/05/2023,20230530,CUS02611,11,EMP0172,  Debit Card  ,Completed,13550,11970
ORD0002644,30/05/2023,20230530,CUS02351,3,EMP0060,Vodafone Cash,Completed,1009.5,530
ORD0005972,30/05/2023,20230530,CUS00550,6,EMP0123,  Debit Card  ,Completed,1064.5,550
ORD0001460,30/05/2023,20230530,CUS02199,5,EMP0106,  Fawry  ,Completed,610,300
ORD0004635,30/05/2023,20230530,CUS02663,7,EMP0129,Cash,Completed,117,60
ORD0006800,30/05/2023,20230530,CUS02481,13,EMP0193,Fawry,Returned,1394,890
ORD0002404,30/05/2023,20230530,CUS02577,2,EMP0037,Debit Card,Completed,690,340
ORD0004338,30/05/2023,20230530,CUS01718,3,EMP0055,InstaPay,Completed,1400,1000
ORD0000572,30/05/2023,20230530,CUS02352,5,EMP0097,Fawry,Completed,1410,670
ORD0006544,30/05/2023,20230530,CUS00194,4,EMP0080,  Fawry  ,Completed,255,140
ORD0006994,31/05/2023,20230531,CUS02895,11,EMP0172,Cash,Completed,380,180
ORD0003172,31/05/2023,20230531,CUS01505,7,EMP0134,Cash,Completed,1203.5,720
ORD0002501,31/05/2023,20230531,CUS01537,5,EMP0112,  Credit Card  ,Completed,95,40
ORD0001176,31/05/2023,20230531,CUS02191,15,EMP0215,Debit Card,Completed,1890,920
ORD0011919,01/06/2023,20230601,CUS02928,9,EMP0146,Credit Card,Completed,6268,5590
ORD0003342,01/06/2023,20230601,CUS02433,7,EMP0134,Credit Card,Completed,13930,10960
ORD0001221,01/06/2023,20230601,CUS00958,3,EMP0059,  InstaPay  ,Completed,2538,1380
ORD0008138,01/06/2023,20230601,CUS01404,13,EMP0187,Credit Card,Completed,200,100
ORD0011190,01/06/2023,20230601,CUS01220,7,EMP0135,  Vodafone Cash  ,Completed,1900,910
ORD0006889,01/06/2023,20230601,CUS02531,2,EMP0031,  Vodafone Cash  ,Completed,172.5,110
ORD0007154,01/06/2023,20230601,CUS01332,1,EMP0015,Debit Card,Completed,16174,14740
ORD0010688,01/06/2023,20230601,CUS01832,15,EMP0215,  Vodafone Cash  ,Completed,705,360
ORD0005785,01/06/2023,20230601,CUS02869,6,EMP0121,InstaPay,Completed,425,240
ORD0007950,02/06/2023,20230602,CUS01646,15,EMP0216,Vodafone Cash,Completed,1164,720
ORD0003026,02/06/2023,20230602,CUS00443,2,EMP0040,Fawry,Completed,15585,12290
ORD0007876,02/06/2023,20230602,CUS00706,3,,InstaPay,Completed,468,250
ORD0007681,02/06/2023,20230602,CUS02831,5,EMP0098,Debit Card,Completed,1064,560
ORD0005462,02/06/2023,20230602,CUS01601,13,EMP0185,Vodafone Cash,Completed,361.5,200
ORD0010809,02/06/2023,20230602,CUS02613,3,EMP0061,Fawry,Completed,423,230
ORD0001426,02/06/2023,20230602,CUS01267,4,EMP0090,InstaPay,Completed,16907,13480
ORD0004175,02/06/2023,20230602,CUS00656,1,EMP0020,  Credit Card  ,Returned,750,380
ORD0008001,02/06/2023,20230602,CUS00551,5,EMP0109,  InstaPay  ,Completed,30000,24000
ORD0011587,02/06/2023,20230602,CUS02236,15,EMP0214,Cash,Completed,490,240
ORD0004195,02/06/2023,20230602,CUS01927,11,EMP0172,Vodafone Cash,Completed,1767,900
ORD0005709,02/06/2023,20230602,CUS01411,1,EMP0009,InstaPay,Completed,1330,740
ORD0011745,03/06/2023,20230603,CUS00369,1,EMP0004,  Fawry  ,Completed,2385,1280
ORD0001183,03/06/2023,20230603,CUS00377,8,EMP0144,Credit Card,Completed,939,470
ORD0003427,03/06/2023,20230603,CUS01414,14,EMP0199,Vodafone Cash,Completed,152,70
ORD0008905,03/06/2023,20230603,CUS00012,8,EMP0140,Credit Card,Completed,742,360
ORD0008546,03/06/2023,20230603,CUS02419,4,EMP0080,  Fawry  ,Completed,642,340
ORD0007741,03/06/2023,20230603,CUS00259,2,EMP0036,Fawry,Completed,1260,660
ORD0005565,03/06/2023,20230603,CUS01191,5,EMP0111,Debit Card,Completed,600,500
ORD0008139,03/06/2023,20230603,CUS02535,8,EMP0140,Vodafone Cash,Completed,3760,2960
ORD0009298,03/06/2023,20230603,CUS02261,6,EMP0125,  Fawry  ,Completed,135,70
ORD0009132,04/06/2023,20230604,CUS02324,3,EMP0075,InstaPay,Completed,1620,800
ORD0006584,04/06/2023,20230604,CUS02465,1,EMP0017,Debit Card,Completed,513,240
ORD0009993,04/06/2023,20230604,CUS02755,1,EMP0014,  Credit Card  ,Completed,1860,930
ORD0002974,04/06/2023,20230604,CUS02919,12,EMP0174,Fawry,Completed,199.5,100
ORD0000977,04/06/2023,20230604,CUS01589,3,EMP0066,Fawry,Completed,31088,24450
ORD0005830,05/06/2023,20230605,CUS01674,2,EMP0035,Fawry,Returned,2528,1390
ORD0001320,05/06/2023,20230605,CUS01383,5,EMP0098,Credit Card,Completed,370,180
ORD0000293,05/06/2023,20230605,CUS00640,4,EMP0090,Vodafone Cash,Completed,821,430
ORD0004248,05/06/2023,20230605,CUS01941,12,EMP0175,InstaPay,Returned,2232,1080
ORD0008234,05/06/2023,20230605,CUS01201,7,EMP0136,InstaPay,Returned,2976,1930
ORD0010460,05/06/2023,20230605,CUS02584,3,EMP0075,Fawry,Completed,29280,29400
ORD0005522,05/06/2023,20230605,CUS00549,4,EMP0089,  Vodafone Cash  ,Completed,4893,2650
ORD0000770,05/06/2023,20230605,CUS02833,1,EMP0001,Debit Card,Completed,2536,1440
ORD0003149,06/06/2023,20230606,CUS00347,7,EMP0133,Vodafone Cash,Completed,8623.5,7700
ORD0001787,06/06/2023,20230606,CUS01962,12,EMP0176,Credit Card,Completed,133,60
ORD0005930,06/06/2023,20230606,CUS01940,15,EMP0207,Debit Card,Completed,396,200
ORD0007885,06/06/2023,20230606,CUS00180,5,EMP0102,  InstaPay  ,Completed,25397,19820
ORD0000917,06/06/2023,20230606,CUS01028,9,EMP0148,Debit Card,Completed,640,320
ORD0007727,06/06/2023,20230606,CUS01559,3,EMP0066,InstaPay,Completed,2422.5,1260
ORD0011301,06/06/2023,20230606,CUS02209,2,EMP0035,Vodafone Cash,Completed,1120,570
ORD0009252,06/06/2023,20230606,CUS02382,10,EMP0159,Credit Card,Completed,320,150
ORD0007229,06/06/2023,20230606,CUS00617,2,EMP0047,  Debit Card  ,Completed,199.5,100
ORD0011038,06/06/2023,20230606,CUS02637,4,EMP0083,Credit Card,Completed,11186,10460
ORD0006743,06/06/2023,20230606,CUS00380,12,EMP0181,InstaPay,Completed,630,310
ORD0004423,07/06/2023,20230607,CUS01991,4,EMP0088,InstaPay,Returned,228,110
ORD0010060,07/06/2023,20230607,CUS00457,3,EMP0065,Vodafone Cash,Returned,150,70
ORD0003627,07/06/2023,20230607,CUS02974,11,EMP0173,Vodafone Cash,Completed,741,390
ORD0008939,07/06/2023,20230607,CUS00026,1,EMP0001,InstaPay,Completed,1140,600
ORD0008029,07/06/2023,20230607,CUS02242,11,EMP0169,Debit Card,Returned,1386,690
ORD0001505,08/06/2023,20230608,CUS02728,5,EMP0104,Cash,Completed,414,200
ORD0009998,08/06/2023,20230608,CUS02526,12,EMP0184,InstaPay,Completed,2360,1340
ORD0005844,08/06/2023,20230608,CUS00168,12,EMP0181,  InstaPay  ,Completed,3616,1880
ORD0004567,08/06/2023,20230608,CUS00338,13,EMP0188,Debit Card,Completed,272,140
ORD0007730,08/06/2023,20230608,CUS00594,7,EMP0134,Cash,Completed,228,120
ORD0011435,08/06/2023,20230608,CUS01867,13,EMP0185,Debit Card,Completed,194,100
ORD0006114,08/06/2023,20230608,CUS02259,4,EMP0082,InstaPay,Completed,418,220
ORD0009855,08/06/2023,20230608,CUS00671,3,EMP0055,Debit Card,Completed,1507.5,970
ORD0010579,08/06/2023,20230608,CUS00762,14,EMP0203,Cash,Completed,1073.5,560
ORD0004646,08/06/2023,20230608,CUS01174,8,EMP0142,Credit Card,Completed,29405,23950
ORD0000132,08/06/2023,20230608,CUS00055,11,EMP0164,Fawry,Completed,260,130
ORD0010745,08/06/2023,20230608,CUS01199,1,EMP0024,Fawry,Completed,2434,1230
ORD0011241,08/06/2023,20230608,CUS01996,11,EMP0173,Cash,Completed,4690,4090
ORD0000874,08/06/2023,20230608,CUS00473,11,EMP0169,Cash,Completed,2401,1180
ORD0004778,09/06/2023,20230609,CUS02991,11,EMP0172,  InstaPay  ,Cancelled,1078,760
ORD0011801,09/06/2023,20230609,CUS00574,14,EMP0200,  Vodafone Cash  ,Completed,1236,630
ORD0004019,09/06/2023,20230609,CUS01755,3,EMP0070,Vodafone Cash,Completed,2148,1240
ORD0008556,09/06/2023,20230609,CUS02211,6,EMP0118,  InstaPay  ,Returned,512,300
ORD0001324,09/06/2023,20230609,CUS02216,5,EMP0101,Fawry,Completed,13174,10440
ORD0002139,09/06/2023,20230609,CUS01535,8,,Debit Card,Completed,356,160
ORD0011276,09/06/2023,20230609,CUS00477,2,EMP0047,Debit Card,Completed,3215,2440
ORD0011998,09/06/2023,20230609,CUS01846,1,EMP0007,Fawry,Completed,298,150
ORD0011413,09/06/2023,20230609,CUS00486,6,EMP0118,Cash,Completed,4622.5,3130
ORD0006512,09/06/2023,20230609,CUS00227,5,EMP0108,Credit Card,Completed,360,160
ORD0004746,09/06/2023,20230609,CUS02653,6,EMP0125,Debit Card,Completed,12272,10360
ORD0005285,09/06/2023,20230609,CUS02836,6,EMP0123,Cash,Completed,414,220
ORD0005386,10/06/2023,20230610,CUS02039,5,EMP0104,Credit Card,Completed,3370,1760
ORD0002308,10/06/2023,20230610,CUS01100,4,EMP0088,  InstaPay  ,Completed,200,90
ORD0011209,10/06/2023,20230610,CUS02590,13,EMP0186,Fawry,Completed,668,380
ORD0005259,10/06/2023,20230610,CUS02432,6,EMP0117,Vodafone Cash,Completed,2714,1470
ORD0008106,10/06/2023,20230610,CUS01257,1,EMP0014,Vodafone Cash,Completed,720,400
ORD0007655,10/06/2023,20230610,CUS01695,3,EMP0066,Debit Card,Completed,272,160
ORD0000807,10/06/2023,20230610,CUS00133,4,EMP0079,Credit Card,Completed,686,340
ORD0008114,10/06/2023,20230610,CUS01879,4,EMP0086,Fawry,Completed,860,420
ORD0002748,10/06/2023,20230610,CUS02602,15,EMP0211,Debit Card,Completed,540,250
ORD0011558,10/06/2023,20230610,CUS00172,5,EMP0095,  Fawry  ,Completed,270,140
ORD0011803,10/06/2023,20230610,CUS01678,14,EMP0194,Cash,Completed,560,280
ORD0004519,11/06/2023,20230611,CUS02988,10,EMP0162,Fawry,Returned,1271.5,590
ORD0003320,11/06/2023,20230611,CUS01171,1,EMP0010,  Cash  ,Completed,1980,990
ORD0001745,11/06/2023,20230611,CUS01613,2,EMP0051,InstaPay,Returned,142.5,70
ORD0007278,11/06/2023,20230611,CUS02971,11,,Cash,Completed,17036.5,15520
ORD0005110,11/06/2023,20230611,CUS00550,10,EMP0152,  Debit Card  ,Completed,248,150
ORD0006134,11/06/2023,20230611,CUS01280,3,EMP0065,Credit Card,Completed,476,230
ORD0010318,11/06/2023,20230611,CUS01964,5,EMP0112,Debit Card,Completed,1202,600
ORD0004377,11/06/2023,20230611,CUS00846,5,EMP0106,Cash,Completed,1011.5,510
ORD0001396,11/06/2023,20230611,CUS00948,12,EMP0178,Fawry,Completed,2010,1030
ORD0003655,11/06/2023,20230611,CUS02366,2,EMP0044,  Debit Card  ,Completed,37471.5,30820
ORD0003633,12/06/2023,20230612,CUS00701,7,EMP0133,InstaPay,Completed,905,450
ORD0006145,12/06/2023,20230612,CUS02495,9,EMP0149,Cash,Completed,16055,13500
ORD0002886,12/06/2023,20230612,CUS02237,5,EMP0109,Vodafone Cash,Completed,1335,710
ORD0007991,12/06/2023,20230612,CUS02953,7,EMP0131,Vodafone Cash,Completed,765,380
ORD0000734,12/06/2023,20230612,CUS02133,5,EMP0112,Vodafone Cash,Completed,342,160
ORD0010201,12/06/2023,20230612,CUS00369,1,EMP0015,Fawry,Completed,459,250
ORD0004637,12/06/2023,20230612,CUS02009,3,EMP0063,Debit Card,Completed,720,360
ORD0001549,12/06/2023,20230612,CUS01908,7,EMP0135,  Cash  ,Completed,1161,620
ORD0003289,12/06/2023,20230612,CUS01965,14,EMP0194,Cash,Completed,577,330
ORD0005706,12/06/2023,20230612,CUS01855,5,EMP0111,  Debit Card  ,Returned,1080,1000
ORD0011788,12/06/2023,20230612,CUS02897,5,EMP0110,Credit Card,Completed,816,440
ORD0001596,13/06/2023,20230613,CUS01287,7,EMP0133,Debit Card,Cancelled,600,270
ORD0001414,13/06/2023,20230613,CUS02199,7,EMP0136,InstaPay,Completed,2223,1200
ORD0002090,13/06/2023,20230613,CUS00949,1,EMP0022,Fawry,Completed,5010,4200
ORD0005475,13/06/2023,20230613,CUS00276,12,EMP0175,Fawry,Completed,590,290
ORD0006843,13/06/2023,20230613,CUS00026,3,EMP0071,  Cash  ,Completed,662,340
ORD0000825,13/06/2023,20230613,CUS00887,2,,Cash,Completed,924,640
ORD0008286,13/06/2023,20230613,CUS02291,2,EMP0038,Cash,Completed,142.5,70
ORD0008884,13/06/2023,20230613,CUS00059,1,EMP0007,Vodafone Cash,Completed,13370,11860
ORD0001822,13/06/2023,20230613,CUS01487,3,EMP0071,Fawry,Completed,961.5,510
ORD0002475,13/06/2023,20230613,CUS02499,1,EMP0027,Debit Card,Completed,780,360
ORD0010531,13/06/2023,20230613,CUS00405,13,EMP0193,  Debit Card  ,Completed,543,280
ORD0008320,14/06/2023,20230614,CUS00075,14,EMP0200,Cash,Completed,1668,970
ORD0005687,14/06/2023,20230614,CUS01162,3,EMP0057,InstaPay,Returned,1153,590
ORD0006052,14/06/2023,20230614,CUS02615,5,EMP0112,InstaPay,Completed,279,150
ORD0007861,14/06/2023,20230614,CUS02562,14,EMP0199,Vodafone Cash,Cancelled,1850,960
ORD0002946,14/06/2023,20230614,CUS00178,3,EMP0066,InstaPay,Completed,616,310
ORD0004001,14/06/2023,20230614,CUS00106,1,EMP0016,InstaPay,Completed,520,250
ORD0010327,14/06/2023,20230614,CUS00527,5,EMP0109,InstaPay,Completed,1312,710
ORD0010814,14/06/2023,20230614,CUS01440,2,EMP0037,  Vodafone Cash  ,Completed,1104,530
ORD0011305,15/06/2023,20230615,CUS00278,5,EMP0103,Cash,Completed,19704,16380
ORD0011230,15/06/2023,20230615,CUS01355,1,EMP0021,Cash,Cancelled,1132,600
ORD0007736,15/06/2023,20230615,CUS02844,2,EMP0030,InstaPay,Completed,902,460
ORD0004529,15/06/2023,20230615,CUS01810,7,EMP0130,Cash,Completed,432,240
ORD0008301,15/06/2023,20230615,CUS01280,4,EMP0084,Vodafone Cash,Completed,441,300
ORD0011791,15/06/2023,20230615,CUS02514,4,EMP0079,Vodafone Cash,Completed,20615,16280
ORD0011984,15/06/2023,20230615,CUS01376,3,EMP0056,  Debit Card  ,Completed,1363,730
ORD0008408,15/06/2023,20230615,CUS00547,6,EMP0125,Vodafone Cash,Completed,43985,34980
ORD0002382,15/06/2023,20230615,CUS02273,5,EMP0111,Fawry,Completed,940,490
ORD0004885,15/06/2023,20230615,CUS00968,1,EMP0027,  Fawry  ,Returned,5945,5480
ORD0010879,15/06/2023,20230615,CUS01490,7,EMP0129,Credit Card,Cancelled,855,450
ORD0002107,15/06/2023,20230615,CUS01011,3,EMP0062,Cash,Cancelled,248,150
ORD0002948,15/06/2023,20230615,CUS00065,1,EMP0025,InstaPay,Completed,2563,1980
ORD0010075,16/06/2023,20230616,CUS01464,14,EMP0203,Credit Card,Completed,15132.5,12930
ORD0006267,16/06/2023,20230616,CUS00294,3,EMP0070,  Credit Card  ,Completed,1195.5,640
ORD0002710,16/06/2023,20230616,CUS00174,13,EMP0192,Cash,Completed,570,280
ORD0009811,16/06/2023,20230616,CUS00408,3,EMP0055,Fawry,Completed,2902,1930
ORD0006841,16/06/2023,20230616,CUS01309,12,EMP0181,Vodafone Cash,Completed,936,550
ORD0006030,16/06/2023,20230616,CUS02635,4,EMP0080,Debit Card,Completed,1089,570
ORD0001651,16/06/2023,20230616,CUS00216,1,EMP0003,Credit Card,Completed,1543,840
ORD0008219,16/06/2023,20230616,CUS02650,4,EMP0079,Fawry,Completed,399,210
ORD0003599,16/06/2023,20230616,CUS00579,13,EMP0189,InstaPay,Completed,1170,610
ORD0004035,16/06/2023,20230616,CUS02617,4,EMP0084,Credit Card,Completed,836,440
ORD0007613,16/06/2023,20230616,CUS00759,2,EMP0044,Vodafone Cash,Completed,85.5,40
ORD0009904,17/06/2023,20230617,CUS02927,12,EMP0177,Cash,Completed,2736,1330
ORD0003852,17/06/2023,20230617,CUS01977,14,EMP0194,Vodafone Cash,Completed,335.5,180
ORD0011303,17/06/2023,20230617,CUS02609,1,EMP0006,Cash,Cancelled,247,120
ORD0006890,17/06/2023,20230617,CUS02256,3,EMP0076,Vodafone Cash,Completed,383,210
ORD0002357,17/06/2023,20230617,CUS00995,2,EMP0034,Fawry,Completed,1705,1000
ORD0001742,17/06/2023,20230617,CUS00317,1,EMP0012,Vodafone Cash,Completed,11589,9910
ORD0011156,17/06/2023,20230617,CUS00677,11,EMP0166,Fawry,Completed,1290,630
ORD0003094,17/06/2023,20230617,CUS01851,6,EMP0121,  Fawry  ,Completed,414,220
ORD0008209,17/06/2023,20230617,CUS02908,1,,InstaPay,Completed,1030,490
ORD0009449,17/06/2023,20230617,CUS00647,8,EMP0140,Fawry,Completed,332.5,170
ORD0004306,17/06/2023,20230617,CUS01848,13,EMP0185,Vodafone Cash,Cancelled,357,210
ORD0007770,18/06/2023,20230618,CUS01481,6,EMP0122,  Fawry  ,Completed,846,470
ORD0004399,18/06/2023,20230618,CUS02563,8,EMP0141,Fawry,Returned,1872,1010
ORD0000652,18/06/2023,20230618,CUS01819,4,EMP0091,Vodafone Cash,Completed,240,140
ORD0002028,18/06/2023,20230618,CUS01208,1,EMP0021,InstaPay,Completed,256,160
ORD0000763,18/06/2023,20230618,CUS00334,5,EMP0109,Cash,Completed,720,350
ORD0010799,18/06/2023,20230618,CUS02636,13,EMP0193,  Credit Card  ,Completed,152,70
ORD0005264,18/06/2023,20230618,CUS01524,1,EMP0018,  Vodafone Cash  ,Completed,348,170
ORD0001680,18/06/2023,20230618,CUS02693,7,EMP0129,Cash,Completed,195.5,110
ORD0007343,18/06/2023,20230618,CUS01681,2,EMP0041,Cash,Completed,11590,9800
ORD0000703,18/06/2023,20230618,CUS02238,3,EMP0076,InstaPay,Completed,1397,700
ORD0011359,19/06/2023,20230619,CUS02805,12,EMP0175,Debit Card,Completed,798,420
ORD0001963,19/06/2023,20230619,CUS02910,3,EMP0072,Cash,Completed,5440,4220
ORD0000690,19/06/2023,20230619,CUS02575,1,EMP0009,InstaPay,Completed,1900.5,1160
ORD0002196,19/06/2023,20230619,CUS01641,11,EMP0170,Fawry,Completed,432,250
ORD0009851,19/06/2023,20230619,CUS02524,2,EMP0038,Cash,Cancelled,1154,750
ORD0007953,19/06/2023,20230619,CUS01190,2,EMP0045,InstaPay,Completed,85,40
ORD0001552,19/06/2023,20230619,CUS01535,1,EMP0025,Vodafone Cash,Completed,874,460
ORD0011924,19/06/2023,20230619,CUS01120,5,EMP0101,  Fawry  ,Completed,1411.5,750
ORD0008811,19/06/2023,20230619,CUS01083,14,EMP0201,Fawry,Completed,1315,670
ORD0011661,19/06/2023,20230619,CUS00956,12,EMP0181,Vodafone Cash,Completed,7402.5,5640
ORD0006756,19/06/2023,20230619,CUS02747,3,EMP0073,Vodafone Cash,Completed,327.5,180
ORD0009391,19/06/2023,20230619,CUS02216,8,EMP0144,  Vodafone Cash  ,Completed,384,220
ORD0003415,19/06/2023,20230619,CUS00880,2,EMP0031,Vodafone Cash,Completed,2372,1240
ORD0000105,20/06/2023,20230620,CUS01648,2,EMP0029,InstaPay,Completed,228,110
ORD0001518,20/06/2023,20230620,CUS02650,13,EMP0191,InstaPay,Completed,480,220
ORD0002919,20/06/2023,20230620,CUS00326,3,EMP0062,Debit Card,Completed,16616,15420
ORD0001363,20/06/2023,20230620,CUS02744,10,EMP0154,  Cash  ,Completed,1452,720
ORD0009831,20/06/2023,20230620,CUS00011,3,EMP0077,Credit Card,Completed,594,320
ORD0010206,20/06/2023,20230620,CUS00669,13,EMP0189,Debit Card,Completed,683,460
ORD0010760,20/06/2023,20230620,CUS00263,4,EMP0089,  Vodafone Cash  ,Returned,1528,790
ORD0011016,20/06/2023,20230620,CUS01364,2,EMP0047,Credit Card,Completed,440,200
ORD0001117,20/06/2023,20230620,CUS01161,13,EMP0188,  Vodafone Cash  ,Completed,1080,590
ORD0005134,20/06/2023,20230620,CUS02972,3,EMP0070,Cash,Completed,430,210
ORD0001380,20/06/2023,20230620,CUS01392,5,EMP0107,  Vodafone Cash  ,Completed,130,60
ORD0004640,21/06/2023,20230621,CUS01517,1,EMP0005,Cash,Completed,20543.5,16380
ORD0003264,21/06/2023,20230621,CUS00525,15,EMP0204,Fawry,Completed,2500,1260
ORD0002140,21/06/2023,20230621,CUS02785,14,EMP0199,Cash,Completed,939,480
ORD0000982,21/06/2023,20230621,CUS00373,11,EMP0172,Cash,Completed,117,60
ORD0000076,21/06/2023,20230621,CUS02046,12,EMP0180,Credit Card,Completed,820,390
ORD0006025,21/06/2023,20230621,CUS00634,5,EMP0100,Fawry,Completed,230,110
ORD0001297,21/06/2023,20230621,CUS00340,2,EMP0036,Cash,Completed,1600,800
ORD0001026,21/06/2023,20230621,CUS00890,11,EMP0172,Vodafone Cash,Completed,2101.5,1490
ORD0009690,21/06/2023,20230621,CUS00461,4,EMP0082,Credit Card,Completed,480,280
ORD0005163,21/06/2023,20230621,CUS00445,4,EMP0093,Fawry,Completed,153,80
ORD0009701,21/06/2023,20230621,CUS01044,5,,Debit Card,Completed,7010,5250
ORD0004405,21/06/2023,20230621,CUS01752,3,EMP0078,Cash,Completed,867.5,740
ORD0006124,21/06/2023,20230621,CUS01988,13,EMP0188,Debit Card,Completed,679.5,390
ORD0006833,21/06/2023,20230621,CUS01420,2,EMP0052,Fawry,Completed,667.5,350
ORD0003844,21/06/2023,20230621,CUS01705,1,EMP0025,Vodafone Cash,Completed,9090,8100
ORD0003259,22/06/2023,20230622,CUS01720,11,EMP0167,Vodafone Cash,Completed,720,360
ORD0000179,22/06/2023,20230622,CUS01228,11,EMP0169,Vodafone Cash,Completed,342,170
ORD0011229,22/06/2023,20230622,CUS01234,1,EMP0019,Cash,Completed,90,40
ORD0004759,22/06/2023,20230622,CUS02501,13,EMP0190,  InstaPay  ,Completed,801,420
ORD0008554,22/06/2023,20230622,CUS01965,8,EMP0137,Credit Card,Completed,840,400
ORD0011905,22/06/2023,20230622,CUS02035,9,EMP0148,Debit Card,Completed,673.5,340
ORD0000312,22/06/2023,20230622,CUS01860,7,,Debit Card,Completed,3272,1720
ORD0009646,22/06/2023,20230622,CUS01128,4,EMP0089,  Fawry  ,Completed,1647,890
ORD0003465,22/06/2023,20230622,CUS00446,11,EMP0169,Fawry,Completed,2400,1170
ORD0004841,22/06/2023,20230622,CUS00496,6,EMP0114,Debit Card,Completed,314.5,180
ORD0007732,22/06/2023,20230622,CUS00802,12,EMP0182,Fawry,Completed,1530,750
ORD0009001,22/06/2023,20230622,CUS02422,7,EMP0131,Fawry,Completed,931,470
ORD0003471,22/06/2023,20230622,CUS01337,7,EMP0127,InstaPay,Returned,972.5,500
ORD0006256,22/06/2023,20230622,CUS00131,3,EMP0061,Fawry,Completed,330,160
ORD0011479,22/06/2023,20230622,CUS02601,2,EMP0034,Vodafone Cash,Cancelled,450,210
ORD0000747,22/06/2023,20230622,CUS01693,7,EMP0132,InstaPay,Completed,4302,2520
ORD0009442,22/06/2023,20230622,CUS01300,6,EMP0119,Debit Card,Completed,551,290
ORD0000396,22/06/2023,20230622,CUS02526,15,EMP0210,Vodafone Cash,Completed,39794,35460
ORD0009238,22/06/2023,20230622,CUS00106,13,EMP0189,Credit Card,Completed,150,70
ORD0005169,22/06/2023,20230622,CUS00644,4,EMP0090,  InstaPay  ,Returned,230,110
ORD0006367,23/06/2023,20230623,CUS00669,5,EMP0097,InstaPay,Completed,360,180
ORD0009340,23/06/2023,20230623,CUS00861,2,EMP0049,Fawry,Completed,4206,2160
ORD0005242,23/06/2023,20230623,CUS02968,8,EMP0142,Debit Card,Completed,1322,660
ORD0007200,23/06/2023,20230623,CUS02891,2,,Credit Card,Completed,1064,550
ORD0002998,23/06/2023,20230623,CUS01250,10,EMP0152,Fawry,Completed,133,70
ORD0009500,23/06/2023,20230623,CUS00344,11,EMP0169,InstaPay,Completed,300,140
ORD0008952,23/06/2023,20230623,CUS01266,1,EMP0022,  Fawry  ,Completed,200,80
ORD0000962,23/06/2023,20230623,CUS01632,4,EMP0079,Debit Card,Completed,25760,20670
ORD0009002,23/06/2023,20230623,CUS02746,1,,  InstaPay  ,Completed,240,120
ORD0011953,24/06/2023,20230624,CUS01635,10,EMP0156,Cash,Completed,493,280
ORD0010187,24/06/2023,20230624,CUS00161,2,EMP0052,Vodafone Cash,Completed,90,60
ORD0008249,24/06/2023,20230624,CUS00099,3,EMP0067,Credit Card,Completed,1300,640
ORD0000029,24/06/2023,20230624,CUS02987,7,EMP0128,Vodafone Cash,Returned,180,80
ORD0005530,24/06/2023,20230624,CUS01960,7,EMP0130,Cash,Completed,456,240
ORD0007840,24/06/2023,20230624,CUS02736,4,,Vodafone Cash,Completed,838.5,420
ORD0009816,24/06/2023,20230624,CUS00145,1,EMP0010,Cash,Completed,1345.5,740
ORD0002202,24/06/2023,20230624,CUS02640,15,EMP0216,Cash,Completed,622.5,410
ORD0006809,24/06/2023,20230624,CUS01354,15,EMP0212,Cash,Completed,9237,7540
ORD0006401,25/06/2023,20230625,CUS01907,8,EMP0142,Fawry,Completed,7100,6010
ORD0009343,25/06/2023,20230625,CUS02704,3,EMP0073,  Debit Card  ,Completed,360,170
ORD0002794,25/06/2023,20230625,CUS00519,13,EMP0193,  Debit Card  ,Completed,140,70
ORD0007627,25/06/2023,20230625,CUS00170,11,EMP0165,Cash,Completed,1473,720
ORD0000521,25/06/2023,20230625,CUS00679,2,EMP0038,Credit Card,Completed,1700,840
ORD0011291,26/06/2023,20230626,CUS02533,10,EMP0162,InstaPay,Completed,67156.5,56430
ORD0011370,26/06/2023,20230626,CUS00730,10,EMP0153,InstaPay,Completed,1815,970
ORD0004346,26/06/2023,20230626,CUS00209,3,EMP0076,Vodafone Cash,Completed,119,70
ORD0008522,26/06/2023,20230626,CUS02911,1,EMP0017,Cash,Completed,427.5,220
ORD0004733,26/06/2023,20230626,CUS01163,1,EMP0016,Credit Card,Completed,534,310
ORD0000038,26/06/2023,20230626,CUS02737,15,EMP0209,InstaPay,Completed,2633,1430
ORD0002798,26/06/2023,20230626,CUS02280,15,EMP0209,Credit Card,Completed,1432.5,740
ORD0003131,26/06/2023,20230626,CUS02909,3,EMP0075,Fawry,Completed,1270,610
ORD0001246,26/06/2023,20230626,CUS00155,14,EMP0201,Debit Card,Completed,144,70
ORD0010612,27/06/2023,20230627,CUS00331,12,EMP0180,  Fawry  ,Completed,936,520
ORD0003321,27/06/2023,20230627,CUS01854,6,EMP0125,Cash,Cancelled,770,360
ORD0005369,27/06/2023,20230627,CUS01310,6,EMP0120,InstaPay,Completed,456,240
ORD0009433,27/06/2023,20230627,CUS02770,12,EMP0174,Debit Card,Completed,35150,29600
ORD0007175,27/06/2023,20230627,CUS02379,2,EMP0041,InstaPay,Completed,260,120
ORD0005568,27/06/2023,20230627,CUS01968,13,EMP0190,Credit Card,Completed,563,300
ORD0006384,27/06/2023,20230627,CUS02527,3,EMP0075,InstaPay,Completed,2344.5,1250
ORD0000778,27/06/2023,20230627,CUS02653,6,EMP0113,InstaPay,Completed,37000,29600
ORD0007918,27/06/2023,20230627,CUS01057,5,EMP0103,Credit Card,Completed,13199,11180
ORD0010017,27/06/2023,20230627,CUS01971,12,EMP0180,Cash,Completed,610,280
ORD0006612,27/06/2023,20230627,CUS01974,2,EMP0033,  InstaPay  ,Completed,504,310
ORD0010439,27/06/2023,20230627,CUS01990,12,EMP0175,  Debit Card  ,Completed,3690.5,1970
ORD0005964,27/06/2023,20230627,CUS02348,1,EMP0015,Credit Card,Completed,3627.5,1860
ORD0001994,27/06/2023,20230627,CUS00858,7,EMP0128,  InstaPay  ,Completed,405,210
ORD0000570,27/06/2023,20230627,CUS00252,12,EMP0175,Credit Card,Completed,1229,640
ORD0007037,27/06/2023,20230627,CUS01535,13,EMP0193,Credit Card,Completed,51269,42620
ORD0010708,27/06/2023,20230627,CUS00312,2,EMP0052,Credit Card,Completed,240,120
ORD0006321,27/06/2023,20230627,CUS01426,2,EMP0034,Cash,Completed,1479.5,770
ORD0005825,27/06/2023,20230627,CUS01182,12,EMP0179,Debit Card,Completed,10982,9740
ORD0008196,28/06/2023,20230628,CUS02099,2,EMP0039,Fawry,Completed,440,200
ORD0004080,28/06/2023,20230628,CUS02573,9,EMP0147,Debit Card,Completed,400,200
ORD0001085,28/06/2023,20230628,CUS01991,2,EMP0031,Cash,Completed,472.5,300
ORD0010122,28/06/2023,20230628,CUS02260,1,EMP0020,Credit Card,Completed,437,220
ORD0003279,28/06/2023,20230628,CUS00866,12,EMP0183,  Vodafone Cash  ,Completed,15756,12330
ORD0010576,28/06/2023,20230628,CUS00725,10,EMP0161,Cash,Completed,411,210
ORD0008431,28/06/2023,20230628,CUS01054,2,,InstaPay,Completed,1793.5,1060
ORD0008156,28/06/2023,20230628,CUS01107,3,EMP0075,Credit Card,Completed,5622,4830
ORD0003621,28/06/2023,20230628,CUS02284,1,EMP0007,Cash,Completed,81,40
ORD0000248,28/06/2023,20230628,CUS02572,4,EMP0081,Vodafone Cash,Completed,2800,1360
ORD0002093,28/06/2023,20230628,CUS01643,11,EMP0168,  InstaPay  ,Completed,270,130
ORD0009069,29/06/2023,20230629,CUS00453,12,EMP0177,  Cash  ,Returned,350,170
ORD0007685,29/06/2023,20230629,CUS00235,4,EMP0093,Vodafone Cash,Completed,460,220
ORD0004484,29/06/2023,20230629,CUS00116,5,EMP0104,Vodafone Cash,Completed,510,250
ORD0001941,29/06/2023,20230629,CUS02806,3,EMP0062,Credit Card,Completed,1043.5,520
ORD0002126,29/06/2023,20230629,CUS01874,6,,Vodafone Cash,Completed,117,60
ORD0007251,29/06/2023,20230629,CUS00405,8,EMP0137,Debit Card,Completed,3244,1620
ORD0009633,29/06/2023,20230629,CUS02149,1,EMP0003,InstaPay,Cancelled,1072,580
ORD0007945,29/06/2023,20230629,CUS01097,3,EMP0069,Fawry,Completed,399,200
ORD0004941,30/06/2023,20230630,CUS02930,3,EMP0061,Debit Card,Completed,2416.5,1180
ORD0009714,30/06/2023,20230630,CUS02519,5,EMP0099,InstaPay,Returned,613,320
ORD0005328,30/06/2023,20230630,CUS02674,13,EMP0186,Vodafone Cash,Completed,594,310
ORD0006771,30/06/2023,20230630,CUS01721,10,EMP0152,Credit Card,Completed,2464,1230
ORD0009468,30/06/2023,20230630,CUS01089,1,EMP0017,Debit Card,Completed,45719,36310
ORD0001195,30/06/2023,20230630,CUS02306,6,EMP0126,Vodafone Cash,Completed,488,300
ORD0007958,30/06/2023,20230630,CUS01387,8,EMP0141,Fawry,Completed,153,80
ORD0002833,30/06/2023,20230630,CUS01074,11,EMP0168,Fawry,Completed,460,230
ORD0006758,30/06/2023,20230630,CUS01702,15,EMP0205,Credit Card,Returned,960,480
ORD0008898,30/06/2023,20230630,CUS00495,13,EMP0190,Credit Card,Completed,11370,11260
ORD0006723,30/06/2023,20230630,CUS01597,9,EMP0145,InstaPay,Completed,8020,8260
ORD0000394,30/06/2023,20230630,CUS02610,3,EMP0061,InstaPay,Returned,1458,810
ORD0007067,30/06/2023,20230630,CUS01381,8,EMP0139,Fawry,Completed,90,40
ORD0011806,30/06/2023,20230630,CUS01902,6,EMP0120,Credit Card,Completed,540,260
ORD0003712,01/07/2023,20230701,CUS00767,2,EMP0038,Fawry,Completed,948,490
ORD0002818,01/07/2023,20230701,CUS02926,6,EMP0114,Credit Card,Cancelled,701,350
ORD0002517,01/07/2023,20230701,CUS01165,11,EMP0173,  Debit Card  ,Completed,3010.5,1510
ORD0008500,01/07/2023,20230701,CUS02316,15,EMP0210,Debit Card,Completed,2745,2270
ORD0010578,01/07/2023,20230701,CUS02850,5,EMP0102,Credit Card,Completed,540,260
ORD0008489,01/07/2023,20230701,CUS00696,10,EMP0155,Vodafone Cash,Completed,11847.5,9120
ORD0002511,01/07/2023,20230701,CUS00580,1,EMP0016,InstaPay,Completed,280,140
ORD0000077,01/07/2023,20230701,CUS00779,14,EMP0203,InstaPay,Completed,1674,910
ORD0000151,01/07/2023,20230701,CUS01161,7,EMP0130,  InstaPay  ,Completed,1296,670
ORD0002369,01/07/2023,20230701,CUS01778,10,EMP0154,Vodafone Cash,Completed,910,450
ORD0001908,01/07/2023,20230701,CUS02372,2,EMP0029,  Vodafone Cash  ,Returned,336,230
ORD0009255,01/07/2023,20230701,CUS00260,11,EMP0165,InstaPay,Completed,1083,560
ORD0006770,01/07/2023,20230701,CUS00031,2,EMP0038,  InstaPay  ,Returned,700,350
ORD0010054,01/07/2023,20230701,CUS00069,6,EMP0118,Credit Card,Completed,1541.5,760
ORD0002649,01/07/2023,20230701,CUS01590,7,EMP0135,Debit Card,Completed,402,230
ORD0009020,01/07/2023,20230701,CUS01107,1,EMP0001,InstaPay,Completed,23760,21000
ORD0006551,01/07/2023,20230701,CUS02236,1,EMP0028,  Debit Card  ,Completed,90,40
ORD0011186,01/07/2023,20230701,CUS01454,4,EMP0086,Debit Card,Completed,2253,1130
ORD0005781,02/07/2023,20230702,CUS00084,2,EMP0054,Vodafone Cash,Returned,140,70
ORD0003536,02/07/2023,20230702,CUS01203,2,EMP0030,  Cash  ,Completed,97.5,60
ORD0009657,02/07/2023,20230702,CUS00745,9,EMP0149,  Fawry  ,Completed,476,260
ORD0009327,02/07/2023,20230702,CUS02681,10,EMP0161,Debit Card,Completed,1097.5,560
ORD0003555,02/07/2023,20230702,CUS02437,10,EMP0162,Vodafone Cash,Completed,18395,15460
ORD0011214,02/07/2023,20230702,CUS01945,12,EMP0175,Vodafone Cash,Completed,1001,560
ORD0008534,02/07/2023,20230702,CUS01861,1,EMP0023,Cash,Returned,76.5,40
ORD0002849,02/07/2023,20230702,CUS01503,3,EMP0073,  Fawry  ,Completed,432.5,220
ORD0003865,02/07/2023,20230702,CUS00483,5,EMP0111,Fawry,Completed,1173,620
ORD0000136,03/07/2023,20230703,CUS01562,6,EMP0124,Vodafone Cash,Completed,7500,8000
ORD0009439,03/07/2023,20230703,CUS02226,2,EMP0048,InstaPay,Completed,2517.5,1260
ORD0007056,03/07/2023,20230703,CUS02180,5,EMP0098,InstaPay,Completed,648,340
ORD0007908,03/07/2023,20230703,CUS02147,4,EMP0086,  InstaPay  ,Completed,277.5,180
ORD0003127,03/07/2023,20230703,CUS02549,5,EMP0107,Fawry,Completed,4500,4000
ORD0002469,03/07/2023,20230703,CUS01642,12,,Debit Card,Completed,532.5,310
ORD0011143,03/07/2023,20230703,CUS02798,5,EMP0105,Cash,Cancelled,450,220
ORD0004042,03/07/2023,20230703,CUS00488,4,EMP0084,Credit Card,Completed,18729.5,14930
ORD0009663,03/07/2023,20230703,CUS01527,7,EMP0136,Fawry,Completed,55143,48430
ORD0009557,03/07/2023,20230703,CUS02982,8,EMP0144,Debit Card,Completed,256.5,130
ORD0000841,03/07/2023,20230703,CUS02053,5,EMP0103,Debit Card,Completed,12215,9240
ORD0008435,03/07/2023,20230703,CUS00067,11,EMP0164,Vodafone Cash,Completed,1007,490
ORD0003037,04/07/2023,20230704,CUS00124,9,EMP0148,Cash,Completed,399.5,230
ORD0002778,04/07/2023,20230704,CUS02185,2,EMP0053,Credit Card,Completed,1864.5,1110
ORD0006585,04/07/2023,20230704,CUS02724,14,EMP0194,InstaPay,Completed,120,70
ORD0002899,04/07/2023,20230704,CUS02615,14,EMP0201,  Credit Card  ,Completed,1486,800
ORD0005227,04/07/2023,20230704,CUS02183,3,EMP0058,Debit Card,Completed,540,270
ORD0001679,04/07/2023,20230704,CUS01784,8,EMP0138,Debit Card,Completed,2900,1450
ORD0010210,04/07/2023,20230704,CUS00648,12,EMP0174,Cash,Completed,612,350
ORD0006353,04/07/2023,20230704,CUS01538,12,EMP0178,Debit Card,Completed,142.5,70
ORD0008819,04/07/2023,20230704,CUS02015,10,EMP0157,Fawry,Returned,15000,12000
ORD0000687,04/07/2023,20230704,CUS02572,13,EMP0187,Debit Card,Completed,549,300
ORD0003705,04/07/2023,20230704,CUS00647,4,EMP0086,Debit Card,Completed,1246.5,660
ORD0010030,05/07/2023,20230705,CUS01157,2,EMP0033,Fawry,Completed,135,70
ORD0001235,05/07/2023,20230705,CUS02657,1,EMP0012,Cash,Completed,580,310
ORD0002917,05/07/2023,20230705,CUS01510,15,EMP0208,InstaPay,Completed,396,220
ORD0006613,05/07/2023,20230705,CUS02739,13,,Debit Card,Completed,551,290
ORD0002120,05/07/2023,20230705,CUS01909,3,EMP0074,  InstaPay  ,Completed,869,450
ORD0006988,05/07/2023,20230705,CUS02295,3,EMP0073,Debit Card,Completed,15581,12290
ORD0003350,05/07/2023,20230705,CUS01080,8,EMP0139,  Vodafone Cash  ,Returned,1001,540
ORD0009393,05/07/2023,20230705,CUS00167,7,EMP0134,  Debit Card  ,Completed,180.5,90
ORD0005288,05/07/2023,20230705,CUS01098,1,EMP0020,Cash,Completed,2512,1280
ORD0000085,05/07/2023,20230705,CUS02584,8,EMP0143,Credit Card,Completed,26400,21000
ORD0002230,06/07/2023,20230706,CUS01125,6,EMP0118,Cash,Completed,5845,5220
ORD0011818,06/07/2023,20230706,CUS00184,3,EMP0057,  Vodafone Cash  ,Completed,150,70
ORD0006172,06/07/2023,20230706,CUS01624,12,EMP0184,Fawry,Completed,250,120
ORD0002188,06/07/2023,20230706,CUS01407,3,EMP0075,Vodafone Cash,Completed,1198,700
ORD0002533,06/07/2023,20230706,CUS00793,8,EMP0144,Debit Card,Completed,608,280
ORD0011034,06/07/2023,20230706,CUS00769,2,EMP0032,Fawry,Completed,405,210
ORD0007386,06/07/2023,20230706,CUS01368,2,,InstaPay,Completed,16050,12700
ORD0001809,06/07/2023,20230706,CUS02683,2,EMP0042,Fawry,Cancelled,1880,900
ORD0006908,06/07/2023,20230706,CUS01173,1,EMP0020,Cash,Completed,690,340
ORD0004111,06/07/2023,20230706,CUS00195,9,EMP0146,Debit Card,Completed,737,380
ORD0010925,06/07/2023,20230706,CUS02744,6,EMP0113,Fawry,Completed,419.5,200
ORD0003711,06/07/2023,20230706,CUS02049,1,EMP0026,Debit Card,Cancelled,1056,500
ORD0005715,06/07/2023,20230706,CUS01571,12,EMP0178,Debit Card,Completed,684,370
ORD0007984,06/07/2023,20230706,CUS02064,3,EMP0061,Vodafone Cash,Completed,90,40
ORD0007390,06/07/2023,20230706,CUS01805,13,EMP0187,  Credit Card  ,Returned,1026,570
ORD0008075,06/07/2023,20230706,CUS02560,3,EMP0060,Debit Card,Returned,20701.5,18070
ORD0010734,06/07/2023,20230706,CUS01932,10,EMP0156,  Fawry  ,Completed,311,150
ORD0006393,06/07/2023,20230706,CUS01968,2,EMP0051,Credit Card,Returned,287,160
ORD0010633,06/07/2023,20230706,CUS02236,2,EMP0034,InstaPay,Completed,290,140
ORD0001765,07/07/2023,20230707,CUS02170,5,EMP0112,Fawry,Completed,575.5,320
ORD0010094,07/07/2023,20230707,CUS00339,1,EMP0001,InstaPay,Cancelled,3770,1920
ORD0002569,07/07/2023,20230707,CUS02473,11,,  Credit Card  ,Completed,48170,45060
ORD0006822,07/07/2023,20230707,CUS00748,10,EMP0153,  Vodafone Cash  ,Completed,217.5,110
ORD0003784,07/07/2023,20230707,CUS02242,3,EMP0061,Vodafone Cash,Completed,280,170
ORD0004722,07/07/2023,20230707,CUS02928,14,EMP0201,  Vodafone Cash  ,Completed,2290,1120
ORD0007149,07/07/2023,20230707,CUS02441,12,EMP0174,Fawry,Completed,945,660
ORD0007311,07/07/2023,20230707,CUS01415,15,EMP0212,  Cash  ,Completed,4545.5,2800
ORD0002562,07/07/2023,20230707,CUS00657,15,EMP0215,Cash,Completed,576,280
ORD0010355,07/07/2023,20230707,CUS00233,1,EMP0017,Cash,Completed,450,210
ORD0002157,07/07/2023,20230707,CUS01246,2,EMP0033,Debit Card,Completed,703.5,380
ORD0009992,07/07/2023,20230707,CUS02511,5,EMP0095,  InstaPay  ,Returned,12440,11700
ORD0008832,07/07/2023,20230707,CUS01879,11,EMP0172,InstaPay,Completed,1646,830
ORD0007271,07/07/2023,20230707,CUS01832,3,EMP0058,InstaPay,Completed,580,290
ORD0008263,07/07/2023,20230707,CUS00053,6,EMP0115,Credit Card,Completed,1852,1050
ORD0004789,08/07/2023,20230708,CUS00551,1,EMP0001,Cash,Returned,2542,1290
ORD0007691,08/07/2023,20230708,CUS02304,9,EMP0150,Vodafone Cash,Returned,513,270
ORD0006072,08/07/2023,20230708,CUS00279,10,EMP0161,Debit Card,Returned,130,60
ORD0009957,08/07/2023,20230708,CUS01431,15,EMP0214,Fawry,Returned,1964.5,1100
ORD0000709,08/07/2023,20230708,CUS00510,3,,Credit Card,Returned,730,350
ORD0010881,08/07/2023,20230708,CUS02625,5,EMP0100,Fawry,Completed,2695,2330
ORD0003501,08/07/2023,20230708,CUS00970,2,EMP0053,Vodafone Cash,Completed,2364,1340
ORD0006039,08/07/2023,20230708,CUS00056,9,EMP0148,Fawry,Completed,229.5,130
ORD0006999,08/07/2023,20230708,CUS02503,4,EMP0090,Debit Card,Completed,432,220
ORD0008314,09/07/2023,20230709,CUS00785,14,EMP0196,Cash,Completed,690,340
ORD0004669,09/07/2023,20230709,CUS01340,12,EMP0174,Fawry,Completed,333,180
ORD0006078,09/07/2023,20230709,CUS00404,10,,Vodafone Cash,Completed,595.5,330
ORD0011121,09/07/2023,20230709,CUS01999,7,EMP0132,Fawry,Completed,7173,5760
ORD0000374,09/07/2023,20230709,CUS00672,7,EMP0135,Cash,Completed,1971,1080
ORD0005563,09/07/2023,20230709,CUS01377,7,EMP0129,Credit Card,Completed,2490,1230
ORD0000683,09/07/2023,20230709,CUS00276,10,EMP0161,Fawry,Completed,567.5,320
ORD0004557,09/07/2023,20230709,CUS00371,2,EMP0047,  Fawry  ,Completed,693.5,370
ORD0002152,09/07/2023,20230709,CUS02649,2,EMP0037,Vodafone Cash,Completed,1717.5,890
ORD0002921,09/07/2023,20230709,CUS02416,1,EMP0022,Vodafone Cash,Completed,976,600
ORD0009853,09/07/2023,20230709,CUS02743,12,EMP0180,Debit Card,Completed,225,150
ORD0001058,09/07/2023,20230709,CUS01003,1,EMP0012,InstaPay,Completed,270,170
ORD0000165,09/07/2023,20230709,CUS00329,1,EMP0018,Debit Card,Completed,640,320
ORD0005489,09/07/2023,20230709,CUS01402,2,EMP0045,  Credit Card  ,Completed,165,100
ORD0002695,10/07/2023,20230710,CUS00489,10,EMP0162,Credit Card,Completed,210,100
ORD0007073,10/07/2023,20230710,CUS00824,7,EMP0136,Cash,Completed,6500,5200
ORD0000860,10/07/2023,20230710,CUS00010,11,EMP0168,Fawry,Returned,360,200
ORD0007223,10/07/2023,20230710,CUS01217,14,EMP0196,InstaPay,Returned,300,140
ORD0001270,10/07/2023,20230710,CUS01661,14,EMP0200,Cash,Completed,584,310
ORD0007712,10/07/2023,20230710,CUS00509,3,EMP0058,Credit Card,Completed,46080,41200
ORD0006619,10/07/2023,20230710,CUS02885,9,EMP0147,Vodafone Cash,Completed,460,210
ORD0006711,10/07/2023,20230710,CUS01056,2,EMP0050,Fawry,Completed,540,290
ORD0004847,11/07/2023,20230711,CUS00717,11,EMP0170,Cash,Completed,2974,1720
ORD0001264,11/07/2023,20230711,CUS01517,4,EMP0080,Vodafone Cash,Completed,270,150
ORD0005776,11/07/2023,20230711,CUS01584,1,EMP0009,InstaPay,Completed,4562,2620
ORD0006041,11/07/2023,20230711,CUS01496,2,EMP0044,  Credit Card  ,Returned,360,170
ORD0010950,11/07/2023,20230711,CUS00674,13,EMP0185,Credit Card,Completed,960,460
ORD0002819,11/07/2023,20230711,CUS00956,13,EMP0187,Fawry,Completed,790,390
ORD0000120,11/07/2023,20230711,CUS01748,2,EMP0035,  Vodafone Cash  ,Completed,414,220
ORD0006811,12/07/2023,20230712,CUS00724,1,EMP0011,Vodafone Cash,Completed,423,230
ORD0002806,12/07/2023,20230712,CUS00174,1,EMP0003,Fawry,Completed,374,210
ORD0000153,12/07/2023,20230712,CUS01163,8,EMP0144,Vodafone Cash,Completed,7200,6400
ORD0001691,12/07/2023,20230712,CUS02746,3,EMP0075,Vodafone Cash,Returned,4222,2090
ORD0002965,12/07/2023,20230712,CUS01213,5,EMP0104,Credit Card,Completed,324,170
ORD0004616,12/07/2023,20230712,CUS00718,4,EMP0090,Vodafone Cash,Completed,520,240
ORD0007186,12/07/2023,20230712,CUS02979,5,EMP0106,Cash,Completed,366,190
ORD0009151,12/07/2023,20230712,CUS00240,4,EMP0082,Credit Card,Completed,180,100
ORD0000536,12/07/2023,20230712,CUS00069,1,EMP0019,Vodafone Cash,Completed,921,540
ORD0003651,12/07/2023,20230712,CUS00312,1,EMP0008,InstaPay,Completed,970,550
ORD0009913,12/07/2023,20230712,CUS01355,15,EMP0205,Cash,Completed,1262,630
ORD0002102,12/07/2023,20230712,CUS01781,6,EMP0114,Vodafone Cash,Completed,873,480
ORD0009542,12/07/2023,20230712,CUS00998,4,EMP0079,Vodafone Cash,Returned,510,290
ORD0008595,13/07/2023,20230713,CUS02751,12,EMP0177,Debit Card,Completed,12715,10050
ORD0000842,13/07/2023,20230713,CUS02079,1,EMP0022,Credit Card,Cancelled,3180,2270
ORD0003230,13/07/2023,20230713,CUS02991,4,EMP0094,Fawry,Completed,579,300
ORD0000092,13/07/2023,20230713,CUS00703,14,EMP0203,Fawry,Completed,432,270
ORD0007505,13/07/2023,20230713,CUS00476,11,EMP0173,Vodafone Cash,Completed,646,320
ORD0006903,13/07/2023,20230713,CUS01233,2,EMP0035,Fawry,Completed,432,270
ORD0008962,13/07/2023,20230713,CUS02841,12,EMP0180,InstaPay,Completed,472,250
ORD0007245,13/07/2023,20230713,CUS00704,2,EMP0054,Fawry,Completed,531,260
ORD0010125,13/07/2023,20230713,CUS00145,1,EMP0006,Fawry,Completed,602,420
ORD0005392,13/07/2023,20230713,CUS00364,1,,Debit Card,Completed,2091,1040
ORD0010292,13/07/2023,20230713,CUS02762,1,EMP0009,Fawry,Cancelled,749,360
ORD0008657,13/07/2023,20230713,CUS01341,14,EMP0203,InstaPay,Completed,1093,560
ORD0001220,14/07/2023,20230714,CUS01100,2,EMP0038,  Debit Card  ,Returned,2431.5,1180
ORD0001209,14/07/2023,20230714,CUS01134,1,EMP0028,Fawry,Completed,400.5,220
ORD0007185,14/07/2023,20230714,CUS00622,7,EMP0130,  Fawry  ,Completed,161.5,90
ORD0002713,14/07/2023,20230714,CUS01946,4,EMP0091,Credit Card,Completed,230,110
ORD0006487,14/07/2023,20230714,CUS02646,1,EMP0011,Fawry,Completed,1780,900
ORD0011572,14/07/2023,20230714,CUS01445,14,EMP0202,  Credit Card  ,Cancelled,180.5,90
ORD0002214,14/07/2023,20230714,CUS00421,10,,  InstaPay  ,Completed,20950,17510
ORD0000686,14/07/2023,20230714,CUS02156,6,EMP0122,Fawry,Returned,170,80
ORD0008494,14/07/2023,20230714,CUS02454,10,EMP0155,Fawry,Completed,11490,9270
ORD0007607,15/07/2023,20230715,CUS00542,7,EMP0132,  Fawry  ,Returned,2760,1330
ORD0011503,15/07/2023,20230715,CUS01039,1,EMP0005,Credit Card,Completed,3060,2800
ORD0005801,15/07/2023,20230715,CUS02444,10,EMP0152,Cash,Cancelled,1236,570
ORD0000611,15/07/2023,20230715,CUS02019,6,EMP0113,  Cash  ,Cancelled,200,100
ORD0000471,15/07/2023,20230715,CUS01218,1,EMP0015,Debit Card,Completed,140,70
ORD0000267,15/07/2023,20230715,CUS01331,4,EMP0090,Fawry,Completed,566,280
ORD0007757,15/07/2023,20230715,CUS00844,2,EMP0036,Debit Card,Completed,10497,8260
ORD0007113,15/07/2023,20230715,CUS00266,8,EMP0144,Credit Card,Completed,320,140
ORD0000746,15/07/2023,20230715,CUS01979,2,EMP0032,InstaPay,Completed,2500,2000
ORD0005274,15/07/2023,20230715,CUS00447,6,EMP0121,InstaPay,Returned,21161,22510
ORD0005063,16/07/2023,20230716,CUS00298,14,EMP0197,  Credit Card  ,Completed,230,110
ORD0000762,16/07/2023,20230716,CUS00471,9,EMP0147,Vodafone Cash,Completed,12295,9110
ORD0004438,16/07/2023,20230716,CUS01422,2,EMP0042,Debit Card,Completed,4619,3510
ORD0011108,16/07/2023,20230716,CUS02651,2,EMP0052,Vodafone Cash,Completed,690,330
ORD0002125,16/07/2023,20230716,CUS00129,13,,Credit Card,Completed,360,170
ORD0000593,16/07/2023,20230716,CUS00084,6,EMP0122,Debit Card,Completed,695,350
ORD0000247,16/07/2023,20230716,CUS01898,5,EMP0108,Debit Card,Completed,608,370
ORD0008323,16/07/2023,20230716,CUS00124,2,EMP0032,InstaPay,Completed,414,220
ORD0004258,16/07/2023,20230716,CUS00841,1,EMP0002,InstaPay,Completed,1641,1330
ORD0003828,16/07/2023,20230716,CUS00846,2,EMP0030,Credit Card,Completed,207,110
ORD0005428,17/07/2023,20230717,CUS00754,15,EMP0206,Debit Card,Returned,590.5,340
ORD0011184,17/07/2023,20230717,CUS01426,3,EMP0067,  Credit Card  ,Completed,540,260
ORD0010463,17/07/2023,20230717,CUS00863,3,EMP0061,InstaPay,Completed,540,280
ORD0000664,17/07/2023,20230717,CUS01730,1,EMP0013,Debit Card,Returned,1860,910
ORD0002594,17/07/2023,20230717,CUS02093,15,EMP0213,Cash,Completed,661.5,330
ORD0004547,17/07/2023,20230717,CUS01707,10,EMP0153,Credit Card,Completed,252,140
ORD0007300,17/07/2023,20230717,CUS01256,12,EMP0179,Vodafone Cash,Completed,210,100
ORD0000126,17/07/2023,20230717,CUS01043,6,EMP0116,Credit Card,Completed,673.5,380
ORD0007063,17/07/2023,20230717,CUS01224,6,EMP0123,Vodafone Cash,Returned,1171,570
ORD0003626,17/07/2023,20230717,CUS01444,2,EMP0045,Debit Card,Completed,23817.5,20130
ORD0007475,18/07/2023,20230718,CUS01198,9,EMP0151,  Credit Card  ,Completed,770,410
ORD0000760,18/07/2023,20230718,CUS00933,11,EMP0166,Fawry,Completed,1920,920
ORD0002955,18/07/2023,20230718,CUS00219,1,EMP0010,Vodafone Cash,Completed,1780,1180
ORD0008648,18/07/2023,20230718,CUS01384,4,EMP0086,Vodafone Cash,Completed,960,480
ORD0010934,18/07/2023,20230718,CUS02415,15,EMP0206,  Debit Card  ,Completed,1244,640
ORD0010905,18/07/2023,20230718,CUS02148,5,,Vodafone Cash,Completed,1964,1100
ORD0010775,18/07/2023,20230718,CUS02263,12,EMP0182,Cash,Completed,160,80
ORD0004958,18/07/2023,20230718,CUS02806,11,EMP0166,Cash,Returned,35640,31500
ORD0002408,18/07/2023,20230718,CUS01267,4,EMP0090,Cash,Completed,310,150
ORD0006812,18/07/2023,20230718,CUS01923,11,EMP0171,  Credit Card  ,Completed,15400,13640
ORD0003227,18/07/2023,20230718,CUS00763,1,EMP0021,Fawry,Completed,152,70
ORD0011138,18/07/2023,20230718,CUS02690,1,EMP0013,Vodafone Cash,Completed,766,400
ORD0002455,18/07/2023,20230718,CUS02559,8,EMP0144,Fawry,Completed,660,320
ORD0003658,18/07/2023,20230718,CUS01362,3,EMP0058,InstaPay,Completed,130,60
ORD0009793,18/07/2023,20230718,CUS00494,10,EMP0159,Vodafone Cash,Completed,1060,520
ORD0000301,19/07/2023,20230719,CUS01268,4,EMP0088,Cash,Completed,740,370
ORD0002882,19/07/2023,20230719,CUS00895,7,EMP0130,  InstaPay  ,Completed,2048.5,1030
ORD0011535,19/07/2023,20230719,CUS02027,10,EMP0154,  InstaPay  ,Completed,528,320
ORD0003368,19/07/2023,20230719,CUS00890,2,EMP0044,  Debit Card  ,Completed,2783.5,2090
ORD0005472,19/07/2023,20230719,CUS02657,3,EMP0076,Credit Card,Completed,729,400
ORD0009215,19/07/2023,20230719,CUS02137,7,EMP0134,Debit Card,Completed,7200,5600
ORD0010100,20/07/2023,20230720,CUS00873,4,EMP0087,Fawry,Completed,324,180
ORD0010725,20/07/2023,20230720,CUS01357,14,EMP0200,Vodafone Cash,Completed,8160,8000
ORD0005678,20/07/2023,20230720,CUS02133,8,EMP0141,Vodafone Cash,Completed,629,360
ORD0011505,20/07/2023,20230720,CUS00315,1,EMP0008,Vodafone Cash,Completed,14133,11270
ORD0007576,20/07/2023,20230720,CUS01791,13,EMP0187,InstaPay,Completed,1262,610
ORD0000524,20/07/2023,20230720,CUS00617,1,EMP0019,Fawry,Completed,200,100
ORD0005854,20/07/2023,20230720,CUS01100,8,EMP0141,Vodafone Cash,Completed,59133,49530
ORD0008605,20/07/2023,20230720,CUS02781,3,EMP0068,Debit Card,Completed,12070,10590
ORD0006337,21/07/2023,20230721,CUS01933,7,EMP0131,Vodafone Cash,Completed,547.5,280
ORD0008506,21/07/2023,20230721,CUS00413,11,,  Credit Card  ,Returned,432,210
ORD0011093,21/07/2023,20230721,CUS01836,4,EMP0080,Debit Card,Completed,334,200
ORD0010333,21/07/2023,20230721,CUS01000,5,EMP0098,InstaPay,Completed,1800,1600
ORD0008033,21/07/2023,20230721,CUS02224,4,EMP0086,InstaPay,Completed,23605,20680
ORD0011133,21/07/2023,20230721,CUS00984,4,EMP0090,  Cash  ,Completed,880,440
ORD0009915,21/07/2023,20230721,CUS02984,12,EMP0180,Credit Card,Completed,723,360
ORD0006000,21/07/2023,20230721,CUS00975,14,EMP0195,InstaPay,Completed,1161,570
ORD0004993,21/07/2023,20230721,CUS02231,3,EMP0065,  Credit Card  ,Completed,720,360
ORD0000352,21/07/2023,20230721,CUS02627,4,EMP0093,Debit Card,Completed,504,280
ORD0000718,21/07/2023,20230721,CUS00971,1,EMP0006,InstaPay,Completed,380,180
ORD0003347,21/07/2023,20230721,CUS00724,3,EMP0062,InstaPay,Completed,1521,880
ORD0001654,21/07/2023,20230721,CUS01934,12,EMP0182,  Vodafone Cash  ,Completed,216,120
ORD0006090,21/07/2023,20230721,CUS00349,6,EMP0114,  Credit Card  ,Completed,2615,1340
ORD0004510,21/07/2023,20230721,CUS02059,13,EMP0191,Cash,Returned,270,150
ORD0002083,21/07/2023,20230721,CUS02476,11,EMP0164,Debit Card,Completed,1833,1510
ORD0003159,22/07/2023,20230722,CUS02810,1,EMP0003,Credit Card,Returned,387,210
ORD0008645,22/07/2023,20230722,CUS00990,3,EMP0056,Vodafone Cash,Returned,336,180
ORD0000963,22/07/2023,20230722,CUS00398,1,EMP0022,InstaPay,Completed,459,250
ORD0002967,22/07/2023,20230722,CUS02655,13,EMP0187,Credit Card,Completed,1998,990
ORD0005073,22/07/2023,20230722,CUS02544,9,EMP0150,Vodafone Cash,Completed,12108,10540
ORD0011576,22/07/2023,20230722,CUS01449,3,EMP0072,Vodafone Cash,Completed,15390,12040
ORD0010713,22/07/2023,20230722,CUS01310,10,EMP0163,Cash,Returned,468,260
ORD0011792,22/07/2023,20230722,CUS01781,3,EMP0075,Vodafone Cash,Completed,638,320
ORD0007061,22/07/2023,20230722,CUS02553,2,EMP0044,Credit Card,Returned,1372,700
ORD0002137,22/07/2023,20230722,CUS02301,6,EMP0114,Credit Card,Completed,396,220
ORD0003843,23/07/2023,20230723,CUS00183,1,EMP0026,Credit Card,Cancelled,1782,1070
ORD0009369,23/07/2023,20230723,CUS00855,3,EMP0069,Fawry,Completed,20400,16200
ORD0001125,23/07/2023,20230723,CUS00703,11,EMP0169,Fawry,Completed,700,350
ORD0009333,23/07/2023,20230723,CUS00374,12,EMP0177,Vodafone Cash,Completed,1693,850
ORD0004110,23/07/2023,20230723,CUS00834,4,EMP0082,InstaPay,Completed,6750,6000
ORD0001726,23/07/2023,20230723,CUS01329,1,EMP0015,  Fawry  ,Completed,1055.5,540
ORD0007865,23/07/2023,20230723,CUS01661,1,EMP0011,Debit Card,Completed,335.5,170
ORD0005209,23/07/2023,20230723,CUS00920,3,EMP0064,Credit Card,Completed,774,410
ORD0008343,23/07/2023,20230723,CUS01177,3,EMP0078,  Cash  ,Completed,68504,60390
ORD0003589,24/07/2023,20230724,CUS00174,2,EMP0040,Cash,Completed,6959,5210
ORD0010769,24/07/2023,20230724,CUS00470,10,EMP0157,Credit Card,Completed,495,330
ORD0001309,24/07/2023,20230724,CUS01114,11,EMP0173,Credit Card,Completed,800,700
ORD0010178,24/07/2023,20230724,CUS01236,4,EMP0090,Credit Card,Completed,1192,620
ORD0010231,24/07/2023,20230724,CUS01237,1,EMP0014,Fawry,Returned,1265,760
ORD0009073,24/07/2023,20230724,CUS02804,2,EMP0031,Credit Card,Completed,39397.5,33170
ORD0007506,24/07/2023,20230724,CUS00859,4,EMP0082,Cash,Completed,505.5,250
ORD0002309,24/07/2023,20230724,CUS01454,12,EMP0179,Fawry,Completed,931.5,510
ORD0007470,24/07/2023,20230724,CUS01740,5,,Debit Card,Completed,142.5,70
ORD0008330,24/07/2023,20230724,CUS00873,1,EMP0007,  Debit Card  ,Completed,136,80
ORD0007772,24/07/2023,20230724,CUS01239,8,EMP0139,Credit Card,Completed,26381,24480
ORD0006850,24/07/2023,20230724,CUS01135,5,EMP0100,Credit Card,Completed,1190,680
ORD0002118,24/07/2023,20230724,CUS01196,5,,Cash,Completed,720,360
ORD0004030,25/07/2023,20230725,CUS01780,2,EMP0033,Fawry,Completed,775.5,400
ORD0011760,25/07/2023,20230725,CUS01799,1,EMP0001,Credit Card,Returned,480,260
ORD0002284,25/07/2023,20230725,CUS02040,13,EMP0193,Credit Card,Completed,637.5,420
ORD0009326,25/07/2023,20230725,CUS00857,10,EMP0162,Fawry,Completed,625,340
ORD0007487,25/07/2023,20230725,CUS01999,1,,  Cash  ,Completed,5470,4150
ORD0003346,25/07/2023,20230725,CUS02921,1,EMP0025,Debit Card,Completed,3452,2030
ORD0011962,25/07/2023,20230725,CUS02637,10,EMP0159,Cash,Completed,1044,560
ORD0003631,25/07/2023,20230725,CUS00962,4,,Vodafone Cash,Completed,2184.5,1070
ORD0000534,25/07/2023,20230725,CUS02668,3,EMP0075,Vodafone Cash,Completed,21800,20120
ORD0005059,25/07/2023,20230725,CUS00716,5,EMP0111,Credit Card,Completed,225,110
ORD0003292,25/07/2023,20230725,CUS02687,4,EMP0087,Credit Card,Completed,1073.5,580
ORD0003308,25/07/2023,20230725,CUS02845,3,EMP0062,Cash,Completed,333,180
ORD0008368,26/07/2023,20230726,CUS02201,15,EMP0209,Debit Card,Completed,24694,20430
ORD0011367,26/07/2023,20230726,CUS01266,15,EMP0213,Fawry,Completed,360,160
ORD0000859,26/07/2023,20230726,CUS00516,4,EMP0092,  Cash  ,Completed,140,70
ORD0006948,26/07/2023,20230726,CUS02416,3,EMP0056,Fawry,Completed,997.5,520
ORD0005989,26/07/2023,20230726,CUS02605,11,EMP0172,Fawry,Completed,207,110
ORD0006592,26/07/2023,20230726,CUS02024,1,EMP0024,Vodafone Cash,Completed,612,320
ORD0001164,26/07/2023,20230726,CUS01580,3,EMP0075,Cash,Completed,602.5,310
ORD0009260,26/07/2023,20230726,CUS02654,11,EMP0167,Vodafone Cash,Completed,21977,17020
ORD0007477,26/07/2023,20230726,CUS02684,3,EMP0056,  Credit Card  ,Completed,260,120
ORD0003063,26/07/2023,20230726,CUS01213,5,EMP0099,Vodafone Cash,Completed,540,260
ORD0006153,26/07/2023,20230726,CUS01056,1,EMP0011,InstaPay,Completed,3632,2140
ORD0006199,26/07/2023,20230726,CUS02900,8,EMP0137,Credit Card,Completed,2586,1960
ORD0011018,27/07/2023,20230727,CUS00496,1,EMP0013,Credit Card,Completed,14573,12550
ORD0007140,27/07/2023,20230727,CUS02623,5,EMP0103,Fawry,Completed,7534,7320
ORD0003362,27/07/2023,20230727,CUS00007,4,EMP0080,Debit Card,Completed,660,320
ORD0009015,27/07/2023,20230727,CUS00575,2,EMP0052,Fawry,Completed,1727,880
ORD0000491,27/07/2023,20230727,CUS01373,1,EMP0026,Vodafone Cash,Completed,339,180
ORD0007900,27/07/2023,20230727,CUS00765,3,EMP0075,Credit Card,Completed,6483.5,4750
ORD0000023,27/07/2023,20230727,CUS00031,8,EMP0142,  Fawry  ,Completed,500,290
ORD0003996,27/07/2023,20230727,CUS01199,6,EMP0114,InstaPay,Completed,382.5,220
ORD0008291,27/07/2023,20230727,CUS00859,6,EMP0113,Debit Card,Completed,63600,50800
ORD0004740,27/07/2023,20230727,CUS00109,1,,Debit Card,Completed,18800,16200
ORD0000900,28/07/2023,20230728,CUS02974,12,EMP0181,Debit Card,Completed,330,160
ORD0005385,28/07/2023,20230728,CUS00162,2,EMP0051,Credit Card,Cancelled,6000,4800
ORD0004513,28/07/2023,20230728,CUS01462,1,EMP0024,InstaPay,Completed,180,80
ORD0000260,28/07/2023,20230728,CUS00502,13,EMP0185,Debit Card,Completed,220,110
ORD0004533,28/07/2023,20230728,CUS01888,2,EMP0032,Credit Card,Completed,1685,820
ORD0006017,28/07/2023,20230728,CUS02121,1,EMP0023,Credit Card,Completed,555,270
ORD0005889,28/07/2023,20230728,CUS00096,3,EMP0064,  InstaPay  ,Completed,456,210
ORD0011196,28/07/2023,20230728,CUS02567,1,EMP0015,Vodafone Cash,Completed,1106.5,620
ORD0002776,28/07/2023,20230728,CUS01225,3,EMP0057,Vodafone Cash,Cancelled,2146,1360
ORD0001249,28/07/2023,20230728,CUS01313,6,EMP0115,Fawry,Completed,760,400
ORD0008798,28/07/2023,20230728,CUS01586,5,EMP0095,Cash,Completed,660,320
ORD0009652,28/07/2023,20230728,CUS00646,2,EMP0039,Debit Card,Completed,8114,6480
ORD0009627,29/07/2023,20230729,CUS02742,3,EMP0073,Fawry,Returned,774,410
ORD0009806,29/07/2023,20230729,CUS01630,11,,Fawry,Completed,37930,32200
ORD0009251,29/07/2023,20230729,CUS00848,7,EMP0127,Credit Card,Completed,1018.5,490
ORD0007924,29/07/2023,20230729,CUS01803,1,EMP0004,Debit Card,Returned,330,160
ORD0003813,29/07/2023,20230729,CUS00456,1,EMP0001,Credit Card,Completed,860,420
ORD0006958,29/07/2023,20230729,CUS01510,10,EMP0154,  Cash  ,Completed,2522,1430
ORD0010174,29/07/2023,20230729,CUS00095,12,EMP0181,Debit Card,Completed,4024.5,2250
ORD0001574,30/07/2023,20230730,CUS02443,10,,  Credit Card  ,Completed,931,480
ORD0003600,30/07/2023,20230730,CUS00867,6,EMP0119,Vodafone Cash,Completed,2216,1320
ORD0004250,30/07/2023,20230730,CUS01876,11,EMP0171,  Cash  ,Completed,300,140
ORD0008954,30/07/2023,20230730,CUS02927,8,EMP0142,Fawry,Cancelled,5098,3960
ORD0005641,30/07/2023,20230730,CUS02477,11,EMP0169,Vodafone Cash,Completed,1120,560
ORD0009036,30/07/2023,20230730,CUS00596,5,EMP0109,Fawry,Completed,387,210
ORD0008058,30/07/2023,20230730,CUS02565,14,EMP0197,Vodafone Cash,Completed,700,340
ORD0002194,30/07/2023,20230730,CUS01534,13,EMP0188,  Debit Card  ,Completed,232,140
ORD0010233,30/07/2023,20230730,CUS01869,11,EMP0170,Fawry,Completed,18300,19600
ORD0004812,30/07/2023,20230730,CUS00306,1,EMP0021,  Fawry  ,Completed,720,360
ORD0008788,30/07/2023,20230730,CUS02806,6,,Vodafone Cash,Completed,1300.5,720
ORD0011626,31/07/2023,20230731,CUS02375,5,,InstaPay,Completed,230,110
ORD0003789,31/07/2023,20230731,CUS02009,12,EMP0182,  Credit Card  ,Completed,1370,670
ORD0001345,31/07/2023,20230731,CUS00778,6,EMP0116,  Fawry  ,Completed,1052,540
ORD0004394,31/07/2023,20230731,CUS02316,5,EMP0104,Fawry,Completed,405,210
ORD0003196,31/07/2023,20230731,CUS02540,2,EMP0040,Credit Card,Completed,1702.5,910
ORD0008917,31/07/2023,20230731,CUS00205,12,EMP0182,Debit Card,Completed,952,480
ORD0001876,31/07/2023,20230731,CUS02903,7,EMP0133,InstaPay,Completed,10370,9800
ORD0010259,31/07/2023,20230731,CUS02742,1,EMP0013,  Vodafone Cash  ,Completed,600,360
ORD0004077,31/07/2023,20230731,CUS00638,6,EMP0124,Fawry,Completed,720,360
ORD0007502,31/07/2023,20230731,CUS02959,1,EMP0010,Vodafone Cash,Completed,21120,21200
ORD0007496,01/08/2023,20230801,CUS00796,2,EMP0049,  Credit Card  ,Completed,247,120
ORD0008696,01/08/2023,20230801,CUS02081,3,EMP0077,InstaPay,Completed,11524,10660
ORD0001019,01/08/2023,20230801,CUS00719,3,EMP0066,Credit Card,Completed,1536,780
ORD0003417,01/08/2023,20230801,CUS01911,3,EMP0069,Credit Card,Completed,1512,960
ORD0011510,01/08/2023,20230801,CUS02569,7,EMP0134,  Vodafone Cash  ,Completed,119,60
ORD0007899,01/08/2023,20230801,CUS02080,1,EMP0008,Credit Card,Returned,300,140
ORD0011989,01/08/2023,20230801,CUS00232,7,EMP0136,Debit Card,Completed,904,460
ORD0001228,01/08/2023,20230801,CUS00974,7,EMP0132,Vodafone Cash,Completed,2847,1600
ORD0010650,01/08/2023,20230801,CUS01810,8,EMP0142,Cash,Completed,323,170
ORD0005504,01/08/2023,20230801,CUS01902,15,EMP0209,Credit Card,Cancelled,480,290
ORD0010848,01/08/2023,20230801,CUS01520,4,EMP0087,InstaPay,Completed,674,370
ORD0006991,01/08/2023,20230801,CUS00733,4,EMP0085,InstaPay,Completed,880,420
ORD0009133,01/08/2023,20230801,CUS01977,3,EMP0068,InstaPay,Completed,200,120
ORD0000994,01/08/2023,20230801,CUS00269,1,EMP0012,Fawry,Completed,2697,1350
ORD0010314,02/08/2023,20230802,CUS01307,7,EMP0133,Credit Card,Completed,182,130
ORD0010200,02/08/2023,20230802,CUS02735,2,EMP0041,Debit Card,Completed,792,440
ORD0001593,02/08/2023,20230802,CUS02568,5,EMP0104,InstaPay,Cancelled,570,500
ORD0011201,02/08/2023,20230802,CUS02386,4,EMP0083,InstaPay,Completed,270,140
ORD0007966,02/08/2023,20230802,CUS01222,2,EMP0052,  Vodafone Cash  ,Completed,1177,660
ORD0000232,02/08/2023,20230802,CUS01664,6,EMP0123,  Fawry  ,Completed,900,470
ORD0003799,02/08/2023,20230802,CUS01716,1,EMP0007,Fawry,Completed,255,170
ORD0005796,02/08/2023,20230802,CUS00118,4,EMP0086,Cash,Completed,310,150
ORD0005533,02/08/2023,20230802,CUS00448,6,EMP0115,Vodafone Cash,Cancelled,783,410
ORD0004043,02/08/2023,20230802,CUS02539,7,EMP0136,InstaPay,Completed,90,40
ORD0008563,02/08/2023,20230802,CUS00184,12,EMP0176,  Credit Card  ,Completed,34530,32230
ORD0008193,02/08/2023,20230802,CUS01761,2,EMP0044,Credit Card,Completed,270,140
ORD0003681,02/08/2023,20230802,CUS02252,7,EMP0135,Credit Card,Completed,1650,810
ORD0004051,02/08/2023,20230802,CUS01174,12,EMP0176,Cash,Completed,554,290
ORD0005029,03/08/2023,20230803,CUS01523,5,EMP0111,Vodafone Cash,Completed,710,350
ORD0001288,03/08/2023,20230803,CUS00214,6,EMP0121,  Credit Card  ,Completed,791,430
ORD0000972,03/08/2023,20230803,CUS01653,5,EMP0096,  Vodafone Cash  ,Completed,360,210
ORD0009394,03/08/2023,20230803,CUS02423,12,EMP0179,  Vodafone Cash  ,Completed,1260,620
ORD0011040,03/08/2023,20230803,CUS00380,1,EMP0005,InstaPay,Completed,292.5,160
ORD0000897,03/08/2023,20230803,CUS02143,2,EMP0051,InstaPay,Completed,567,300
ORD0010957,04/08/2023,20230804,CUS00954,1,EMP0016,Fawry,Completed,1111.5,530
ORD0007180,04/08/2023,20230804,CUS01787,9,EMP0146,  Cash  ,Completed,1734,1000
ORD0001981,04/08/2023,20230804,CUS02798,15,EMP0216,Credit Card,Returned,1560,780
ORD0009981,04/08/2023,20230804,CUS01315,2,EMP0053,Vodafone Cash,Completed,1648,860
ORD0003529,04/08/2023,20230804,CUS01137,3,EMP0075,InstaPay,Completed,536,290
ORD0005089,04/08/2023,20230804,CUS02120,1,EMP0013,Credit Card,Completed,30106,23970
ORD0005713,04/08/2023,20230804,CUS02316,7,EMP0130,  Cash  ,Completed,416,260
ORD0009571,04/08/2023,20230804,CUS00967,14,EMP0202,InstaPay,Completed,11880,9600
ORD0009419,04/08/2023,20230804,CUS01074,10,EMP0156,Vodafone Cash,Completed,225,140
ORD0004608,04/08/2023,20230804,CUS00273,7,EMP0131,Debit Card,Cancelled,2999.5,2540
ORD0000386,04/08/2023,20230804,CUS02025,12,EMP0176,InstaPay,Completed,821,450
ORD0008347,05/08/2023,20230805,CUS01357,14,EMP0196,Vodafone Cash,Completed,5112,3920
ORD0007744,05/08/2023,20230805,CUS01293,5,EMP0100,Credit Card,Completed,224,160
ORD0010338,05/08/2023,20230805,CUS00611,3,EMP0064,Vodafone Cash,Completed,1183.5,590
ORD0004341,05/08/2023,20230805,CUS02260,14,EMP0195,Fawry,Completed,1615,870
ORD0002938,05/08/2023,20230805,CUS00719,2,EMP0050,Fawry,Completed,2400,1170
ORD0007281,05/08/2023,20230805,CUS01472,4,EMP0094,  Cash  ,Returned,699,380
ORD0002976,05/08/2023,20230805,CUS02225,14,EMP0196,Vodafone Cash,Completed,2302,1210
ORD0004433,05/08/2023,20230805,CUS01311,2,EMP0045,Cash,Completed,739.5,420
ORD0000644,05/08/2023,20230805,CUS02515,4,EMP0093,InstaPay,Completed,2774,1440
ORD0003079,05/08/2023,20230805,CUS02242,5,EMP0107,Vodafone Cash,Completed,759,390
ORD0005465,05/08/2023,20230805,CUS00421,15,EMP0211,Debit Card,Completed,1881,980
ORD0010640,05/08/2023,20230805,CUS00157,8,EMP0143,Debit Card,Completed,430,210
ORD0000610,05/08/2023,20230805,CUS00924,14,EMP0195,  Credit Card  ,Completed,5560,3980
ORD0011679,06/08/2023,20230806,CUS01538,4,EMP0090,Vodafone Cash,Completed,678,360
ORD0001536,06/08/2023,20230806,CUS01826,6,EMP0116,Debit Card,Completed,396,220
ORD0011470,06/08/2023,20230806,CUS00937,2,EMP0035,InstaPay,Completed,247,120
ORD0004499,06/08/2023,20230806,CUS01717,2,,Cash,Completed,126,70
ORD0009239,06/08/2023,20230806,CUS02941,3,EMP0057,Debit Card,Completed,41080,35960
ORD0007178,06/08/2023,20230806,CUS01856,4,EMP0093,  Fawry  ,Completed,48734,38680
ORD0009480,06/08/2023,20230806,CUS01663,1,EMP0014,Debit Card,Completed,500,240
ORD0002857,06/08/2023,20230806,CUS01297,2,EMP0030,Vodafone Cash,Completed,1480,730
ORD0002995,06/08/2023,20230806,CUS01910,1,EMP0005,Debit Card,Completed,1972,1090
ORD0000946,06/08/2023,20230806,CUS01380,1,EMP0010,Cash,Completed,255,170
ORD0007455,06/08/2023,20230806,CUS02267,11,EMP0167,  InstaPay  ,Completed,1872,920
ORD0004282,06/08/2023,20230806,CUS01902,1,EMP0004,Credit Card,Completed,280,170
ORD0007927,06/08/2023,20230806,CUS00415,11,EMP0165,Cash,Completed,162,80
ORD0010489,06/08/2023,20230806,CUS00912,2,EMP0049,InstaPay,Completed,682.5,340
ORD0005906,07/08/2023,20230807,CUS00602,7,EMP0134,Vodafone Cash,Completed,2052,1120
ORD0005540,07/08/2023,20230807,CUS00509,12,,Cash,Completed,13692,12050
ORD0003176,07/08/2023,20230807,CUS01520,5,EMP0112,Vodafone Cash,Completed,8010,7100
ORD0006581,07/08/2023,20230807,CUS02696,3,EMP0061,  Cash  ,Completed,520,220
ORD0010837,07/08/2023,20230807,CUS00995,14,EMP0199,Fawry,Completed,1062,580
ORD0000682,07/08/2023,20230807,CUS02185,1,EMP0007,Cash,Completed,987,510
ORD0000936,07/08/2023,20230807,CUS02633,5,EMP0103,Credit Card,Returned,13180,10820
ORD0001428,07/08/2023,20230807,CUS01163,1,EMP0009,InstaPay,Completed,210,100
ORD0008375,08/08/2023,20230808,CUS01080,13,EMP0185,Fawry,Completed,150,70
ORD0007224,08/08/2023,20230808,CUS00048,2,EMP0049,Debit Card,Completed,5000,4000
ORD0003015,08/08/2023,20230808,CUS02070,4,EMP0089,Fawry,Completed,3464,1840
ORD0010163,08/08/2023,20230808,CUS00864,5,EMP0102,Credit Card,Completed,990,480
ORD0010797,08/08/2023,20230808,CUS02500,14,EMP0202,Cash,Completed,800,430
ORD0000207,08/08/2023,20230808,CUS00271,12,EMP0183,Fawry,Returned,31326.5,24610
ORD0009975,08/08/2023,20230808,CUS01143,15,EMP0216,Vodafone Cash,Completed,420,210
ORD0011173,08/08/2023,20230808,CUS00382,7,EMP0129,  Cash  ,Completed,150,70
ORD0009605,08/08/2023,20230808,CUS02900,11,EMP0171,Cash,Completed,140,90
ORD0002872,08/08/2023,20230808,CUS02880,2,EMP0032,Debit Card,Returned,689,410
ORD0001532,09/08/2023,20230809,CUS02755,2,EMP0045,Credit Card,Completed,4728,3440
ORD0006704,09/08/2023,20230809,CUS01415,11,EMP0173,Debit Card,Completed,45230,36330
ORD0003229,09/08/2023,20230809,CUS00447,10,EMP0159,  Cash  ,Completed,774,440
ORD0010336,09/08/2023,20230809,CUS02358,10,EMP0156,Cash,Completed,168,100
ORD0011577,10/08/2023,20230810,CUS00417,15,EMP0214,InstaPay,Completed,750,360
ORD0001116,10/08/2023,20230810,CUS00968,3,EMP0061,  InstaPay  ,Completed,2739,1350
ORD0004234,10/08/2023,20230810,CUS01590,5,EMP0104,Cash,Completed,243,130
ORD0007738,10/08/2023,20230810,CUS00073,5,EMP0097,Credit Card,Completed,9560,9740
ORD0004990,10/08/2023,20230810,CUS02820,11,EMP0172,  Debit Card  ,Completed,510,250
ORD0006740,10/08/2023,20230810,CUS00051,7,EMP0130,Credit Card,Completed,11621,11410
ORD0011192,10/08/2023,20230810,CUS02185,1,EMP0024,Cash,Completed,256,160
ORD0005794,10/08/2023,20230810,CUS01393,9,EMP0151,Vodafone Cash,Completed,21311,18250
ORD0007179,10/08/2023,20230810,CUS01703,7,,  InstaPay  ,Completed,1344,700
ORD0000355,10/08/2023,20230810,CUS02162,2,EMP0040,Credit Card,Completed,1340,660
ORD0008824,10/08/2023,20230810,CUS01605,10,EMP0154,Cash,Completed,340,160
ORD0004998,11/08/2023,20230811,CUS00471,4,EMP0089,  Credit Card  ,Completed,740,330
ORD0011795,11/08/2023,20230811,CUS00928,2,EMP0044,Cash,Completed,1354,760
ORD0003421,11/08/2023,20230811,CUS02641,15,EMP0216,Fawry,Completed,1000,490
ORD0003629,11/08/2023,20230811,CUS01024,6,EMP0120,Cash,Completed,541,280
ORD0002663,11/08/2023,20230811,CUS00916,11,EMP0173,Vodafone Cash,Completed,684,340
ORD0005173,11/08/2023,20230811,CUS00909,5,EMP0099,  InstaPay  ,Completed,22800.5,20050
ORD0011917,11/08/2023,20230811,CUS00317,10,EMP0158,InstaPay,Completed,43600,34800
ORD0011059,11/08/2023,20230811,CUS02976,4,EMP0081,  Cash  ,Completed,171,90
ORD0006817,11/08/2023,20230811,CUS02234,6,EMP0122,InstaPay,Completed,243,120
ORD0011943,11/08/2023,20230811,CUS00321,1,EMP0012,Cash,Completed,693,380
ORD0006086,12/08/2023,20230812,CUS02162,1,EMP0011,Fawry,Completed,238,140
ORD0004804,12/08/2023,20230812,CUS01396,3,EMP0072,Vodafone Cash,Completed,72,40
ORD0006923,12/08/2023,20230812,CUS02617,6,EMP0117,  Debit Card  ,Completed,390,180
ORD0009960,12/08/2023,20230812,CUS01598,15,EMP0209,InstaPay,Returned,1045,500
ORD0006554,12/08/2023,20230812,CUS00586,7,EMP0134,Cash,Completed,190,90
ORD0008270,12/08/2023,20230812,CUS01514,2,EMP0040,InstaPay,Completed,678,400
ORD0006399,12/08/2023,20230812,CUS01902,5,EMP0103,Debit Card,Completed,448,280
ORD0005036,12/08/2023,20230812,CUS01161,1,EMP0028,Vodafone Cash,Completed,13086,13340
ORD0007299,12/08/2023,20230812,CUS00940,1,EMP0014,  Credit Card  ,Completed,17550.5,14090
ORD0005054,12/08/2023,20230812,CUS00737,8,EMP0140,Vodafone Cash,Completed,461,260
ORD0009190,13/08/2023,20230813,CUS00727,4,EMP0088,InstaPay,Completed,722,380
ORD0001078,13/08/2023,20230813,CUS00396,3,EMP0072,Credit Card,Returned,572.5,340
ORD0000776,13/08/2023,20230813,CUS01096,14,EMP0195,Vodafone Cash,Returned,470,230
ORD0006065,13/08/2023,20230813,CUS01381,5,EMP0112,  Cash  ,Completed,1233,620
ORD0011382,13/08/2023,20230813,CUS01986,6,EMP0115,  Credit Card  ,Completed,288,160
ORD0010728,13/08/2023,20230813,CUS01916,11,EMP0168,InstaPay,Completed,903,540
ORD0006148,13/08/2023,20230813,CUS00653,4,EMP0083,Vodafone Cash,Completed,1646,800
ORD0006848,13/08/2023,20230813,CUS02080,3,EMP0056,InstaPay,Completed,427.5,220
ORD0010619,14/08/2023,20230814,CUS00194,1,EMP0014,Vodafone Cash,Completed,5605,4700
ORD0007970,14/08/2023,20230814,CUS00880,2,EMP0033,  Vodafone Cash  ,Cancelled,836,420
ORD0004094,14/08/2023,20230814,CUS01598,1,EMP0021,Cash,Cancelled,1372.5,680
ORD0000506,14/08/2023,20230814,CUS01705,6,EMP0125,Vodafone Cash,Returned,10738,8940
ORD0006152,14/08/2023,20230814,CUS00812,5,EMP0103,Debit Card,Completed,616,350
ORD0004471,14/08/2023,20230814,CUS02487,11,EMP0166,Credit Card,Completed,15035,11980
ORD0011346,14/08/2023,20230814,CUS01892,1,EMP0023,Cash,Completed,805,480
ORD0007380,14/08/2023,20230814,CUS01451,10,EMP0163,Vodafone Cash,Completed,332.5,190
ORD0008076,14/08/2023,20230814,CUS00063,5,EMP0098,Cash,Completed,23051,18090
ORD0005626,14/08/2023,20230814,CUS00969,6,EMP0114,Credit Card,Completed,4427,4300
ORD0007834,14/08/2023,20230814,CUS02159,2,EMP0050,Credit Card,Completed,570,270
ORD0002438,14/08/2023,20230814,CUS00739,12,EMP0177,Debit Card,Cancelled,494,240
ORD0008651,15/08/2023,20230815,CUS02280,3,EMP0071,Debit Card,Completed,300,140
ORD0001777,15/08/2023,20230815,CUS02449,1,EMP0011,Fawry,Completed,168,100
ORD0005381,15/08/2023,20230815,CUS01236,5,EMP0096,Vodafone Cash,Completed,2418,1220
ORD0005768,15/08/2023,20230815,CUS02163,1,EMP0007,Vodafone Cash,Completed,112,70
ORD0002365,15/08/2023,20230815,CUS01818,5,EMP0101,  Vodafone Cash  ,Completed,14160,14100
ORD0005410,15/08/2023,20230815,CUS00954,3,EMP0071,  Cash  ,Completed,885,520
ORD0003344,16/08/2023,20230816,CUS02769,11,EMP0166,Debit Card,Completed,880,400
ORD0004751,16/08/2023,20230816,CUS02872,2,EMP0051,InstaPay,Completed,6140,4860
ORD0003000,16/08/2023,20230816,CUS00982,2,EMP0029,Credit Card,Completed,1345,660
ORD0008264,16/08/2023,20230816,CUS00527,4,EMP0087,Fawry,Completed,240,120
ORD0002463,16/08/2023,20230816,CUS02831,1,EMP0017,  Fawry  ,Completed,405.5,240
ORD0004506,16/08/2023,20230816,CUS01675,14,EMP0198,Debit Card,Completed,864.5,420
ORD0003675,17/08/2023,20230817,CUS02501,1,EMP0028,Credit Card,Completed,2957,1500
ORD0006754,17/08/2023,20230817,CUS01900,10,EMP0155,InstaPay,Completed,399,210
ORD0004314,17/08/2023,20230817,CUS00781,3,EMP0072,Fawry,Returned,2400,1560
ORD0001105,17/08/2023,20230817,CUS00346,3,EMP0061,Fawry,Completed,594,300
ORD0005819,17/08/2023,20230817,CUS00878,6,EMP0116,Debit Card,Completed,14400,12800
ORD0002779,17/08/2023,20230817,CUS02002,11,EMP0169,Vodafone Cash,Completed,15785,12440
ORD0002292,17/08/2023,20230817,CUS01323,2,EMP0050,  Debit Card  ,Cancelled,510,240
ORD0011322,17/08/2023,20230817,CUS02698,1,EMP0019,Fawry,Completed,1051,550
ORD0000599,17/08/2023,20230817,CUS02423,3,,Vodafone Cash,Completed,729,390
ORD0007171,17/08/2023,20230817,CUS02974,5,EMP0095,  Vodafone Cash  ,Completed,400,250
ORD0000317,17/08/2023,20230817,CUS00490,5,EMP0104,Vodafone Cash,Returned,5310,4700
ORD0001957,18/08/2023,20230818,CUS00349,3,EMP0055,InstaPay,Completed,4500,3220
ORD0001623,18/08/2023,20230818,CUS01534,2,EMP0033,Debit Card,Completed,639,350
ORD0007703,18/08/2023,20230818,CUS01299,2,EMP0053,Vodafone Cash,Completed,408,220
ORD0000382,18/08/2023,20230818,CUS00722,4,EMP0083,  Vodafone Cash  ,Returned,750,380
ORD0007512,18/08/2023,20230818,CUS01578,6,EMP0121,Credit Card,Completed,1244,610
ORD0005041,18/08/2023,20230818,CUS02760,15,EMP0209,Fawry,Completed,616,320
ORD0007534,18/08/2023,20230818,CUS01705,1,EMP0018,Fawry,Returned,127.5,70
ORD0003888,18/08/2023,20230818,CUS02767,3,EMP0065,Vodafone Cash,Cancelled,2235,1220
ORD0011595,18/08/2023,20230818,CUS01302,5,EMP0109,InstaPay,Completed,26700,28400
ORD0011789,18/08/2023,20230818,CUS01914,1,EMP0010,Vodafone Cash,Completed,320,140
ORD0005490,18/08/2023,20230818,CUS02986,2,EMP0042,  Cash  ,Completed,1097.5,590
ORD0002159,19/08/2023,20230819,CUS00853,4,EMP0092,  Fawry  ,Completed,906,500
ORD0011532,19/08/2023,20230819,CUS01774,15,EMP0215,  Debit Card  ,Completed,648,340
ORD0003677,19/08/2023,20230819,CUS00044,7,EMP0134,Vodafone Cash,Completed,30559,24200
ORD0003060,19/08/2023,20230819,CUS02140,11,EMP0173,InstaPay,Returned,2513,1330
ORD0006888,19/08/2023,20230819,CUS02912,11,EMP0169,Vodafone Cash,Cancelled,189,100
ORD0008677,19/08/2023,20230819,CUS00071,3,EMP0063,Cash,Cancelled,1633.5,970
ORD0010904,19/08/2023,20230819,CUS02780,11,EMP0166,InstaPay,Returned,494,260
ORD0006920,19/08/2023,20230819,CUS00113,4,EMP0089,Fawry,Completed,1560,750
ORD0006742,19/08/2023,20230819,CUS01958,1,EMP0014,InstaPay,Completed,1776,880
ORD0008809,19/08/2023,20230819,CUS00100,1,EMP0006,Credit Card,Returned,1906,940
ORD0003833,19/08/2023,20230819,CUS01106,5,EMP0096,Debit Card,Returned,1044,580
ORD0010270,19/08/2023,20230819,CUS00680,12,EMP0174,InstaPay,Completed,1411,860
ORD0005377,19/08/2023,20230819,CUS01709,2,EMP0050,Fawry,Completed,425,240
ORD0007711,20/08/2023,20230820,CUS01310,6,EMP0121,Credit Card,Completed,2528.5,1610
ORD0002855,20/08/2023,20230820,CUS01988,4,EMP0081,Vodafone Cash,Completed,136,80
ORD0002331,20/08/2023,20230820,CUS00335,2,EMP0037,Credit Card,Completed,200,90
ORD0006881,20/08/2023,20230820,CUS01799,4,EMP0092,Fawry,Completed,16708.5,14200
ORD0007528,20/08/2023,20230820,CUS00551,1,EMP0009,  Credit Card  ,Completed,460,230
ORD0011856,20/08/2023,20230820,CUS01342,12,EMP0179,Cash,Completed,16078,13200
ORD0000367,20/08/2023,20230820,CUS02451,3,EMP0068,Vodafone Cash,Returned,1065,710
ORD0001677,20/08/2023,20230820,CUS00429,1,EMP0003,Debit Card,Completed,3600,3200
ORD0004498,20/08/2023,20230820,CUS01081,12,EMP0177,Vodafone Cash,Completed,396,220
ORD0000713,21/08/2023,20230821,CUS01049,8,EMP0137,Debit Card,Completed,628.5,350
ORD0001588,21/08/2023,20230821,CUS00788,1,,  InstaPay  ,Completed,750,350
ORD0009824,21/08/2023,20230821,CUS02168,6,EMP0122,Credit Card,Completed,1054.5,580
ORD0006186,21/08/2023,20230821,CUS01627,9,EMP0146,Cash,Completed,2329,1160
ORD0005151,21/08/2023,20230821,CUS01613,5,EMP0109,InstaPay,Completed,620,300
ORD0006709,21/08/2023,20230821,CUS00969,3,EMP0072,  Debit Card  ,Cancelled,1555.5,900
ORD0004147,21/08/2023,20230821,CUS02161,10,,Credit Card,Completed,290,140
ORD0008739,21/08/2023,20230821,CUS00598,9,EMP0149,Credit Card,Completed,244,110
ORD0006317,21/08/2023,20230821,CUS02067,11,EMP0167,Credit Card,Completed,1688.5,910
ORD0007903,21/08/2023,20230821,CUS02548,10,EMP0155,Vodafone Cash,Returned,1590,770
ORD0006683,21/08/2023,20230821,CUS02522,3,EMP0073,Cash,Completed,120,70
ORD0011023,22/08/2023,20230822,CUS02201,3,EMP0065,Cash,Cancelled,1597,860
ORD0000672,22/08/2023,20230822,CUS00184,1,,Credit Card,Completed,144,70
ORD0004104,22/08/2023,20230822,CUS01028,6,EMP0123,Cash,Completed,1249.5,720
ORD0001498,22/08/2023,20230822,CUS00481,1,EMP0003,Credit Card,Completed,378,210
ORD0004696,22/08/2023,20230822,CUS00674,8,EMP0140,Cash,Completed,245.5,120
ORD0006166,22/08/2023,20230822,CUS01230,11,EMP0172,InstaPay,Completed,427.5,210
ORD0011456,22/08/2023,20230822,CUS00831,3,EMP0070,  Vodafone Cash  ,Completed,1020,580
ORD0004708,22/08/2023,20230822,CUS02419,10,EMP0154,  Fawry  ,Completed,1200,590
ORD0011082,22/08/2023,20230822,CUS00581,11,EMP0167,  Debit Card  ,Completed,260,120
ORD0007785,22/08/2023,20230822,CUS02558,9,EMP0148,Credit Card,Completed,927,490
ORD0000923,22/08/2023,20230822,CUS01338,10,EMP0152,Debit Card,Completed,1357,690
ORD0010483,23/08/2023,20230823,CUS01168,6,EMP0116,Debit Card,Completed,315,170
ORD0005767,23/08/2023,20230823,CUS02339,10,EMP0158,Cash,Completed,477,240
ORD0007596,23/08/2023,20230823,CUS01730,8,EMP0142,  InstaPay  ,Returned,1310,630
ORD0011582,23/08/2023,20230823,CUS01309,1,EMP0021,  Debit Card  ,Completed,22390,17690
ORD0003164,23/08/2023,20230823,CUS00177,3,EMP0075,InstaPay,Completed,1240,600
ORD0010491,23/08/2023,20230823,CUS02299,12,EMP0180,Fawry,Completed,486,260
ORD0008665,23/08/2023,20230823,CUS00576,10,EMP0155,Cash,Completed,3225,1610
ORD0004835,23/08/2023,20230823,CUS02403,2,EMP0053,Debit Card,Completed,1381,690
ORD0010244,23/08/2023,20230823,CUS01843,8,EMP0140,Credit Card,Completed,144,70
ORD0005614,24/08/2023,20230824,CUS01036,1,EMP0012,  InstaPay  ,Completed,920,460
ORD0007385,24/08/2023,20230824,CUS02236,13,EMP0188,Vodafone Cash,Completed,601,280
ORD0009559,24/08/2023,20230824,CUS02105,12,EMP0183,  InstaPay  ,Completed,1451,820
ORD0007105,24/08/2023,20230824,CUS01668,8,EMP0140,Fawry,Returned,840,390
ORD0003340,24/08/2023,20230824,CUS02811,3,EMP0072,  Debit Card  ,Completed,304,180
ORD0008046,24/08/2023,20230824,CUS00105,9,EMP0145,  Fawry  ,Cancelled,1754,990
ORD0011166,24/08/2023,20230824,CUS00798,4,EMP0092,Cash,Completed,12200,9800
ORD0010554,25/08/2023,20230825,CUS02443,2,EMP0033,Fawry,Completed,1276,680
ORD0008527,25/08/2023,20230825,CUS01414,1,EMP0018,InstaPay,Completed,475,250
ORD0002803,25/08/2023,20230825,CUS02370,3,EMP0059,Cash,Completed,2996,1730
ORD0005511,25/08/2023,20230825,CUS02186,2,EMP0029,Cash,Completed,110.5,60
ORD0007750,25/08/2023,20230825,CUS01166,1,EMP0001,Credit Card,Completed,1240,600
ORD0008859,26/08/2023,20230826,CUS02746,11,,Cash,Completed,480,220
ORD0003814,26/08/2023,20230826,CUS00748,11,EMP0165,Fawry,Completed,1496,850
ORD0010047,26/08/2023,20230826,CUS01737,2,EMP0041,Vodafone Cash,Completed,726.5,420
ORD0007425,26/08/2023,20230826,CUS00895,10,EMP0154,Vodafone Cash,Completed,290,140
ORD0006938,26/08/2023,20230826,CUS01364,8,EMP0140,Cash,Completed,1749.5,860
ORD0007952,26/08/2023,20230826,CUS01941,10,EMP0152,Debit Card,Completed,1230,650
ORD0005869,26/08/2023,20230826,CUS01289,7,EMP0128,InstaPay,Completed,27164,21620
ORD0000370,26/08/2023,20230826,CUS02683,8,EMP0138,Cash,Cancelled,2285,1200
ORD0008981,26/08/2023,20230826,CUS02720,2,EMP0033,  Vodafone Cash  ,Completed,52640,46330
ORD0011516,26/08/2023,20230826,CUS00735,2,EMP0048,  Cash  ,Completed,34542,30380
ORD0002253,26/08/2023,20230826,CUS00827,8,EMP0141,Debit Card,Completed,416.5,190
ORD0010237,27/08/2023,20230827,CUS02205,2,EMP0044,Cash,Completed,644,360
ORD0005792,27/08/2023,20230827,CUS01934,1,EMP0014,  Credit Card  ,Completed,920,440
ORD0006038,27/08/2023,20230827,CUS02311,12,EMP0176,  Debit Card  ,Completed,456,220
ORD0002835,27/08/2023,20230827,CUS02394,11,EMP0170,  InstaPay  ,Completed,1934,950
ORD0008331,27/08/2023,20230827,CUS00873,11,EMP0171,Fawry,Completed,375,210
ORD0002489,27/08/2023,20230827,CUS00426,6,EMP0114,  Vodafone Cash  ,Returned,300,140
ORD0009959,27/08/2023,20230827,CUS02919,3,EMP0063,Debit Card,Completed,11900,11200
ORD0001240,28/08/2023,20230828,CUS02473,3,EMP0055,Fawry,Completed,2411,1280
ORD0008466,28/08/2023,20230828,CUS01062,1,,Cash,Completed,247,130
ORD0010614,28/08/2023,20230828,CUS01319,1,EMP0021,Cash,Completed,720,360
ORD0008810,28/08/2023,20230828,CUS01132,1,EMP0024,InstaPay,Completed,4792,3090
ORD0004152,28/08/2023,20230828,CUS00883,1,EMP0022,  Cash  ,Completed,1523,800
ORD0003402,28/08/2023,20230828,CUS02153,12,EMP0183,  Fawry  ,Completed,260,130
ORD0002576,28/08/2023,20230828,CUS02976,1,EMP0017,InstaPay,Completed,1272.5,690
ORD0004844,28/08/2023,20230828,CUS01511,4,EMP0085,  Fawry  ,Returned,45143,35690
ORD0009659,28/08/2023,20230828,CUS02830,5,EMP0100,  Vodafone Cash  ,Completed,2411,1280
ORD0004823,28/08/2023,20230828,CUS00542,4,EMP0084,Vodafone Cash,Completed,1274,670
ORD0007497,28/08/2023,20230828,CUS00219,5,EMP0101,Debit Card,Completed,5000,4000
ORD0008369,28/08/2023,20230828,CUS00142,3,EMP0073,InstaPay,Completed,928.5,530
ORD0004211,28/08/2023,20230828,CUS01165,4,EMP0092,  Fawry  ,Completed,1230,660
ORD0003185,28/08/2023,20230828,CUS02971,1,EMP0020,InstaPay,Completed,323,180
ORD0003328,28/08/2023,20230828,CUS00838,4,,Fawry,Cancelled,629,360
ORD0003299,28/08/2023,20230828,CUS02392,9,EMP0150,  Vodafone Cash  ,Cancelled,266,140
ORD0001884,29/08/2023,20230829,CUS02497,2,EMP0032,InstaPay,Completed,384,210
ORD0004982,29/08/2023,20230829,CUS02098,2,EMP0043,Vodafone Cash,Completed,1086,550
ORD0006205,29/08/2023,20230829,CUS01587,14,EMP0196,Debit Card,Completed,4501,2820
ORD0007025,29/08/2023,20230829,CUS02710,9,EMP0148,Fawry,Completed,285,140
ORD0011514,29/08/2023,20230829,CUS02933,2,EMP0049,Vodafone Cash,Completed,693,380
ORD0010262,29/08/2023,20230829,CUS00936,3,EMP0069,Fawry,Returned,571.5,310
ORD0003041,29/08/2023,20230829,CUS01769,6,EMP0113,InstaPay,Completed,11200,8900
ORD0011793,29/08/2023,20230829,CUS01603,7,,Debit Card,Returned,2953,2160
ORD0003062,29/08/2023,20230829,CUS01083,3,EMP0056,Cash,Completed,7126,5690
ORD0008913,29/08/2023,20230829,CUS02220,2,EMP0042,Fawry,Completed,646,320
ORD0007081,29/08/2023,20230829,CUS00583,6,EMP0116,InstaPay,Completed,8900,7100
ORD0000192,29/08/2023,20230829,CUS01433,13,EMP0191,Credit Card,Completed,590,290
ORD0003314,30/08/2023,20230830,CUS00760,3,EMP0076,Fawry,Completed,182,130
ORD0002127,30/08/2023,20230830,CUS01279,5,EMP0102,Fawry,Completed,229.5,130
ORD0010390,30/08/2023,20230830,CUS01889,2,EMP0049,  Vodafone Cash  ,Completed,621,330
ORD0004385,30/08/2023,20230830,CUS01914,8,EMP0143,Fawry,Returned,364,260
ORD0007518,30/08/2023,20230830,CUS02924,5,EMP0104,Debit Card,Completed,494,260
ORD0000912,30/08/2023,20230830,CUS01603,3,EMP0073,InstaPay,Completed,351.5,190
ORD0004582,30/08/2023,20230830,CUS02293,4,EMP0089,Cash,Returned,1650,810
ORD0000339,30/08/2023,20230830,CUS02232,6,EMP0121,Debit Card,Completed,780,380
ORD0006092,30/08/2023,20230830,CUS02918,1,EMP0018,Vodafone Cash,Completed,2319,1160
ORD0004869,31/08/2023,20230831,CUS01345,3,EMP0072,Debit Card,Completed,72,40
ORD0009730,31/08/2023,20230831,CUS01122,3,EMP0065,  Credit Card  ,Completed,220,100
ORD0002165,31/08/2023,20230831,CUS01346,2,EMP0042,InstaPay,Completed,10200,8100
ORD0001790,31/08/2023,20230831,CUS02871,3,EMP0066,Debit Card,Completed,778,370
ORD0008957,31/08/2023,20230831,CUS02356,8,EMP0137,  Vodafone Cash  ,Completed,1916,930
ORD0000935,31/08/2023,20230831,CUS01496,3,EMP0075,Fawry,Completed,993.5,480
ORD0005851,31/08/2023,20230831,CUS00194,13,EMP0190,Vodafone Cash,Completed,7729,5840
ORD0008440,31/08/2023,20230831,CUS02103,10,EMP0157,Cash,Completed,2180,1680
ORD0000502,31/08/2023,20230831,CUS01493,11,EMP0165,Credit Card,Completed,1260,680
ORD0003107,01/09/2023,20230901,CUS02530,5,,InstaPay,Completed,720,360
ORD0007965,01/09/2023,20230901,CUS00484,13,EMP0186,Vodafone Cash,Completed,684,360
ORD0006499,01/09/2023,20230901,CUS02790,14,EMP0198,Vodafone Cash,Completed,10100,8100
ORD0001504,01/09/2023,20230901,CUS00267,1,EMP0019,Vodafone Cash,Returned,3980,1960
ORD0000774,01/09/2023,20230901,CUS02343,9,EMP0151,InstaPay,Completed,2124,1150
ORD0004858,01/09/2023,20230901,CUS02121,2,EMP0054,Fawry,Completed,1110,530
ORD0005189,01/09/2023,20230901,CUS01729,5,EMP0109,Credit Card,Completed,28030,23980
ORD0008538,01/09/2023,20230901,CUS01671,5,EMP0107,Cash,Completed,32803.5,27150
ORD0000921,01/09/2023,20230901,CUS00878,14,EMP0202,Cash,Completed,9218,7520
ORD0005301,01/09/2023,20230901,CUS00957,10,EMP0157,Cash,Completed,1370,900
ORD0005267,01/09/2023,20230901,CUS01965,7,,Debit Card,Completed,1496,800
ORD0006241,02/09/2023,20230902,CUS02404,3,EMP0064,Vodafone Cash,Completed,2243.5,1220
ORD0002321,02/09/2023,20230902,CUS00653,3,EMP0063,  Debit Card  ,Completed,781,390
ORD0005838,02/09/2023,20230902,CUS01795,6,EMP0122,Credit Card,Completed,7275,5640
ORD0005117,02/09/2023,20230902,CUS02889,9,EMP0148,Vodafone Cash,Completed,678,340
ORD0011649,02/09/2023,20230902,CUS01542,11,EMP0167,Cash,Completed,3392.5,1690
ORD0007815,03/09/2023,20230903,CUS01201,8,EMP0138,InstaPay,Completed,1350,1200
ORD0011477,03/09/2023,20230903,CUS01206,13,EMP0193,InstaPay,Completed,1173.5,600
ORD0009481,03/09/2023,20230903,CUS00772,11,EMP0170,  Credit Card  ,Completed,349,200
ORD0011870,03/09/2023,20230903,CUS01663,4,EMP0093,Debit Card,Completed,540,300
ORD0011708,03/09/2023,20230903,CUS00572,4,EMP0086,Debit Card,Completed,549.5,270
ORD0008777,03/09/2023,20230903,CUS00450,1,EMP0021,Fawry,Completed,1603,830
ORD0001490,03/09/2023,20230903,CUS01855,6,EMP0126,  Credit Card  ,Completed,512,280
ORD0001990,03/09/2023,20230903,CUS02747,10,EMP0154,Vodafone Cash,Returned,247,120
ORD0006802,04/09/2023,20230904,CUS02273,2,EMP0052,Credit Card,Completed,660,320
ORD0004767,04/09/2023,20230904,CUS01319,3,EMP0057,Credit Card,Completed,1423,760
ORD0011623,04/09/2023,20230904,CUS02440,3,,Fawry,Completed,360,190
ORD0009136,04/09/2023,20230904,CUS00390,3,EMP0064,Fawry,Completed,1456.5,710
ORD0006009,04/09/2023,20230904,CUS00542,5,EMP0102,  Debit Card  ,Returned,399,210
ORD0007218,04/09/2023,20230904,CUS01005,3,EMP0065,  Cash  ,Completed,3237.5,1820
ORD0000119,04/09/2023,20230904,CUS02612,2,EMP0032,Vodafone Cash,Completed,707.5,350
ORD0003935,04/09/2023,20230904,CUS02089,14,EMP0198,Vodafone Cash,Returned,160,70
ORD0005602,04/09/2023,20230904,CUS00334,9,EMP0151,Fawry,Returned,520,240
ORD0001181,04/09/2023,20230904,CUS02889,4,EMP0093,InstaPay,Completed,1279,700
ORD0003242,05/09/2023,20230905,CUS02207,1,,Vodafone Cash,Completed,300,150
ORD0000997,05/09/2023,20230905,CUS02297,3,EMP0073,Cash,Completed,204,120
ORD0006108,05/09/2023,20230905,CUS01823,11,EMP0168,  Credit Card  ,Completed,1139,610
ORD0006018,05/09/2023,20230905,CUS01484,11,EMP0172,InstaPay,Completed,615,290
ORD0001898,05/09/2023,20230905,CUS02960,3,EMP0055,Debit Card,Completed,560,280
ORD0000873,05/09/2023,20230905,CUS01820,2,EMP0036,Cash,Completed,1097,560
ORD0003419,05/09/2023,20230905,CUS01180,10,EMP0154,Fawry,Completed,120,70
ORD0008849,05/09/2023,20230905,CUS00470,3,EMP0077,Cash,Completed,2156,1110
ORD0003672,05/09/2023,20230905,CUS01897,11,EMP0173,Credit Card,Completed,1481,790
ORD0007786,05/09/2023,20230905,CUS00826,1,EMP0003,  Cash  ,Completed,396,220
ORD0002744,05/09/2023,20230905,CUS00104,15,EMP0209,Cash,Completed,880,430
ORD0000453,05/09/2023,20230905,CUS01670,8,EMP0137,Debit Card,Completed,512,280
ORD0005802,05/09/2023,20230905,CUS00080,2,EMP0043,Cash,Completed,486,270
ORD0002272,05/09/2023,20230905,CUS00668,1,EMP0002,  Debit Card  ,Completed,475,250
ORD0000448,05/09/2023,20230905,CUS02520,9,EMP0145,Vodafone Cash,Completed,18371,15700
ORD0005253,06/09/2023,20230906,CUS02284,1,EMP0014,Credit Card,Completed,260,130
ORD0002544,06/09/2023,20230906,CUS01416,11,EMP0165,Vodafone Cash,Completed,160,70
ORD0004701,06/09/2023,20230906,CUS02072,15,EMP0209,Fawry,Completed,632,300
ORD0003837,06/09/2023,20230906,CUS00566,3,EMP0070,Vodafone Cash,Completed,266,140
ORD0000538,06/09/2023,20230906,CUS02824,3,EMP0066,Vodafone Cash,Completed,1405.5,750
ORD0006907,06/09/2023,20230906,CUS02483,12,EMP0182,InstaPay,Completed,957.5,500
ORD0002484,06/09/2023,20230906,CUS00990,9,EMP0150,Fawry,Completed,1670,1180
ORD0003842,06/09/2023,20230906,CUS01312,2,,Cash,Completed,535,260
ORD0009586,06/09/2023,20230906,CUS00028,2,EMP0039,Vodafone Cash,Completed,2290,1170
ORD0006243,06/09/2023,20230906,CUS02981,8,EMP0144,Credit Card,Completed,3116,1650
ORD0000620,06/09/2023,20230906,CUS00932,2,EMP0033,  Debit Card  ,Completed,530,260
ORD0011938,06/09/2023,20230906,CUS01509,11,EMP0172,Credit Card,Completed,2637,1510
ORD0001370,06/09/2023,20230906,CUS00292,2,EMP0031,Cash,Completed,760,360
ORD0001848,06/09/2023,20230906,CUS02755,2,EMP0047,InstaPay,Completed,600,500
ORD0002379,06/09/2023,20230906,CUS02836,11,EMP0166,  Credit Card  ,Completed,2010.5,1050
ORD0010638,06/09/2023,20230906,CUS01054,4,EMP0089,  Vodafone Cash  ,Completed,4046,2260
ORD0000961,07/09/2023,20230907,CUS00829,6,EMP0120,Cash,Completed,437,220
ORD0009653,07/09/2023,20230907,CUS01162,3,EMP0061,Debit Card,Completed,450,240
ORD0004177,07/09/2023,20230907,CUS02860,15,EMP0208,Debit Card,Completed,909.5,480
ORD0008252,07/09/2023,20230907,CUS02065,9,EMP0145,Fawry,Completed,270,130
ORD0004269,07/09/2023,20230907,CUS00365,5,EMP0099,  Cash  ,Returned,378,190
ORD0000691,07/09/2023,20230907,CUS02734,11,EMP0166,Vodafone Cash,Completed,10170,8860
ORD0010726,07/09/2023,20230907,CUS01295,14,EMP0203,  Debit Card  ,Completed,26137.5,24510
ORD0010556,07/09/2023,20230907,CUS00076,4,EMP0090,InstaPay,Completed,4425,4700
ORD0010073,08/09/2023,20230908,CUS02616,2,EMP0046,Vodafone Cash,Completed,108,60
ORD0008694,08/09/2023,20230908,CUS02096,13,EMP0185,  InstaPay  ,Cancelled,10910,10080
ORD0001582,08/09/2023,20230908,CUS00271,3,EMP0071,Vodafone Cash,Completed,919.5,700
ORD0002641,08/09/2023,20230908,CUS02250,6,EMP0126,Fawry,Completed,37346,29760
ORD0006295,08/09/2023,20230908,CUS02178,14,EMP0201,InstaPay,Completed,610,300
ORD0009801,08/09/2023,20230908,CUS02881,6,EMP0115,Credit Card,Completed,554,300
ORD0011948,08/09/2023,20230908,CUS01275,4,EMP0088,Credit Card,Completed,1580,760
ORD0009621,08/09/2023,20230908,CUS00618,9,EMP0146,Vodafone Cash,Returned,8010,7100
ORD0001326,08/09/2023,20230908,CUS00254,14,EMP0197,Fawry,Completed,1386,760
ORD0001752,09/09/2023,20230909,CUS01800,4,EMP0080,  Vodafone Cash  ,Returned,15029,10840
ORD0004290,09/09/2023,20230909,CUS01484,12,EMP0182,InstaPay,Completed,561,320
ORD0001457,09/09/2023,20230909,CUS01323,8,EMP0144,  Credit Card  ,Completed,171,80
ORD0011973,09/09/2023,20230909,CUS01983,2,EMP0034,Credit Card,Completed,399.5,230
ORD0000539,09/09/2023,20230909,CUS01881,8,EMP0144,Debit Card,Completed,240,120
ORD0010059,09/09/2023,20230909,CUS02589,11,EMP0171,  Fawry  ,Cancelled,945,500
ORD0009869,09/09/2023,20230909,CUS02173,6,EMP0121,Fawry,Completed,541.5,280
ORD0007254,09/09/2023,20230909,CUS02933,4,EMP0080,InstaPay,Completed,361,180
ORD0000931,09/09/2023,20230909,CUS00418,14,EMP0195,  InstaPay  ,Completed,480,220
ORD0005314,09/09/2023,20230909,CUS01666,6,EMP0123,Cash,Completed,1634,810
ORD0001855,10/09/2023,20230910,CUS01917,7,EMP0130,Credit Card,Returned,504,340
ORD0005814,10/09/2023,20230910,CUS00362,3,EMP0069,InstaPay,Completed,701.5,360
ORD0009504,10/09/2023,20230910,CUS01548,7,EMP0136,Cash,Completed,494,240
ORD0005766,10/09/2023,20230910,CUS01484,11,,Credit Card,Completed,1136,560
ORD0008531,10/09/2023,20230910,CUS01253,15,EMP0216,InstaPay,Completed,76.5,40
ORD0010891,10/09/2023,20230910,CUS02704,10,EMP0156,  Cash  ,Completed,2185,1360
ORD0001374,10/09/2023,20230910,CUS00922,4,EMP0085,  Cash  ,Returned,2140,1670
ORD0006137,10/09/2023,20230910,CUS02698,7,EMP0134,Vodafone Cash,Completed,475,240
ORD0007862,10/09/2023,20230910,CUS02050,3,EMP0077,Cash,Cancelled,19542,16280
ORD0006196,10/09/2023,20230910,CUS00469,1,EMP0023,InstaPay,Completed,1524,750
ORD0005211,10/09/2023,20230910,CUS02623,2,EMP0044,Debit Card,Completed,2707.5,1470
ORD0005200,10/09/2023,20230910,CUS01189,1,EMP0019,  Fawry  ,Completed,360,170
ORD0005423,11/09/2023,20230911,CUS02231,2,EMP0029,  InstaPay  ,Completed,1680,810
ORD0009332,11/09/2023,20230911,CUS00572,15,EMP0204,  Vodafone Cash  ,Completed,1353.5,670
ORD0006236,11/09/2023,20230911,CUS00679,3,EMP0061,Vodafone Cash,Completed,127.5,70
ORD0009725,11/09/2023,20230911,CUS00480,8,EMP0137,Vodafone Cash,Cancelled,1329,720
ORD0005594,11/09/2023,20230911,CUS02491,13,EMP0186,Fawry,Completed,26472,25390
ORD0004884,11/09/2023,20230911,CUS01562,12,EMP0177,Credit Card,Returned,384,230
ORD0004610,11/09/2023,20230911,CUS02818,2,,Vodafone Cash,Completed,228,120
ORD0003480,11/09/2023,20230911,CUS01721,1,EMP0015,Debit Card,Completed,531,290
ORD0011219,11/09/2023,20230911,CUS01393,2,EMP0038,Vodafone Cash,Completed,1138.5,610
ORD0011733,11/09/2023,20230911,CUS02456,2,EMP0048,Credit Card,Returned,774,420
ORD0002073,11/09/2023,20230911,CUS00331,5,EMP0108,  Vodafone Cash  ,Completed,1476,770
ORD0007086,11/09/2023,20230911,CUS01881,6,EMP0114,InstaPay,Completed,2470,2000
ORD0010856,12/09/2023,20230912,CUS02417,12,EMP0178,Cash,Completed,634,370
ORD0000659,12/09/2023,20230912,CUS01256,6,EMP0117,Cash,Completed,2590,1390
ORD0011445,12/09/2023,20230912,CUS02142,3,EMP0062,Vodafone Cash,Completed,16355,12900
ORD0002234,12/09/2023,20230912,CUS01108,4,EMP0080,  Debit Card  ,Completed,2112,1110
ORD0007153,12/09/2023,20230912,CUS01579,3,EMP0076,InstaPay,Completed,988,520
ORD0006680,12/09/2023,20230912,CUS01345,3,EMP0058,Debit Card,Completed,1462,770
ORD0009137,12/09/2023,20230912,CUS01851,10,EMP0155,Credit Card,Completed,630,310
ORD0009686,12/09/2023,20230912,CUS01462,13,EMP0185,Credit Card,Completed,360,180
ORD0005730,12/09/2023,20230912,CUS01443,3,EMP0074,Debit Card,Completed,870,420
ORD0005094,12/09/2023,20230912,CUS02301,15,EMP0212,Vodafone Cash,Completed,300,140
ORD0010992,12/09/2023,20230912,CUS00136,6,EMP0116,Cash,Completed,658.5,400
ORD0008084,12/09/2023,20230912,CUS02498,6,EMP0123,InstaPay,Completed,187,100
ORD0007563,12/09/2023,20230912,CUS01771,1,EMP0011,Fawry,Returned,459,260
ORD0003918,13/09/2023,20230913,CUS02845,13,EMP0188,InstaPay,Completed,340,160
ORD0003336,13/09/2023,20230913,CUS02671,10,EMP0153,Credit Card,Completed,261,130
ORD0005081,13/09/2023,20230913,CUS01154,3,EMP0067,Credit Card,Completed,5850,5200
ORD0004170,13/09/2023,20230913,CUS01157,2,EMP0030,  InstaPay  ,Completed,1654,920
ORD0010395,13/09/2023,20230913,CUS02033,1,EMP0011,Debit Card,Completed,160,70
ORD0006358,14/09/2023,20230914,CUS01203,2,EMP0045,Vodafone Cash,Completed,3697.5,1870
ORD0009454,14/09/2023,20230914,CUS00326,11,EMP0171,Vodafone Cash,Completed,2400,1390
ORD0010198,14/09/2023,20230914,CUS01799,5,EMP0105,  InstaPay  ,Completed,397,200
ORD0005974,14/09/2023,20230914,CUS02376,1,EMP0009,Vodafone Cash,Completed,14576,12110
ORD0004592,14/09/2023,20230914,CUS01475,11,EMP0165,Fawry,Completed,11500,9100
ORD0009947,14/09/2023,20230914,CUS02720,5,,Fawry,Completed,765.5,500
ORD0009737,14/09/2023,20230914,CUS01502,2,EMP0030,Vodafone Cash,Completed,604,340
ORD0006140,14/09/2023,20230914,CUS00421,6,EMP0124,  Vodafone Cash  ,Completed,860,480
ORD0002716,14/09/2023,20230914,CUS00549,3,EMP0068,Debit Card,Completed,3749.5,1970
ORD0009254,14/09/2023,20230914,CUS02545,5,EMP0111,Debit Card,Completed,14967,11400
ORD0006989,14/09/2023,20230914,CUS01523,1,EMP0015,Cash,Completed,450,250
ORD0004014,14/09/2023,20230914,CUS02073,2,EMP0029,Fawry,Cancelled,1400,670
ORD0008297,14/09/2023,20230914,CUS02130,4,EMP0080,  Cash  ,Completed,776.5,430
ORD0010620,14/09/2023,20230914,CUS02855,1,EMP0015,Vodafone Cash,Completed,1440,680
ORD0007817,14/09/2023,20230914,CUS00807,12,,Credit Card,Completed,1224,690
ORD0002769,14/09/2023,20230914,CUS02566,3,EMP0069,Debit Card,Completed,9552,8340
ORD0006932,14/09/2023,20230914,CUS00313,1,EMP0002,Fawry,Completed,961,500
ORD0002583,14/09/2023,20230914,CUS00956,11,EMP0167,Vodafone Cash,Completed,886.5,470
ORD0006638,15/09/2023,20230915,CUS01315,1,EMP0026,InstaPay,Completed,1580,900
ORD0000307,15/09/2023,20230915,CUS01352,3,EMP0077,Debit Card,Completed,1207,580
ORD0000938,15/09/2023,20230915,CUS01623,2,EMP0050,InstaPay,Completed,90,40
ORD0002908,15/09/2023,20230915,CUS00477,10,EMP0156,Fawry,Returned,780,390
ORD0008574,15/09/2023,20230915,CUS01651,3,EMP0067,Debit Card,Completed,25600,20600
ORD0005608,15/09/2023,20230915,CUS00095,2,EMP0051,InstaPay,Completed,532,280
ORD0002150,15/09/2023,20230915,CUS01930,1,EMP0015,Cash,Completed,1764,890
ORD0009362,15/09/2023,20230915,CUS01420,3,EMP0056,InstaPay,Completed,918.5,450
ORD0005469,15/09/2023,20230915,CUS00784,3,EMP0061,Fawry,Completed,3107,1670
ORD0011485,15/09/2023,20230915,CUS02537,1,EMP0012,Fawry,Completed,1054.5,540
ORD0001667,15/09/2023,20230915,CUS00862,1,EMP0022,Credit Card,Completed,408,220
ORD0006503,15/09/2023,20230915,CUS00008,6,EMP0126,  InstaPay  ,Completed,440,220
ORD0002397,15/09/2023,20230915,CUS01451,1,EMP0023,Fawry,Completed,1170,620
ORD0005841,16/09/2023,20230916,CUS00167,6,EMP0121,  Vodafone Cash  ,Completed,13106.5,13210
ORD0008121,16/09/2023,20230916,CUS01267,10,EMP0157,Credit Card,Completed,1563,800
ORD0005528,16/09/2023,20230916,CUS02968,10,EMP0156,Vodafone Cash,Completed,2418,1320
ORD0009462,16/09/2023,20230916,CUS02269,10,EMP0157,  InstaPay  ,Completed,2744,1550
ORD0000601,16/09/2023,20230916,CUS02241,2,EMP0041,  Cash  ,Completed,300,140
ORD0005659,16/09/2023,20230916,CUS02427,2,EMP0041,  InstaPay  ,Completed,6142,6680
ORD0010316,16/09/2023,20230916,CUS02139,1,EMP0019,Debit Card,Completed,8390,6610
ORD0003831,16/09/2023,20230916,CUS02763,14,EMP0202,InstaPay,Completed,7565,7100
ORD0002418,16/09/2023,20230916,CUS00291,3,EMP0070,  Debit Card  ,Completed,414,220
ORD0011617,16/09/2023,20230916,CUS01768,2,EMP0029,InstaPay,Completed,136,80
ORD0009745,16/09/2023,20230916,CUS00903,13,EMP0185,  Cash  ,Completed,1380,690
ORD0001685,17/09/2023,20230917,CUS01661,10,EMP0159,Fawry,Completed,200,80
ORD0011294,17/09/2023,20230917,CUS00403,1,EMP0025,Debit Card,Completed,1174,600
ORD0011851,17/09/2023,20230917,CUS00487,11,EMP0164,  Fawry  ,Completed,1024.5,570
ORD0003285,17/09/2023,20230917,CUS00657,2,EMP0036,  Cash  ,Completed,693,380
ORD0003143,17/09/2023,20230917,CUS02094,1,EMP0010,Credit Card,Completed,1480,740
ORD0002699,17/09/2023,20230917,CUS01871,15,EMP0204,Debit Card,Completed,1131,540
ORD0007161,17/09/2023,20230917,CUS02949,5,EMP0097,InstaPay,Completed,1152,680
ORD0006953,18/09/2023,20230918,CUS01419,4,,Cash,Returned,136,70
ORD0007420,18/09/2023,20230918,CUS00864,6,EMP0121,InstaPay,Completed,1430,700
ORD0009276,18/09/2023,20230918,CUS02583,4,EMP0084,Credit Card,Completed,703,360
ORD0001885,18/09/2023,20230918,CUS02129,1,EMP0027,InstaPay,Completed,142.5,90
ORD0011648,18/09/2023,20230918,CUS02992,6,EMP0121,Debit Card,Completed,1595.5,850
ORD0008463,18/09/2023,20230918,CUS02251,7,EMP0128,Cash,Completed,1440,720
ORD0003706,18/09/2023,20230918,CUS00572,11,EMP0168,Fawry,Completed,2888,1480
ORD0005084,18/09/2023,20230918,CUS02181,1,EMP0007,Debit Card,Completed,246.5,140
ORD0007020,19/09/2023,20230919,CUS02041,2,EMP0049,  Credit Card  ,Completed,1170,600
ORD0009085,19/09/2023,20230919,CUS02540,1,EMP0009,Fawry,Completed,2512.5,1340
ORD0000741,19/09/2023,20230919,CUS00432,13,EMP0189,InstaPay,Completed,270,150
ORD0009056,19/09/2023,20230919,CUS01802,5,EMP0103,InstaPay,Completed,126,70
ORD0001713,19/09/2023,20230919,CUS00106,2,,  Debit Card  ,Completed,740,360
ORD0009358,19/09/2023,20230919,CUS02363,10,EMP0154,Fawry,Completed,347,170
ORD0006736,19/09/2023,20230919,CUS02463,6,EMP0122,Cash,Returned,1290,630
ORD0005693,19/09/2023,20230919,CUS01809,2,,  Credit Card  ,Completed,252,140
ORD0009516,19/09/2023,20230919,CUS02470,4,EMP0092,Credit Card,Returned,603,310
ORD0009306,19/09/2023,20230919,CUS02016,3,EMP0055,  Fawry  ,Completed,150,70
ORD0002707,19/09/2023,20230919,CUS02423,13,EMP0186,Debit Card,Completed,4002,3060
ORD0005811,19/09/2023,20230919,CUS01118,2,EMP0046,Cash,Completed,950,510
ORD0008961,20/09/2023,20230920,CUS01242,14,EMP0198,Fawry,Completed,330,160
ORD0002263,20/09/2023,20230920,CUS00218,6,EMP0124,Vodafone Cash,Completed,1246,630
ORD0002547,20/09/2023,20230920,CUS01268,1,EMP0025,  Debit Card  ,Completed,1155,580
ORD0007466,20/09/2023,20230920,CUS00695,3,EMP0062,Cash,Completed,320,160
ORD0002556,20/09/2023,20230920,CUS02296,8,EMP0139,Fawry,Completed,882,480
ORD0007911,20/09/2023,20230920,CUS00303,1,EMP0007,Credit Card,Cancelled,135,70
ORD0009301,20/09/2023,20230920,CUS02836,14,EMP0194,Debit Card,Completed,4782,2420
ORD0008625,20/09/2023,20230920,CUS00240,1,,Vodafone Cash,Completed,5793,2940
ORD0005449,20/09/2023,20230920,CUS02749,1,,Vodafone Cash,Completed,333,180
ORD0003073,20/09/2023,20230920,CUS01920,2,,Cash,Cancelled,918,510
ORD0003889,21/09/2023,20230921,CUS01999,2,EMP0029,  InstaPay  ,Completed,912,440
ORD0004273,21/09/2023,20230921,CUS00845,7,EMP0129,InstaPay,Completed,240,150
ORD0000434,21/09/2023,20230921,CUS00908,4,EMP0083,Fawry,Completed,910.5,520
ORD0000996,21/09/2023,20230921,CUS00795,4,EMP0085,Fawry,Completed,1338,700
ORD0005442,21/09/2023,20230921,CUS02685,2,EMP0031,Credit Card,Completed,1722,820
ORD0006398,21/09/2023,20230921,CUS01110,4,EMP0085,  InstaPay  ,Completed,637.5,360
ORD0006713,21/09/2023,20230921,CUS01529,2,EMP0051,InstaPay,Completed,228,120
ORD0004070,21/09/2023,20230921,CUS01272,2,EMP0047,Credit Card,Completed,532,270
ORD0010617,21/09/2023,20230921,CUS01217,1,EMP0010,  Vodafone Cash  ,Completed,216,110
ORD0006110,21/09/2023,20230921,CUS00647,9,EMP0151,Fawry,Completed,830,540
ORD0011975,21/09/2023,20230921,CUS01426,1,,InstaPay,Completed,1471,720
ORD0005857,21/09/2023,20230921,CUS00733,2,EMP0034,Cash,Completed,1349,700
ORD0001361,21/09/2023,20230921,CUS00789,1,EMP0007,Cash,Completed,5120,3240
ORD0005832,21/09/2023,20230921,CUS00954,4,EMP0080,Vodafone Cash,Completed,1740,870
ORD0002261,21/09/2023,20230921,CUS01750,2,EMP0038,Debit Card,Completed,535.5,300
ORD0003254,22/09/2023,20230922,CUS00054,1,EMP0005,Credit Card,Completed,216,120
ORD0003367,22/09/2023,20230922,CUS01248,3,EMP0058,  Cash  ,Completed,133,60
ORD0012000,22/09/2023,20230922,CUS02891,2,EMP0045,  Debit Card  ,Completed,1240,600
ORD0000196,22/09/2023,20230922,CUS01669,5,EMP0096,InstaPay,Completed,8972,8300
ORD0008056,22/09/2023,20230922,CUS00187,3,EMP0055,Cash,Completed,270,140
ORD0008576,22/09/2023,20230922,CUS00728,2,EMP0039,Fawry,Completed,189,100
ORD0006490,22/09/2023,20230922,CUS00199,3,EMP0060,Vodafone Cash,Completed,793,430
ORD0001537,22/09/2023,20230922,CUS02835,4,EMP0081,Credit Card,Completed,662,370
ORD0001289,22/09/2023,20230922,CUS00935,3,EMP0069,Cash,Completed,468,260
ORD0001983,22/09/2023,20230922,CUS02817,7,EMP0136,Debit Card,Completed,1224.5,680
ORD0007910,22/09/2023,20230922,CUS02330,2,EMP0031,Debit Card,Completed,1272.5,630
ORD0010523,22/09/2023,20230922,CUS00682,1,,Credit Card,Completed,1752,860
ORD0001798,22/09/2023,20230922,CUS02804,10,EMP0155,Debit Card,Completed,513,270
ORD0010356,23/09/2023,20230923,CUS02847,9,,Cash,Completed,745,370
ORD0000872,23/09/2023,20230923,CUS02393,2,EMP0044,Credit Card,Completed,720,340
ORD0000030,23/09/2023,20230923,CUS02706,7,EMP0129,InstaPay,Completed,2333,1210
ORD0010539,23/09/2023,20230923,CUS01105,11,EMP0171,Cash,Completed,3049,1630
ORD0011145,23/09/2023,20230923,CUS01149,5,EMP0098,Vodafone Cash,Completed,243,120
ORD0001233,23/09/2023,20230923,CUS00091,3,EMP0062,Fawry,Completed,2288,1150
ORD0002814,23/09/2023,20230923,CUS00208,3,EMP0058,Fawry,Completed,90,40
ORD0004710,23/09/2023,20230923,CUS02448,11,EMP0168,InstaPay,Completed,1458,780
ORD0010885,23/09/2023,20230923,CUS02237,2,EMP0051,Vodafone Cash,Completed,810,410
ORD0008850,23/09/2023,20230923,CUS02211,15,EMP0205,  InstaPay  ,Completed,1648.5,910
ORD0007588,23/09/2023,20230923,CUS00157,13,EMP0192,Cash,Completed,418,220
ORD0010417,23/09/2023,20230923,CUS00381,1,EMP0002,InstaPay,Completed,10719,9180
ORD0002512,24/09/2023,20230924,CUS00594,13,EMP0185,Credit Card,Completed,388,180
ORD0000411,24/09/2023,20230924,CUS02449,4,EMP0081,Fawry,Returned,1664,820
ORD0010433,24/09/2023,20230924,CUS02341,3,EMP0067,Cash,Completed,1501,850
ORD0005702,24/09/2023,20230924,CUS01457,11,EMP0167,Cash,Completed,600,280
ORD0004398,24/09/2023,20230924,CUS00140,13,EMP0188,Fawry,Completed,964,500
ORD0000035,24/09/2023,20230924,CUS02728,3,EMP0075,  Credit Card  ,Completed,12200,9800
ORD0009294,24/09/2023,20230924,CUS02828,4,EMP0086,Cash,Completed,9252,7340
ORD0001248,24/09/2023,20230924,CUS02993,1,EMP0012,Cash,Completed,360,180
ORD0003739,24/09/2023,20230924,CUS01349,2,EMP0049,Cash,Completed,430,210
ORD0010747,25/09/2023,20230925,CUS02301,15,EMP0209,Credit Card,Completed,1075,550
ORD0006933,25/09/2023,20230925,CUS02048,2,EMP0053,Credit Card,Completed,420,200
ORD0006198,25/09/2023,20230925,CUS02811,14,EMP0200,Vodafone Cash,Completed,3026.5,1690
ORD0009784,25/09/2023,20230925,CUS02993,2,EMP0040,Credit Card,Completed,2315,1810
ORD0003773,25/09/2023,20230925,CUS01893,7,EMP0127,Fawry,Completed,432,230
ORD0011965,25/09/2023,20230925,CUS00537,3,EMP0069,InstaPay,Completed,128,70
ORD0003787,25/09/2023,20230925,CUS00815,14,EMP0201,  Vodafone Cash  ,Completed,835,490
ORD0004212,25/09/2023,20230925,CUS02818,2,EMP0039,Cash,Completed,510,280
ORD0005994,25/09/2023,20230925,CUS00984,5,EMP0103,  Cash  ,Completed,384,230
ORD0002069,26/09/2023,20230926,CUS01009,13,EMP0193,Debit Card,Completed,792,440
ORD0003288,26/09/2023,20230926,CUS02769,4,EMP0083,Credit Card,Completed,678,360
ORD0009415,26/09/2023,20230926,CUS00089,2,EMP0045,Fawry,Completed,2344,1420
ORD0002465,26/09/2023,20230926,CUS01026,2,EMP0034,  Cash  ,Completed,9728,8620
ORD0006032,26/09/2023,20230926,CUS01560,8,EMP0142,  Cash  ,Completed,3492.5,2340
ORD0005573,27/09/2023,20230927,CUS01772,3,EMP0071,Fawry,Completed,1560,760
ORD0006587,27/09/2023,20230927,CUS02428,2,EMP0052,InstaPay,Completed,1444,1140
ORD0008428,27/09/2023,20230927,CUS00423,8,EMP0144,Vodafone Cash,Completed,6583.5,5540
ORD0000325,27/09/2023,20230927,CUS01576,10,EMP0153,Debit Card,Completed,510,290
ORD0004657,27/09/2023,20230927,CUS01505,9,EMP0149,Credit Card,Completed,1239,730
ORD0001945,27/09/2023,20230927,CUS00688,11,EMP0167,Cash,Completed,494,240
ORD0009341,27/09/2023,20230927,CUS00894,7,EMP0133,Fawry,Completed,972,510
ORD0000157,27/09/2023,20230927,CUS02669,14,EMP0196,Vodafone Cash,Completed,2407,1250
ORD0001084,27/09/2023,20230927,CUS00132,10,EMP0158,Debit Card,Completed,1094.5,570
ORD0007112,27/09/2023,20230927,CUS02595,1,EMP0023,Cash,Returned,1216,740
ORD0007897,27/09/2023,20230927,CUS01151,1,,Credit Card,Completed,2902,2240
ORD0006698,27/09/2023,20230927,CUS01328,10,EMP0161,Cash,Returned,1445.5,1000
ORD0006662,28/09/2023,20230928,CUS00496,2,EMP0048,Cash,Completed,2158,1240
ORD0008618,28/09/2023,20230928,CUS02046,1,EMP0007,  Debit Card  ,Completed,2275.5,1380
ORD0002584,28/09/2023,20230928,CUS02023,8,,Fawry,Completed,940,460
ORD0006278,28/09/2023,20230928,CUS02344,5,EMP0103,Credit Card,Completed,1487,770
ORD0010936,28/09/2023,20230928,CUS01903,2,EMP0051,InstaPay,Completed,553,280
ORD0010702,28/09/2023,20230928,CUS01686,8,EMP0143,InstaPay,Completed,54621,48110
ORD0001548,28/09/2023,20230928,CUS00712,7,EMP0136,Credit Card,Completed,4137,3610
ORD0007938,28/09/2023,20230928,CUS00720,2,EMP0045,Fawry,Completed,847,440
ORD0005991,29/09/2023,20230929,CUS00432,2,EMP0050,InstaPay,Completed,20148,15990
ORD0009651,29/09/2023,20230929,CUS01639,4,EMP0082,Cash,Completed,1660,810
ORD0009608,29/09/2023,20230929,CUS02537,13,EMP0186,Fawry,Completed,774,410
ORD0007421,29/09/2023,20230929,CUS00704,2,EMP0032,Credit Card,Completed,741,340
ORD0006268,29/09/2023,20230929,CUS00795,3,EMP0077,Cash,Cancelled,24617,18890
ORD0004022,29/09/2023,20230929,CUS02057,11,EMP0173,  Cash  ,Returned,470,250
ORD0000057,29/09/2023,20230929,CUS00920,6,EMP0120,  Fawry  ,Completed,243,120
ORD0001154,29/09/2023,20230929,CUS02840,3,EMP0073,Fawry,Completed,37788,42440
ORD0000808,29/09/2023,20230929,CUS00334,3,EMP0075,Credit Card,Completed,773.5,460
ORD0007280,29/09/2023,20230929,CUS00822,4,EMP0087,InstaPay,Completed,144,70
ORD0003990,29/09/2023,20230929,CUS00371,1,EMP0005,Debit Card,Completed,98,60
ORD0011969,30/09/2023,20230930,CUS00357,4,EMP0093,Vodafone Cash,Returned,234,120
ORD0007084,30/09/2023,20230930,CUS00047,5,EMP0099,  Credit Card  ,Completed,230,110
ORD0004437,30/09/2023,20230930,CUS02292,2,EMP0033,Credit Card,Completed,1200,600
ORD0008735,30/09/2023,20230930,CUS01846,4,EMP0089,Fawry,Completed,456,240
ORD0000631,30/09/2023,20230930,CUS02546,10,EMP0161,InstaPay,Completed,8066.5,7390
ORD0009345,30/09/2023,20230930,CUS00073,4,EMP0094,  Debit Card  ,Completed,225,110
ORD0004647,30/09/2023,20230930,CUS02107,5,EMP0098,Credit Card,Returned,536,280
ORD0010647,30/09/2023,20230930,CUS01102,9,EMP0145,InstaPay,Completed,1067,530
ORD0011180,30/09/2023,20230930,CUS01762,2,EMP0044,Credit Card,Completed,674,340
ORD0010010,30/09/2023,20230930,CUS02544,2,EMP0030,Cash,Completed,876,460
ORD0010099,30/09/2023,20230930,CUS01079,3,EMP0062,  InstaPay  ,Completed,672,400
ORD0007297,30/09/2023,20230930,CUS02010,12,EMP0184,Debit Card,Completed,5490,4900
ORD0005038,30/09/2023,20230930,CUS00816,12,EMP0177,InstaPay,Completed,216,120
ORD0010468,30/09/2023,20230930,CUS00006,12,EMP0178,Fawry,Completed,1324.5,690
ORD0009071,30/09/2023,20230930,CUS02148,4,EMP0086,InstaPay,Completed,840,420
ORD0002691,01/10/2023,20231001,CUS00048,2,EMP0046,InstaPay,Completed,957.5,480
ORD0000949,01/10/2023,20231001,CUS00218,2,EMP0054,InstaPay,Completed,19663,16830
ORD0005688,01/10/2023,20231001,CUS02451,1,EMP0004,Vodafone Cash,Returned,2080,1040
ORD0011232,01/10/2023,20231001,CUS01000,8,EMP0137,  InstaPay  ,Completed,1009,460
ORD0003002,01/10/2023,20231001,CUS00492,2,EMP0050,Cash,Completed,560,280
ORD0011364,01/10/2023,20231001,CUS01621,12,EMP0174,Credit Card,Completed,1590,790
ORD0006365,01/10/2023,20231001,CUS00010,3,EMP0061,Vodafone Cash,Completed,198,100
ORD0005866,01/10/2023,20231001,CUS02232,8,EMP0142,InstaPay,Completed,648,340
ORD0009666,01/10/2023,20231001,CUS01679,3,,Cash,Completed,510,250
ORD0001618,01/10/2023,20231001,CUS02137,12,EMP0176,Cash,Completed,285,150
ORD0007559,01/10/2023,20231001,CUS02908,3,EMP0056,Cash,Completed,923,500
ORD0010128,01/10/2023,20231001,CUS00424,6,EMP0118,Credit Card,Completed,1274,680
ORD0000446,01/10/2023,20231001,CUS01716,7,EMP0136,Vodafone Cash,Completed,160,70
ORD0006790,01/10/2023,20231001,CUS01961,1,EMP0013,Fawry,Completed,680,320
ORD0009106,01/10/2023,20231001,CUS00308,12,EMP0180,Vodafone Cash,Completed,1559.5,880
ORD0007270,02/10/2023,20231002,CUS02059,4,EMP0082,  Debit Card  ,Cancelled,3162,1830
ORD0007349,02/10/2023,20231002,CUS02879,5,EMP0109,  Cash  ,Returned,1441,720
ORD0001611,02/10/2023,20231002,CUS01089,3,EMP0064,  Debit Card  ,Completed,25080,21200
ORD0004859,02/10/2023,20231002,CUS00701,1,EMP0025,  Vodafone Cash  ,Completed,320,140
ORD0009140,02/10/2023,20231002,CUS02755,12,EMP0181,Credit Card,Completed,1246.5,650
ORD0002727,02/10/2023,20231002,CUS01711,2,EMP0038,InstaPay,Completed,314,160
ORD0006895,02/10/2023,20231002,CUS02127,9,,  Vodafone Cash  ,Completed,13395.5,10610
ORD0001020,02/10/2023,20231002,CUS00669,2,EMP0044,Fawry,Returned,243,130
ORD0002815,02/10/2023,20231002,CUS02944,1,EMP0015,InstaPay,Completed,2300,1220
ORD0003822,02/10/2023,20231002,CUS01379,5,EMP0106,  Debit Card  ,Completed,10412,8440
ORD0005774,02/10/2023,20231002,CUS00888,4,EMP0079,  Cash  ,Completed,1940,960
ORD0005236,03/10/2023,20231003,CUS02845,5,EMP0098,Vodafone Cash,Completed,513,270
ORD0006223,03/10/2023,20231003,CUS01642,5,EMP0104,  Vodafone Cash  ,Completed,13804,12140
ORD0002969,03/10/2023,20231003,CUS02463,14,EMP0199,Credit Card,Completed,770,350
ORD0001516,03/10/2023,20231003,CUS01331,4,EMP0092,InstaPay,Completed,1677,890
ORD0005334,03/10/2023,20231003,CUS01459,4,EMP0090,  Debit Card  ,Cancelled,510,290
ORD0010396,03/10/2023,20231003,CUS01972,2,EMP0033,Cash,Completed,633,380
ORD0010419,03/10/2023,20231003,CUS02572,12,EMP0175,  Cash  ,Completed,203,140
ORD0007275,03/10/2023,20231003,CUS01048,13,,Vodafone Cash,Completed,456,210
ORD0003746,03/10/2023,20231003,CUS02599,15,EMP0210,Cash,Completed,1690,820
ORD0008032,03/10/2023,20231003,CUS01864,1,EMP0023,Fawry,Completed,13760,10770
ORD0006834,03/10/2023,20231003,CUS01751,15,EMP0211,InstaPay,Completed,612,320
ORD0010883,03/10/2023,20231003,CUS02673,7,EMP0127,Credit Card,Cancelled,1647,900
ORD0001771,03/10/2023,20231003,CUS00831,1,EMP0004,Credit Card,Completed,729,380
ORD0000447,04/10/2023,20231004,CUS00145,11,EMP0165,Cash,Completed,600,300
ORD0010971,04/10/2023,20231004,CUS01371,2,,  Fawry  ,Completed,112.5,70
ORD0007008,04/10/2023,20231004,CUS00526,7,,InstaPay,Completed,171,90
ORD0007907,04/10/2023,20231004,CUS01779,4,EMP0084,Fawry,Returned,20105.5,15680
ORD0010546,04/10/2023,20231004,CUS00347,8,EMP0139,Debit Card,Cancelled,5532,3200
ORD0008862,04/10/2023,20231004,CUS02527,1,EMP0010,Vodafone Cash,Completed,1544,840
ORD0011458,04/10/2023,20231004,CUS00295,1,EMP0022,Debit Card,Completed,13857,12530
ORD0002029,04/10/2023,20231004,CUS01116,9,EMP0150,InstaPay,Cancelled,172.5,110
ORD0000999,04/10/2023,20231004,CUS00352,5,EMP0111,  InstaPay  ,Completed,112,70
ORD0000015,04/10/2023,20231004,CUS01409,6,,  Debit Card  ,Completed,76.5,40
ORD0004569,04/10/2023,20231004,CUS02310,11,EMP0167,Credit Card,Completed,590,290
ORD0001929,05/10/2023,20231005,CUS01697,10,EMP0152,Cash,Completed,1746,900
ORD0010398,05/10/2023,20231005,CUS02560,5,EMP0107,InstaPay,Completed,1413,710
ORD0002119,05/10/2023,20231005,CUS02245,10,EMP0155,Debit Card,Completed,57879.5,45630
ORD0004319,05/10/2023,20231005,CUS00511,4,EMP0090,Cash,Completed,160,70
ORD0006814,05/10/2023,20231005,CUS00258,10,EMP0154,  Cash  ,Completed,8327,6140
ORD0008243,05/10/2023,20231005,CUS01395,2,EMP0054,Vodafone Cash,Completed,5795,4900
ORD0001567,05/10/2023,20231005,CUS00135,2,EMP0038,InstaPay,Completed,240,110
ORD0000202,05/10/2023,20231005,CUS01334,5,EMP0107,Vodafone Cash,Completed,16450,13200
ORD0007879,05/10/2023,20231005,CUS01581,1,EMP0008,Fawry,Returned,3260,1580
ORD0008537,06/10/2023,20231006,CUS00571,13,EMP0185,Debit Card,Completed,800,390
ORD0010520,06/10/2023,20231006,CUS01265,3,EMP0072,Debit Card,Completed,1495.5,930
ORD0004574,06/10/2023,20231006,CUS02888,10,EMP0159,  Fawry  ,Cancelled,120,80
ORD0010252,06/10/2023,20231006,CUS00249,4,EMP0094,  Credit Card  ,Completed,5381.5,2720
ORD0011967,06/10/2023,20231006,CUS00997,4,EMP0082,Vodafone Cash,Completed,874,640
ORD0008362,07/10/2023,20231007,CUS02223,4,EMP0086,InstaPay,Completed,584,290
ORD0006285,07/10/2023,20231007,CUS00914,12,EMP0175,Debit Card,Completed,420,210
ORD0001477,07/10/2023,20231007,CUS00948,4,EMP0093,Credit Card,Completed,1919,1040
ORD0005640,07/10/2023,20231007,CUS00370,6,EMP0114,InstaPay,Completed,1287,720
ORD0009283,07/10/2023,20231007,CUS01935,2,EMP0032,Credit Card,Completed,1023,500
ORD0005276,07/10/2023,20231007,CUS00998,9,EMP0148,InstaPay,Completed,340,160
ORD0002124,07/10/2023,20231007,CUS00967,5,EMP0106,InstaPay,Returned,2055,1090
ORD0000925,08/10/2023,20231008,CUS02742,15,EMP0215,Fawry,Completed,2609,1400
ORD0001708,08/10/2023,20231008,CUS02750,2,EMP0036,Credit Card,Completed,60144,47940
ORD0002848,08/10/2023,20231008,CUS00341,9,,Vodafone Cash,Completed,8000,6400
ORD0000003,08/10/2023,20231008,CUS01275,2,EMP0049,Fawry,Completed,322.5,210
ORD0010103,08/10/2023,20231008,CUS00966,2,EMP0050,InstaPay,Completed,450,220
ORD0003431,08/10/2023,20231008,CUS02495,9,EMP0146,InstaPay,Returned,288,140
ORD0008508,08/10/2023,20231008,CUS00494,2,EMP0029,Cash,Completed,423,230
ORD0004049,09/10/2023,20231009,CUS01452,2,EMP0033,Debit Card,Completed,142.5,70
ORD0002812,09/10/2023,20231009,CUS01670,15,EMP0212,Debit Card,Completed,360,160
ORD0003387,09/10/2023,20231009,CUS01272,6,EMP0120,InstaPay,Completed,392,280
ORD0002532,09/10/2023,20231009,CUS02638,1,EMP0021,Debit Card,Completed,1152,590
ORD0008513,09/10/2023,20231009,CUS01305,12,EMP0184,  Credit Card  ,Returned,11463.5,9140
ORD0007722,09/10/2023,20231009,CUS00556,2,EMP0053,InstaPay,Completed,336,170
ORD0001412,09/10/2023,20231009,CUS00012,1,EMP0016,Debit Card,Completed,114,60
ORD0000633,09/10/2023,20231009,CUS01461,4,EMP0087,Credit Card,Completed,11447,9560
ORD0009558,09/10/2023,20231009,CUS01629,7,EMP0127,Credit Card,Completed,390,260
ORD0007550,09/10/2023,20231009,CUS02539,2,EMP0038,Fawry,Completed,300,140
ORD0008433,09/10/2023,20231009,CUS01562,15,EMP0212,Fawry,Completed,24522,27020
ORD0005765,09/10/2023,20231009,CUS02195,2,EMP0052,Debit Card,Completed,8729,9900
ORD0007393,09/10/2023,20231009,CUS01888,7,EMP0129,  Credit Card  ,Completed,230,110
ORD0010393,10/10/2023,20231010,CUS01619,2,,InstaPay,Completed,272.5,130
ORD0002850,10/10/2023,20231010,CUS02710,5,EMP0099,Debit Card,Completed,142.5,70
ORD0007449,10/10/2023,20231010,CUS00974,5,EMP0110,Cash,Completed,2154,1040
ORD0000632,10/10/2023,20231010,CUS01363,2,EMP0029,Fawry,Completed,468,250
ORD0002075,10/10/2023,20231010,CUS02422,15,EMP0214,Debit Card,Completed,171,90
ORD0009966,10/10/2023,20231010,CUS00394,2,EMP0045,Vodafone Cash,Completed,795,450
ORD0007118,10/10/2023,20231010,CUS01264,6,EMP0116,Fawry,Completed,984,490
ORD0004307,10/10/2023,20231010,CUS00766,11,EMP0170,Fawry,Completed,1565.5,790
ORD0004318,10/10/2023,20231010,CUS01184,7,EMP0130,Fawry,Completed,450.5,240
ORD0000390,10/10/2023,20231010,CUS02778,7,EMP0128,Debit Card,Completed,1064,560
ORD0002225,10/10/2023,20231010,CUS00807,4,EMP0085,  InstaPay  ,Completed,442,250
ORD0007439,10/10/2023,20231010,CUS01204,4,EMP0091,InstaPay,Completed,988,520
ORD0011914,10/10/2023,20231010,CUS00316,6,EMP0123,Debit Card,Completed,610,300
ORD0005915,10/10/2023,20231010,CUS01882,1,EMP0007,Cash,Completed,650,320
ORD0005920,10/10/2023,20231010,CUS00888,6,EMP0114,  Fawry  ,Completed,442,250
ORD0002962,10/10/2023,20231010,CUS00112,14,EMP0201,Fawry,Completed,247.5,120
ORD0010518,11/10/2023,20231011,CUS02008,13,EMP0192,Credit Card,Cancelled,8455,7100
ORD0002632,11/10/2023,20231011,CUS02425,6,EMP0121,Vodafone Cash,Completed,877.5,420
ORD0007322,11/10/2023,20231011,CUS01129,2,EMP0032,Vodafone Cash,Completed,160,90
ORD0002390,11/10/2023,20231011,CUS02732,12,EMP0180,  Vodafone Cash  ,Completed,3622.5,2660
ORD0009596,11/10/2023,20231011,CUS00593,1,EMP0022,  Fawry  ,Completed,382.5,240
ORD0007642,11/10/2023,20231011,CUS00303,13,EMP0192,InstaPay,Completed,498,270
ORD0011627,11/10/2023,20231011,CUS00568,3,EMP0073,Cash,Completed,6552.5,4880
ORD0011406,11/10/2023,20231011,CUS01413,1,EMP0006,  InstaPay  ,Returned,210,140
ORD0005455,11/10/2023,20231011,CUS02749,14,,Vodafone Cash,Completed,940,480
ORD0000588,11/10/2023,20231011,CUS00818,10,EMP0156,Cash,Completed,1160,580
ORD0002439,11/10/2023,20231011,CUS00305,1,,InstaPay,Completed,1800,1800
ORD0002622,11/10/2023,20231011,CUS02317,13,EMP0186,Cash,Completed,585,350
ORD0008024,12/10/2023,20231012,CUS00961,5,EMP0109,InstaPay,Completed,112.5,70
ORD0001814,12/10/2023,20231012,CUS02146,5,EMP0111,Credit Card,Completed,1754,940
ORD0004040,12/10/2023,20231012,CUS02423,7,EMP0127,  Cash  ,Completed,704,330
ORD0002134,12/10/2023,20231012,CUS00164,1,EMP0016,Vodafone Cash,Completed,2000,980
ORD0010549,12/10/2023,20231012,CUS01830,12,EMP0184,InstaPay,Completed,1477.5,720
ORD0008127,12/10/2023,20231012,CUS01710,11,EMP0173,Credit Card,Completed,1550,840
ORD0009338,12/10/2023,20231012,CUS02052,5,EMP0096,Fawry,Returned,10964,8130
ORD0011651,12/10/2023,20231012,CUS02814,2,EMP0046,Fawry,Completed,1742,870
ORD0011588,12/10/2023,20231012,CUS01027,2,EMP0043,InstaPay,Completed,484.5,250
ORD0009117,12/10/2023,20231012,CUS02229,4,EMP0080,Vodafone Cash,Completed,491,230
ORD0000245,12/10/2023,20231012,CUS02823,8,,  Vodafone Cash  ,Completed,260,120
ORD0009245,12/10/2023,20231012,CUS02540,1,EMP0027,Debit Card,Completed,266,140
ORD0007017,12/10/2023,20231012,CUS02170,1,EMP0006,Debit Card,Completed,2360,1160
ORD0008620,13/10/2023,20231013,CUS02153,2,EMP0049,InstaPay,Completed,448,320
ORD0002212,13/10/2023,20231013,CUS00208,2,EMP0029,Credit Card,Completed,330,160
ORD0010025,13/10/2023,20231013,CUS01338,5,EMP0098,Cash,Completed,288,140
ORD0009174,14/10/2023,20231014,CUS00552,15,EMP0208,Debit Card,Completed,387,220
ORD0000263,14/10/2023,20231014,CUS00291,4,EMP0082,Fawry,Returned,981,560
ORD0004715,14/10/2023,20231014,CUS01356,1,EMP0020,Cash,Returned,95870,76480
ORD0004233,14/10/2023,20231014,CUS02551,1,EMP0018,Fawry,Completed,2832,1410
ORD0002132,14/10/2023,20231014,CUS00279,5,EMP0101,InstaPay,Completed,1550,750
ORD0005782,14/10/2023,20231014,CUS00883,12,EMP0183,Vodafone Cash,Completed,1064,550
ORD0007650,14/10/2023,20231014,CUS01737,8,EMP0140,Cash,Completed,1330,650
ORD0000362,14/10/2023,20231014,CUS01130,3,EMP0060,Cash,Completed,1830,900
ORD0005760,14/10/2023,20231014,CUS02745,5,EMP0105,  Cash  ,Returned,160,70
ORD0002080,14/10/2023,20231014,CUS01303,4,EMP0091,  Cash  ,Completed,600,300
ORD0007941,14/10/2023,20231014,CUS02911,6,EMP0117,InstaPay,Completed,656,350
ORD0003069,15/10/2023,20231015,CUS00334,1,EMP0026,Debit Card,Completed,23140.5,17840
ORD0006359,15/10/2023,20231015,CUS02283,12,EMP0180,  Credit Card  ,Completed,83304.5,69990
ORD0001628,15/10/2023,20231015,CUS02895,5,EMP0097,  Fawry  ,Completed,4493,2430
ORD0007134,15/10/2023,20231015,CUS00421,4,EMP0080,Vodafone Cash,Completed,14231,11940
ORD0002926,15/10/2023,20231015,CUS02339,9,EMP0151,Credit Card,Completed,8422,8830
ORD0008530,15/10/2023,20231015,CUS02871,8,EMP0143,InstaPay,Completed,13117,9960
ORD0011026,15/10/2023,20231015,CUS01119,3,,InstaPay,Completed,1263,660
ORD0011825,15/10/2023,20231015,CUS01823,4,EMP0080,Vodafone Cash,Completed,12000,12000
ORD0000350,15/10/2023,20231015,CUS01705,2,EMP0041,InstaPay,Completed,81,40
ORD0002989,15/10/2023,20231015,CUS01407,7,EMP0130,InstaPay,Completed,123.5,60
ORD0009134,15/10/2023,20231015,CUS00758,1,EMP0014,Credit Card,Completed,1516,770
ORD0004686,15/10/2023,20231015,CUS00955,10,EMP0157,  Vodafone Cash  ,Completed,807,470
ORD0004936,15/10/2023,20231015,CUS00994,1,EMP0025,  Cash  ,Completed,1890,920
ORD0003268,16/10/2023,20231016,CUS00685,1,EMP0011,Cash,Completed,38286,31860
ORD0004424,16/10/2023,20231016,CUS00031,4,EMP0093,InstaPay,Completed,18686,15870
ORD0004465,16/10/2023,20231016,CUS00620,3,EMP0075,Fawry,Completed,1030.5,520
ORD0006434,16/10/2023,20231016,CUS00536,3,EMP0055,Cash,Completed,432,230
ORD0001817,16/10/2023,20231016,CUS01382,13,EMP0193,Vodafone Cash,Completed,11800,9400
ORD0006806,16/10/2023,20231016,CUS00252,10,EMP0162,  Credit Card  ,Completed,1611,830
ORD0004791,16/10/2023,20231016,CUS01622,5,EMP0110,Fawry,Completed,229.5,130
ORD0001371,16/10/2023,20231016,CUS00124,2,EMP0043,Fawry,Completed,1186,700
ORD0001016,16/10/2023,20231016,CUS02668,2,EMP0029,Debit Card,Completed,847.5,510
ORD0004109,16/10/2023,20231016,CUS01490,12,EMP0182,Debit Card,Completed,1939.5,1200
ORD0001753,16/10/2023,20231016,CUS00385,8,EMP0138,InstaPay,Completed,300,150
ORD0010506,16/10/2023,20231016,CUS00797,13,EMP0192,Cash,Completed,6178.5,4600
ORD0004101,16/10/2023,20231016,CUS00501,1,EMP0020,Vodafone Cash,Completed,600,290
ORD0007196,17/10/2023,20231017,CUS02995,13,EMP0190,Vodafone Cash,Completed,680,360
ORD0001577,17/10/2023,20231017,CUS00545,4,EMP0090,  Debit Card  ,Completed,864,460
ORD0001565,17/10/2023,20231017,CUS00292,2,,Fawry,Completed,3959,2140
ORD0005513,17/10/2023,20231017,CUS01069,8,EMP0142,Debit Card,Completed,541,300
ORD0000455,17/10/2023,20231017,CUS01737,14,EMP0199,Vodafone Cash,Completed,325,170
ORD0010402,17/10/2023,20231017,CUS02622,7,EMP0129,Cash,Completed,252,120
ORD0000222,17/10/2023,20231017,CUS01280,2,EMP0037,Cash,Completed,1200,580
ORD0005481,18/10/2023,20231018,CUS00760,1,EMP0006,Vodafone Cash,Completed,16352,16680
ORD0005667,18/10/2023,20231018,CUS01167,8,EMP0139,Fawry,Completed,333,180
ORD0003031,18/10/2023,20231018,CUS01997,6,EMP0124,Debit Card,Completed,1305,650
ORD0010859,18/10/2023,20231018,CUS00306,5,EMP0110,Debit Card,Completed,2296,1730
ORD0002718,18/10/2023,20231018,CUS00558,3,EMP0075,Vodafone Cash,Completed,22440,21200
ORD0011999,18/10/2023,20231018,CUS01728,8,EMP0142,Cash,Completed,26689,21140
ORD0000408,18/10/2023,20231018,CUS02498,15,EMP0213,Vodafone Cash,Completed,2134.5,1150
ORD0005327,18/10/2023,20231018,CUS01729,1,EMP0028,Fawry,Completed,669,350
ORD0003021,18/10/2023,20231018,CUS01578,4,EMP0083,Cash,Returned,1244,700
ORD0010853,18/10/2023,20231018,CUS00187,15,EMP0208,Fawry,Completed,1328,690
ORD0003146,18/10/2023,20231018,CUS00408,2,EMP0034,  InstaPay  ,Returned,990,490
ORD0000861,18/10/2023,20231018,CUS01006,11,EMP0171,Cash,Completed,6152,4820
ORD0008737,18/10/2023,20231018,CUS01374,6,EMP0113,Vodafone Cash,Completed,627,290
ORD0004442,18/10/2023,20231018,CUS00704,1,EMP0022,Cash,Completed,1323,720
ORD0003558,18/10/2023,20231018,CUS00056,1,EMP0023,InstaPay,Completed,1578,760
ORD0001764,19/10/2023,20231019,CUS01959,2,EMP0049,Debit Card,Completed,5088,4610
ORD0007808,19/10/2023,20231019,CUS02938,3,EMP0067,InstaPay,Completed,320,140
ORD0011840,19/10/2023,20231019,CUS00308,3,EMP0060,Vodafone Cash,Completed,792,430
ORD0009527,19/10/2023,20231019,CUS02646,1,EMP0017,  Debit Card  ,Completed,1208,920
ORD0002508,19/10/2023,20231019,CUS02646,3,EMP0077,Fawry,Completed,570,280
ORD0010415,19/10/2023,20231019,CUS00820,13,EMP0187,Cash,Completed,1240.5,620
ORD0008749,19/10/2023,20231019,CUS01765,2,EMP0051,Debit Card,Completed,128,70
ORD0011353,19/10/2023,20231019,CUS01217,3,EMP0075,  Fawry  ,Completed,1737,890
ORD0001712,19/10/2023,20231019,CUS02738,4,EMP0092,Fawry,Returned,10900,8700
ORD0010428,19/10/2023,20231019,CUS02790,10,EMP0152,Fawry,Completed,919.5,420
ORD0003741,19/10/2023,20231019,CUS00215,2,EMP0034,  Credit Card  ,Completed,1455,840
ORD0000530,19/10/2023,20231019,CUS00579,4,EMP0089,Credit Card,Completed,3505,1980
ORD0009496,20/10/2023,20231020,CUS01781,15,EMP0211,InstaPay,Completed,1046,530
ORD0010912,20/10/2023,20231020,CUS01247,2,EMP0037,Fawry,Completed,1593,830
ORD0001570,20/10/2023,20231020,CUS00136,12,EMP0183,Vodafone Cash,Completed,153,80
ORD0008147,20/10/2023,20231020,CUS00282,4,EMP0091,Cash,Completed,340,160
ORD0009624,20/10/2023,20231020,CUS02947,2,EMP0037,Cash,Completed,10100,8100
ORD0008230,20/10/2023,20231020,CUS00692,4,EMP0082,  Fawry  ,Returned,216,110
ORD0005275,20/10/2023,20231020,CUS00168,5,EMP0111,Credit Card,Completed,13326,11320
ORD0005534,20/10/2023,20231020,CUS00202,10,EMP0163,Credit Card,Completed,1080,1000
ORD0002607,20/10/2023,20231020,CUS01319,12,EMP0182,  Cash  ,Completed,1753,860
ORD0011329,20/10/2023,20231020,CUS01552,3,EMP0068,Credit Card,Completed,1042,600
ORD0010079,20/10/2023,20231020,CUS01612,11,EMP0164,Vodafone Cash,Returned,1400,640
ORD0010152,20/10/2023,20231020,CUS00163,1,EMP0003,Fawry,Completed,680,600
ORD0000467,20/10/2023,20231020,CUS02730,4,EMP0086,Fawry,Completed,1520,740
ORD0006625,21/10/2023,20231021,CUS00087,4,EMP0092,Debit Card,Completed,11938,9540
ORD0000214,21/10/2023,20231021,CUS02844,8,EMP0143,  Credit Card  ,Cancelled,279,150
ORD0011480,21/10/2023,20231021,CUS02714,2,EMP0046,Fawry,Returned,534.5,270
ORD0001920,21/10/2023,20231021,CUS02129,3,,Credit Card,Completed,14000,10880
ORD0011066,21/10/2023,20231021,CUS01200,12,EMP0179,Fawry,Completed,1420,760
ORD0010753,21/10/2023,20231021,CUS02097,2,EMP0033,Debit Card,Completed,252,130
ORD0003591,21/10/2023,20231021,CUS01290,4,EMP0094,  Cash  ,Completed,1190,630
ORD0004203,21/10/2023,20231021,CUS00829,5,EMP0100,Credit Card,Completed,636,320
ORD0004926,21/10/2023,20231021,CUS01087,2,EMP0045,Debit Card,Cancelled,144.5,80
ORD0000988,21/10/2023,20231021,CUS02787,4,EMP0090,Debit Card,Completed,1449,780
ORD0004025,21/10/2023,20231021,CUS02528,6,EMP0120,Credit Card,Completed,1473,740
ORD0010605,21/10/2023,20231021,CUS02108,1,EMP0004,Fawry,Completed,171,90
ORD0011554,22/10/2023,20231022,CUS01311,12,EMP0182,Vodafone Cash,Cancelled,15534,15300
ORD0002078,22/10/2023,20231022,CUS00833,2,EMP0053,Vodafone Cash,Completed,21330,16760
ORD0001644,22/10/2023,20231022,CUS02533,1,EMP0003,Credit Card,Completed,623,380
ORD0011253,22/10/2023,20231022,CUS00485,5,EMP0108,Fawry,Completed,14299,14710
ORD0008421,22/10/2023,20231022,CUS00069,8,EMP0142,InstaPay,Completed,1424,700
ORD0006330,22/10/2023,20231022,CUS01580,11,EMP0167,Vodafone Cash,Completed,2122,1110
ORD0008041,22/10/2023,20231022,CUS02111,6,EMP0121,Cash,Completed,384,210
ORD0000592,22/10/2023,20231022,CUS00398,2,,Fawry,Completed,290,140
ORD0001171,22/10/2023,20231022,CUS01749,2,EMP0037,InstaPay,Returned,450.5,260
ORD0003662,22/10/2023,20231022,CUS01641,4,EMP0094,Fawry,Completed,408,230
ORD0003581,22/10/2023,20231022,CUS02143,12,,InstaPay,Completed,21861,18490
ORD0009936,22/10/2023,20231022,CUS00667,9,EMP0149,Vodafone Cash,Completed,15560,13360
ORD0011643,22/10/2023,20231022,CUS01543,10,EMP0152,Debit Card,Completed,3406,1780
ORD0004409,22/10/2023,20231022,CUS01890,2,EMP0031,Debit Card,Returned,378,210
ORD0007294,23/10/2023,20231023,CUS02756,8,EMP0141,Debit Card,Completed,3080,1520
ORD0003108,23/10/2023,20231023,CUS02214,1,EMP0023,Fawry,Completed,1563,820
ORD0004909,23/10/2023,20231023,CUS01056,4,EMP0093,  Credit Card  ,Completed,144,70
ORD0011799,23/10/2023,20231023,CUS02533,4,EMP0084,Vodafone Cash,Completed,522,290
ORD0000697,23/10/2023,20231023,CUS00369,14,,  InstaPay  ,Cancelled,2500,2000
ORD0008713,23/10/2023,20231023,CUS00373,8,EMP0140,InstaPay,Completed,1272,680
ORD0001027,23/10/2023,20231023,CUS02769,4,EMP0085,Fawry,Cancelled,930.5,520
ORD0005860,23/10/2023,20231023,CUS02428,6,EMP0123,InstaPay,Completed,750.5,380
ORD0004419,23/10/2023,20231023,CUS02272,1,,Vodafone Cash,Completed,528,320
ORD0002492,23/10/2023,20231023,CUS03000,10,EMP0156,Cash,Completed,940,460
ORD0011231,23/10/2023,20231023,CUS02353,1,EMP0017,InstaPay,Returned,30000,24400
ORD0005160,24/10/2023,20231024,CUS02690,10,EMP0158,Debit Card,Completed,324,180
ORD0005235,24/10/2023,20231024,CUS00691,1,EMP0018,Fawry,Completed,537.5,260
ORD0008066,24/10/2023,20231024,CUS01604,1,EMP0019,InstaPay,Completed,1257,640
ORD0001890,24/10/2023,20231024,CUS00227,8,EMP0141,  Cash  ,Completed,823,400
ORD0010453,24/10/2023,20231024,CUS01828,13,EMP0193,Cash,Cancelled,315,170
ORD0002520,24/10/2023,20231024,CUS02275,7,EMP0132,Debit Card,Completed,1291,640
ORD0002296,24/10/2023,20231024,CUS01522,1,EMP0018,InstaPay,Completed,2010,970
ORD0005149,25/10/2023,20231025,CUS02639,3,EMP0057,Cash,Completed,914.5,520
ORD0008591,25/10/2023,20231025,CUS00116,4,EMP0084,  Debit Card  ,Completed,528,310
ORD0003464,25/10/2023,20231025,CUS02412,3,EMP0077,InstaPay,Completed,35461,30810
ORD0010177,25/10/2023,20231025,CUS02794,10,EMP0162,Cash,Completed,260,120
ORD0002213,25/10/2023,20231025,CUS01250,3,EMP0066,  Cash  ,Completed,1530,810
ORD0005372,25/10/2023,20231025,CUS00267,4,EMP0081,Debit Card,Completed,830,410
ORD0007075,25/10/2023,20231025,CUS02176,15,EMP0211,Debit Card,Completed,76,40
ORD0011607,25/10/2023,20231025,CUS01443,10,EMP0163,  Credit Card  ,Completed,13194,9730
ORD0001938,25/10/2023,20231025,CUS00199,6,EMP0113,Vodafone Cash,Completed,1296,700
ORD0001652,25/10/2023,20231025,CUS01060,9,EMP0151,Credit Card,Returned,370,170
ORD0010189,26/10/2023,20231026,CUS01997,14,EMP0200,Vodafone Cash,Completed,705,350
ORD0006696,26/10/2023,20231026,CUS01444,5,EMP0098,Credit Card,Returned,13989,10890
ORD0002451,26/10/2023,20231026,CUS01887,3,EMP0070,Debit Card,Completed,1191.5,650
ORD0009042,26/10/2023,20231026,CUS00844,3,EMP0064,Credit Card,Completed,708,370
ORD0003144,26/10/2023,20231026,CUS02528,12,EMP0181,  InstaPay  ,Completed,285,140
ORD0002043,26/10/2023,20231026,CUS01572,2,,InstaPay,Cancelled,387.5,190
ORD0011437,26/10/2023,20231026,CUS01193,9,EMP0147,Cash,Completed,135,70
ORD0005440,26/10/2023,20231026,CUS01442,4,EMP0093,  Debit Card  ,Completed,1137.5,690
ORD0007438,26/10/2023,20231026,CUS02095,5,EMP0105,Credit Card,Returned,1475,790
ORD0000836,26/10/2023,20231026,CUS00372,3,,InstaPay,Completed,13428,10780
ORD0007169,26/10/2023,20231026,CUS02601,5,,Vodafone Cash,Cancelled,396,220
ORD0006536,26/10/2023,20231026,CUS01262,4,EMP0084,InstaPay,Completed,459,260
ORD0002745,26/10/2023,20231026,CUS01931,2,EMP0046,InstaPay,Cancelled,1432.5,740
ORD0011251,26/10/2023,20231026,CUS01307,1,EMP0027,Credit Card,Completed,2008,1430
ORD0007839,26/10/2023,20231026,CUS01741,7,EMP0133,Cash,Completed,2755,1570
ORD0010277,26/10/2023,20231026,CUS00802,5,EMP0103,Cash,Completed,2075,1840
ORD0009523,26/10/2023,20231026,CUS01899,7,EMP0135,  Cash  ,Completed,1632,790
ORD0002279,26/10/2023,20231026,CUS01699,14,,  Cash  ,Completed,460,220
ORD0009502,26/10/2023,20231026,CUS00909,1,EMP0001,Debit Card,Completed,932,480
ORD0000018,26/10/2023,20231026,CUS00050,4,EMP0080,  Cash  ,Completed,630,340
ORD0001557,27/10/2023,20231027,CUS01933,7,EMP0132,Debit Card,Completed,400,200
ORD0008719,27/10/2023,20231027,CUS01042,2,EMP0042,InstaPay,Completed,432,260
ORD0010613,27/10/2023,20231027,CUS01819,3,EMP0056,Credit Card,Completed,731.5,350
ORD0000415,27/10/2023,20231027,CUS01225,10,EMP0160,  Fawry  ,Completed,240,120
ORD0005512,27/10/2023,20231027,CUS01840,7,EMP0133,Cash,Completed,340,160
ORD0000346,27/10/2023,20231027,CUS01363,9,,  Cash  ,Completed,665,340
ORD0000391,27/10/2023,20231027,CUS01651,3,EMP0061,Debit Card,Completed,2843,1410
ORD0003068,27/10/2023,20231027,CUS00737,3,EMP0061,Credit Card,Completed,1086,570
ORD0009440,27/10/2023,20231027,CUS02529,2,EMP0031,Debit Card,Completed,11450,10710
ORD0003906,27/10/2023,20231027,CUS00765,1,EMP0015,Vodafone Cash,Completed,830,430
ORD0002738,27/10/2023,20231027,CUS01439,2,EMP0051,Credit Card,Completed,456,230
ORD0011335,27/10/2023,20231027,CUS00386,3,EMP0066,Debit Card,Completed,972,520
ORD0006307,27/10/2023,20231027,CUS00104,2,EMP0042,Credit Card,Completed,320,200
ORD0009865,27/10/2023,20231027,CUS02435,5,EMP0095,Vodafone Cash,Completed,582,360
ORD0011272,27/10/2023,20231027,CUS00024,4,EMP0094,Credit Card,Completed,1060.5,500
ORD0008561,27/10/2023,20231027,CUS00118,4,EMP0082,  Debit Card  ,Cancelled,405,210
ORD0010042,27/10/2023,20231027,CUS02942,7,EMP0128,Credit Card,Completed,5795,4900
ORD0000867,27/10/2023,20231027,CUS02965,4,EMP0091,Cash,Completed,378,200
ORD0005333,28/10/2023,20231028,CUS00584,11,EMP0173,Credit Card,Completed,723,350
ORD0005527,28/10/2023,20231028,CUS00248,4,EMP0093,Credit Card,Completed,429,210
ORD0010359,28/10/2023,20231028,CUS01677,12,EMP0181,Credit Card,Completed,90,40
ORD0006733,28/10/2023,20231028,CUS01252,4,EMP0090,Debit Card,Completed,335,180
ORD0000403,28/10/2023,20231028,CUS00654,15,EMP0208,Cash,Completed,756,390
ORD0000699,28/10/2023,20231028,CUS00951,14,EMP0199,Debit Card,Completed,190,90
ORD0009545,28/10/2023,20231028,CUS01092,2,EMP0038,InstaPay,Completed,20400,16200
ORD0007787,29/10/2023,20231029,CUS00043,2,EMP0044,  Credit Card  ,Completed,29800,23800
ORD0008493,29/10/2023,20231029,CUS01547,4,EMP0093,Credit Card,Returned,1728,910
ORD0005859,29/10/2023,20231029,CUS00918,6,EMP0120,Vodafone Cash,Completed,2472,1200
ORD0004923,29/10/2023,20231029,CUS02786,2,EMP0048,InstaPay,Completed,1491,810
ORD0010274,29/10/2023,20231029,CUS01442,6,EMP0125,  Vodafone Cash  ,Completed,370,180
ORD0007443,29/10/2023,20231029,CUS00529,12,EMP0180,Vodafone Cash,Completed,2439,1250
ORD0005878,30/10/2023,20231030,CUS02675,3,,Debit Card,Completed,3044,2090
ORD0009187,30/10/2023,20231030,CUS02307,8,EMP0141,Debit Card,Completed,10427,8340
ORD0003702,30/10/2023,20231030,CUS01398,10,EMP0161,Vodafone Cash,Completed,646.5,340
ORD0008698,30/10/2023,20231030,CUS02376,13,,  InstaPay  ,Completed,2400,1650
ORD0007023,30/10/2023,20231030,CUS01334,13,EMP0186,Cash,Completed,547,300
ORD0003859,30/10/2023,20231030,CUS02845,13,EMP0185,  Vodafone Cash  ,Completed,1205,660
ORD0005033,30/10/2023,20231030,CUS01616,2,EMP0035,Cash,Completed,216,130
ORD0000863,30/10/2023,20231030,CUS02667,3,EMP0073,Fawry,Completed,187,110
ORD0003821,30/10/2023,20231030,CUS02252,5,EMP0096,Debit Card,Completed,480,230
ORD0008052,30/10/2023,20231030,CUS02325,1,EMP0003,Debit Card,Completed,1952,990
ORD0002094,30/10/2023,20231030,CUS01084,1,EMP0001,Credit Card,Completed,586.5,330
ORD0011540,30/10/2023,20231030,CUS02468,3,EMP0067,  Credit Card  ,Completed,20249,16240
ORD0005842,30/10/2023,20231030,CUS01032,12,EMP0182,Credit Card,Completed,1846,900
ORD0008118,30/10/2023,20231030,CUS01111,5,,Fawry,Completed,700,330
ORD0000067,30/10/2023,20231030,CUS02448,1,EMP0009,InstaPay,Completed,11890,9940
ORD0008503,30/10/2023,20231030,CUS02729,8,EMP0139,Cash,Completed,9590,8350
ORD0007668,30/10/2023,20231030,CUS01835,2,EMP0040,Fawry,Completed,680,390
ORD0006659,30/10/2023,20231030,CUS02305,7,EMP0133,Fawry,Completed,1801,1100
ORD0002898,30/10/2023,20231030,CUS00939,3,EMP0069,Debit Card,Completed,135,70
ORD0005467,30/10/2023,20231030,CUS00023,4,,Credit Card,Completed,16684,15160
ORD0008485,30/10/2023,20231030,CUS02186,2,EMP0043,InstaPay,Completed,14837,12240
ORD0001255,30/10/2023,20231030,CUS01371,2,EMP0032,Cash,Returned,6502,4780
ORD0003361,31/10/2023,20231031,CUS02808,1,EMP0002,Fawry,Completed,136,80
ORD0009881,31/10/2023,20231031,CUS01306,10,EMP0155,Debit Card,Completed,2520,1400
ORD0006159,31/10/2023,20231031,CUS02146,7,EMP0135,Vodafone Cash,Completed,9610,8300
ORD0000111,31/10/2023,20231031,CUS01530,7,EMP0127,InstaPay,Completed,1026,520
ORD0004970,31/10/2023,20231031,CUS00191,13,EMP0190,Cash,Completed,540,270
ORD0008010,31/10/2023,20231031,CUS00894,3,,Fawry,Completed,972,480
ORD0010413,31/10/2023,20231031,CUS02451,1,EMP0001,  Cash  ,Completed,14446,10630
ORD0000254,31/10/2023,20231031,CUS01575,1,EMP0024,Credit Card,Completed,674.5,350
ORD0011884,31/10/2023,20231031,CUS02287,4,EMP0081,InstaPay,Completed,306,160
ORD0007850,31/10/2023,20231031,CUS00891,1,EMP0022,InstaPay,Completed,979.5,540
ORD0008482,31/10/2023,20231031,CUS01434,4,,Credit Card,Completed,1080,520
ORD0005664,31/10/2023,20231031,CUS01211,5,EMP0107,  Vodafone Cash  ,Completed,912,430
ORD0004575,31/10/2023,20231031,CUS02874,1,EMP0008,Cash,Completed,160,70
ORD0006258,31/10/2023,20231031,CUS02935,2,EMP0050,Fawry,Completed,598.5,300
ORD0009493,01/11/2023,20231101,CUS02807,3,EMP0069,Credit Card,Completed,468,260
ORD0005268,01/11/2023,20231101,CUS01940,3,EMP0073,Cash,Returned,255,160
ORD0010505,01/11/2023,20231101,CUS02296,1,EMP0013,Vodafone Cash,Completed,12995,10240
ORD0008807,01/11/2023,20231101,CUS02294,9,EMP0146,Credit Card,Completed,1300,1000
ORD0000024,01/11/2023,20231101,CUS00929,3,EMP0070,Cash,Completed,431.5,220
ORD0009948,01/11/2023,20231101,CUS02696,2,EMP0042,Debit Card,Completed,400,200
ORD0011730,01/11/2023,20231101,CUS00453,14,EMP0198,  InstaPay  ,Completed,9930,10810
ORD0002319,01/11/2023,20231101,CUS00043,2,EMP0033,Credit Card,Completed,15091,12160
ORD0003507,01/11/2023,20231101,CUS00476,10,EMP0159,  Fawry  ,Completed,480,240
ORD0001793,01/11/2023,20231101,CUS01444,1,EMP0013,Debit Card,Completed,378,200
ORD0000436,01/11/2023,20231101,CUS00867,4,EMP0081,Vodafone Cash,Completed,280,140
ORD0008152,02/11/2023,20231102,CUS02043,6,EMP0116,Vodafone Cash,Completed,1016,550
ORD0004863,02/11/2023,20231102,CUS02751,1,EMP0012,  Fawry  ,Completed,324,170
ORD0007510,02/11/2023,20231102,CUS02634,3,EMP0067,Vodafone Cash,Completed,127.5,70
ORD0007842,02/11/2023,20231102,CUS01328,4,EMP0085,  Fawry  ,Completed,1080,560
ORD0004718,02/11/2023,20231102,CUS02683,13,EMP0191,Debit Card,Completed,627,340
ORD0002192,02/11/2023,20231102,CUS01577,8,EMP0141,Debit Card,Completed,427.5,210
ORD0003236,03/11/2023,20231103,CUS01236,12,EMP0180,Cash,Completed,477,260
ORD0006440,03/11/2023,20231103,CUS01678,9,EMP0150,Cash,Completed,6035.5,5060
ORD0006622,03/11/2023,20231103,CUS00432,1,EMP0018,  Vodafone Cash  ,Completed,357,250
ORD0005683,03/11/2023,20231103,CUS02646,2,EMP0052,Cash,Completed,540,240
ORD0004918,03/11/2023,20231103,CUS02701,1,EMP0015,Cash,Completed,24485,19960
ORD0009138,03/11/2023,20231103,CUS02020,6,EMP0126,Credit Card,Completed,2276,1330
ORD0002283,03/11/2023,20231103,CUS01261,2,EMP0040,InstaPay,Completed,306,170
ORD0011847,03/11/2023,20231103,CUS01117,3,EMP0064,InstaPay,Completed,190,90
ORD0010209,03/11/2023,20231103,CUS01058,2,EMP0051,Credit Card,Completed,1450,690
ORD0002761,03/11/2023,20231103,CUS02178,10,EMP0158,Fawry,Returned,360,240
ORD0007303,03/11/2023,20231103,CUS01462,1,EMP0017,Cash,Completed,396,210
ORD0010521,03/11/2023,20231103,CUS02016,4,,InstaPay,Completed,527.5,300
ORD0004965,04/11/2023,20231104,CUS00791,6,EMP0116,  InstaPay  ,Completed,990,470
ORD0000956,04/11/2023,20231104,CUS00745,12,EMP0177,Vodafone Cash,Cancelled,430,210
ORD0000948,04/11/2023,20231104,CUS01837,6,EMP0125,Cash,Completed,3709,2460
ORD0007829,04/11/2023,20231104,CUS00471,12,EMP0174,  InstaPay  ,Completed,900,450
ORD0005769,04/11/2023,20231104,CUS02647,4,EMP0087,Vodafone Cash,Completed,228,120
ORD0009573,04/11/2023,20231104,CUS02201,1,EMP0014,Vodafone Cash,Completed,766,410
ORD0010986,04/11/2023,20231104,CUS01496,3,EMP0072,InstaPay,Completed,1900,960
ORD0010552,04/11/2023,20231104,CUS01870,5,EMP0103,Debit Card,Completed,787.5,420
ORD0011939,04/11/2023,20231104,CUS00316,3,EMP0078,Fawry,Completed,37844,30170
ORD0008940,04/11/2023,20231104,CUS00768,5,EMP0098,  Debit Card  ,Completed,36552,33540
ORD0002764,04/11/2023,20231104,CUS02531,2,EMP0030,Vodafone Cash,Completed,1337.5,730
ORD0000562,04/11/2023,20231104,CUS02386,11,EMP0164,Debit Card,Completed,43730,36040
ORD0000827,04/11/2023,20231104,CUS01680,4,EMP0087,  Fawry  ,Completed,288,140
ORD0007273,04/11/2023,20231104,CUS01097,15,EMP0210,Credit Card,Completed,1895.5,970
ORD0000744,05/11/2023,20231105,CUS02236,1,EMP0011,Fawry,Completed,1067,560
ORD0006428,05/11/2023,20231105,CUS01453,12,EMP0179,InstaPay,Completed,5281.5,4070
ORD0011027,05/11/2023,20231105,CUS01803,7,,Cash,Returned,361,190
ORD0004095,05/11/2023,20231105,CUS02306,3,EMP0056,Fawry,Completed,2320,1120
ORD0008224,05/11/2023,20231105,CUS01066,13,EMP0187,Vodafone Cash,Cancelled,864,460
ORD0001666,05/11/2023,20231105,CUS02141,8,EMP0144,InstaPay,Completed,240,150
ORD0009375,06/11/2023,20231106,CUS01303,13,EMP0193,Credit Card,Returned,18488.5,14500
ORD0009693,06/11/2023,20231106,CUS01260,5,EMP0097,  Cash  ,Completed,535,270
ORD0011605,06/11/2023,20231106,CUS00033,10,EMP0160,InstaPay,Completed,530,260
ORD0008588,06/11/2023,20231106,CUS00114,1,EMP0005,InstaPay,Completed,700,380
ORD0011780,06/11/2023,20231106,CUS02062,12,EMP0174,Fawry,Completed,1254,680
ORD0011567,06/11/2023,20231106,CUS01212,15,EMP0207,Fawry,Completed,266,120
ORD0004353,06/11/2023,20231106,CUS01683,5,EMP0097,Vodafone Cash,Returned,1838.5,940
ORD0010877,06/11/2023,20231106,CUS00183,5,EMP0097,Debit Card,Returned,275,120
ORD0003479,06/11/2023,20231106,CUS02939,5,EMP0104,Debit Card,Completed,3433,2320
ORD0010632,07/11/2023,20231107,CUS00277,1,EMP0014,InstaPay,Completed,1446,720
ORD0003281,07/11/2023,20231107,CUS02938,11,EMP0164,Debit Card,Completed,441,240
ORD0006664,07/11/2023,20231107,CUS00420,1,EMP0023,InstaPay,Completed,23800,22400
ORD0010139,07/11/2023,20231107,CUS00635,12,EMP0182,Credit Card,Cancelled,5100,4000
ORD0005273,07/11/2023,20231107,CUS02573,1,EMP0007,  Credit Card  ,Completed,180,90
ORD0005682,07/11/2023,20231107,CUS01882,11,EMP0169,  InstaPay  ,Completed,1974,1080
ORD0001924,07/11/2023,20231107,CUS01053,12,EMP0179,  Debit Card  ,Completed,26460,23600
ORD0002665,07/11/2023,20231107,CUS02182,6,EMP0122,Cash,Completed,16740,14900
ORD0004540,07/11/2023,20231107,CUS00995,4,EMP0082,Cash,Completed,117,60
ORD0004292,07/11/2023,20231107,CUS01015,1,EMP0008,Vodafone Cash,Completed,15900,12700
ORD0006235,07/11/2023,20231107,CUS02505,9,EMP0146,Cash,Completed,252,140
ORD0004614,07/11/2023,20231107,CUS01370,4,EMP0079,Fawry,Completed,763.5,450
ORD0001550,08/11/2023,20231108,CUS00734,11,EMP0168,Cash,Completed,1719,920
ORD0011961,08/11/2023,20231108,CUS02121,5,EMP0106,Cash,Completed,484.5,250
ORD0009448,08/11/2023,20231108,CUS01042,15,EMP0210,Cash,Completed,342,170
ORD0005427,08/11/2023,20231108,CUS01703,1,EMP0019,Credit Card,Completed,216,120
ORD0004389,08/11/2023,20231108,CUS02373,3,EMP0060,Fawry,Completed,1101,600
ORD0011579,08/11/2023,20231108,CUS00614,2,,Debit Card,Completed,1785,1050
ORD0001989,08/11/2023,20231108,CUS02924,9,EMP0148,Credit Card,Completed,5387,2810
ORD0010779,09/11/2023,20231109,CUS00662,10,EMP0159,Cash,Completed,5010,4990
ORD0000630,09/11/2023,20231109,CUS02656,7,EMP0130,Debit Card,Cancelled,4000,3200
ORD0007871,09/11/2023,20231109,CUS01466,1,,InstaPay,Completed,946,560
ORD0000749,09/11/2023,20231109,CUS01719,4,EMP0091,Fawry,Completed,800,500
ORD0006760,09/11/2023,20231109,CUS00633,6,EMP0121,Debit Card,Completed,24912.5,21590
ORD0000088,09/11/2023,20231109,CUS01754,1,EMP0015,Vodafone Cash,Completed,240,120
ORD0010452,09/11/2023,20231109,CUS00802,6,EMP0119,Vodafone Cash,Completed,494,260
ORD0007663,09/11/2023,20231109,CUS00229,12,EMP0180,Fawry,Completed,2046,1010
ORD0005238,09/11/2023,20231109,CUS01611,11,EMP0167,Credit Card,Completed,1960,970
ORD0010431,10/11/2023,20231110,CUS02138,1,EMP0014,  Vodafone Cash  ,Completed,682.5,360
ORD0010330,10/11/2023,20231110,CUS02062,14,EMP0200,Debit Card,Completed,1752.5,910
ORD0001167,10/11/2023,20231110,CUS00990,2,EMP0030,Credit Card,Completed,963,470
ORD0004153,10/11/2023,20231110,CUS02782,14,EMP0197,Cash,Completed,360,220
ORD0002142,10/11/2023,20231110,CUS00259,1,EMP0011,Debit Card,Completed,702,390
ORD0004837,10/11/2023,20231110,CUS00639,6,EMP0124,  Vodafone Cash  ,Completed,647.5,350
ORD0009931,10/11/2023,20231110,CUS01197,4,EMP0090,Credit Card,Completed,1104,570
ORD0010651,10/11/2023,20231110,CUS01741,4,EMP0087,Vodafone Cash,Completed,2145,1090
ORD0003925,10/11/2023,20231110,CUS00898,6,EMP0126,Fawry,Completed,450,250
ORD0003337,10/11/2023,20231110,CUS02343,2,EMP0049,Fawry,Completed,1752,930
ORD0011549,10/11/2023,20231110,CUS00635,6,EMP0121,Vodafone Cash,Cancelled,4542,2470
ORD0010956,10/11/2023,20231110,CUS00794,8,EMP0138,  Credit Card  ,Completed,1900,1600
ORD0009484,11/11/2023,20231111,CUS01377,1,EMP0010,  Cash  ,Returned,420,210
ORD0008175,11/11/2023,20231111,CUS02968,14,EMP0199,InstaPay,Returned,497.5,280
ORD0008638,11/11/2023,20231111,CUS00252,6,EMP0114,Fawry,Cancelled,5090,2680
ORD0000071,11/11/2023,20231111,CUS02836,8,EMP0140,Vodafone Cash,Completed,750,370
ORD0003637,11/11/2023,20231111,CUS01724,13,EMP0191,Debit Card,Completed,1040.5,560
ORD0006404,11/11/2023,20231111,CUS02028,3,EMP0067,  Cash  ,Completed,340,160
ORD0000787,11/11/2023,20231111,CUS01411,6,EMP0116,Debit Card,Returned,1364,680
ORD0006715,11/11/2023,20231111,CUS01096,5,EMP0101,Debit Card,Completed,600,310
ORD0007237,11/11/2023,20231111,CUS01702,10,EMP0154,InstaPay,Completed,37754.5,33350
ORD0000853,11/11/2023,20231111,CUS00420,6,EMP0122,Credit Card,Completed,357,200
ORD0004549,12/11/2023,20231112,CUS01958,11,EMP0167,InstaPay,Completed,5996,4710
ORD0011769,12/11/2023,20231112,CUS00340,2,EMP0031,InstaPay,Completed,720,600
ORD0000366,12/11/2023,20231112,CUS02945,7,EMP0134,Vodafone Cash,Completed,224,140
ORD0005382,12/11/2023,20231112,CUS00079,2,EMP0049,  Debit Card  ,Completed,18615,19800
ORD0009420,12/11/2023,20231112,CUS01696,3,EMP0061,Fawry,Completed,1200,720
ORD0009983,12/11/2023,20231112,CUS02186,1,EMP0009,Cash,Completed,333,180
ORD0002564,12/11/2023,20231112,CUS02598,3,EMP0064,InstaPay,Completed,120,70
ORD0006538,12/11/2023,20231112,CUS00816,10,EMP0162,Fawry,Completed,20431,19100
ORD0009422,12/11/2023,20231112,CUS01730,4,EMP0083,Fawry,Completed,1496,880
ORD0002013,12/11/2023,20231112,CUS01913,5,EMP0102,Cash,Completed,2167,1160
ORD0007479,12/11/2023,20231112,CUS01193,5,EMP0107,InstaPay,Completed,200,100
ORD0011258,12/11/2023,20231112,CUS02990,14,EMP0197,Credit Card,Completed,1196,680
ORD0007648,12/11/2023,20231112,CUS00680,12,EMP0177,  Credit Card  ,Completed,275,150
ORD0009689,13/11/2023,20231113,CUS02619,8,,Debit Card,Completed,480,230
ORD0006304,13/11/2023,20231113,CUS02894,5,,Cash,Completed,1761.5,1290
ORD0010342,13/11/2023,20231113,CUS01478,1,EMP0017,Fawry,Returned,224,120
ORD0005496,13/11/2023,20231113,CUS01945,15,EMP0212,Vodafone Cash,Completed,689,370
ORD0002017,13/11/2023,20231113,CUS01274,1,EMP0003,Cash,Cancelled,780,360
ORD0009938,14/11/2023,20231114,CUS02820,1,EMP0028,  Vodafone Cash  ,Completed,372,180
ORD0001312,14/11/2023,20231114,CUS01348,14,EMP0195,Credit Card,Completed,320,140
ORD0005910,14/11/2023,20231114,CUS02164,15,,  Credit Card  ,Completed,8170,6500
ORD0001139,14/11/2023,20231114,CUS02195,7,EMP0128,Vodafone Cash,Completed,26850,23790
ORD0005125,14/11/2023,20231114,CUS00779,3,EMP0071,InstaPay,Completed,23760,21000
ORD0004403,14/11/2023,20231114,CUS02429,6,EMP0115,Credit Card,Completed,446.5,230
ORD0009211,14/11/2023,20231114,CUS00786,6,EMP0121,Cash,Completed,2198,1130
ORD0010589,15/11/2023,20231115,CUS00598,1,EMP0015,  Fawry  ,Completed,2700,1320
ORD0000432,15/11/2023,20231115,CUS02947,15,EMP0209,  Fawry  ,Completed,210,100
ORD0003851,15/11/2023,20231115,CUS01989,2,EMP0041,  Debit Card  ,Returned,153,80
ORD0003407,15/11/2023,20231115,CUS01135,3,EMP0075,Debit Card,Completed,340,160
ORD0000051,15/11/2023,20231115,CUS00223,2,EMP0050,Credit Card,Completed,294.5,150
ORD0004814,15/11/2023,20231115,CUS02941,4,EMP0093,Vodafone Cash,Completed,1035,530
ORD0000327,15/11/2023,20231115,CUS01948,11,EMP0166,  Credit Card  ,Cancelled,6860,5180
ORD0002585,15/11/2023,20231115,CUS02931,4,EMP0079,Debit Card,Completed,200,100
ORD0010968,15/11/2023,20231115,CUS00383,14,,Cash,Completed,939,520
ORD0008002,15/11/2023,20231115,CUS00444,1,EMP0020,Credit Card,Completed,616.5,300
ORD0004907,15/11/2023,20231115,CUS01049,1,EMP0012,Credit Card,Completed,1003,520
ORD0001811,16/11/2023,20231116,CUS02221,2,EMP0032,  Fawry  ,Completed,348,190
ORD0005918,16/11/2023,20231116,CUS01961,11,EMP0166,  Debit Card  ,Completed,1453.5,830
ORD0003018,16/11/2023,20231116,CUS00720,5,EMP0106,  Fawry  ,Completed,490,240
ORD0008005,16/11/2023,20231116,CUS00334,1,EMP0009,Credit Card,Completed,7905,5550
ORD0004116,16/11/2023,20231116,CUS01648,13,EMP0186,Fawry,Completed,4270,2120
ORD0000378,16/11/2023,20231116,CUS01309,2,EMP0052,Cash,Returned,972,480
ORD0000306,16/11/2023,20231116,CUS01755,3,EMP0076,Cash,Completed,1604,790
ORD0000531,16/11/2023,20231116,CUS02303,3,EMP0062,  Debit Card  ,Completed,420,280
ORD0008621,16/11/2023,20231116,CUS00840,5,EMP0095,Fawry,Completed,2152,1180
ORD0006253,16/11/2023,20231116,CUS01715,2,EMP0050,Debit Card,Completed,1270,1030
ORD0000908,16/11/2023,20231116,CUS02295,3,EMP0077,InstaPay,Completed,1200,750
ORD0008241,16/11/2023,20231116,CUS00557,2,EMP0040,Credit Card,Completed,234,130
ORD0006491,16/11/2023,20231116,CUS01591,5,EMP0102,Fawry,Completed,1600,1400
ORD0011787,16/11/2023,20231116,CUS00021,9,EMP0145,Cash,Completed,144,70
ORD0000517,16/11/2023,20231116,CUS00955,1,EMP0016,Fawry,Completed,1459,740
ORD0004483,17/11/2023,20231117,CUS00595,4,EMP0086,Fawry,Completed,934,490
ORD0004360,17/11/2023,20231117,CUS01196,12,EMP0183,Fawry,Returned,441,300
ORD0005412,17/11/2023,20231117,CUS01996,15,EMP0212,Cash,Cancelled,140,70
ORD0010297,17/11/2023,20231117,CUS00703,15,EMP0206,  InstaPay  ,Completed,270,120
ORD0009924,17/11/2023,20231117,CUS02636,14,EMP0194,Fawry,Completed,8802,8320
ORD0010004,17/11/2023,20231117,CUS01533,3,EMP0069,Fawry,Completed,978,520
ORD0002553,17/11/2023,20231117,CUS01609,14,EMP0198,  Debit Card  ,Completed,275,130
ORD0011072,18/11/2023,20231118,CUS01280,2,EMP0049,Cash,Cancelled,10000,8000
ORD0005892,18/11/2023,20231118,CUS01310,11,EMP0172,InstaPay,Completed,152,90
ORD0009270,18/11/2023,20231118,CUS01267,1,EMP0027,Vodafone Cash,Completed,54370,49380
ORD0003339,18/11/2023,20231118,CUS01339,4,EMP0091,Cash,Completed,1350,640
ORD0011877,18/11/2023,20231118,CUS01800,1,EMP0004,Vodafone Cash,Completed,1560,760
ORD0004460,18/11/2023,20231118,CUS00734,2,,Cash,Completed,390,240
ORD0000678,18/11/2023,20231118,CUS01882,3,EMP0073,Debit Card,Completed,15112,11460
ORD0007530,18/11/2023,20231118,CUS02955,1,EMP0007,Cash,Completed,204,110
ORD0004316,18/11/2023,20231118,CUS01367,15,EMP0209,Vodafone Cash,Completed,280,120
ORD0000464,18/11/2023,20231118,CUS00032,6,EMP0125,Cash,Completed,11173.5,8490
ORD0004914,18/11/2023,20231118,CUS01154,1,EMP0005,Debit Card,Completed,1207.5,600
ORD0008089,18/11/2023,20231118,CUS00476,4,EMP0086,Cash,Completed,2853.5,1470
ORD0001506,19/11/2023,20231119,CUS02780,3,EMP0056,Cash,Completed,1362,760
ORD0009248,19/11/2023,20231119,CUS02126,1,EMP0014,Fawry,Completed,1650,810
ORD0000980,19/11/2023,20231119,CUS01513,4,EMP0088,Fawry,Completed,6496.5,5200
ORD0011692,19/11/2023,20231119,CUS02671,2,EMP0031,Cash,Completed,296,180
ORD0007065,19/11/2023,20231119,CUS02476,2,EMP0046,InstaPay,Returned,1136,560
ORD0009177,19/11/2023,20231119,CUS01611,1,,Vodafone Cash,Completed,382.5,190
ORD0002977,19/11/2023,20231119,CUS02860,1,EMP0004,  Vodafone Cash  ,Completed,1348,710
ORD0003548,19/11/2023,20231119,CUS02212,5,EMP0106,Vodafone Cash,Completed,26400,21200
ORD0004866,19/11/2023,20231119,CUS02957,15,EMP0206,Debit Card,Completed,210,100
ORD0002004,19/11/2023,20231119,CUS01301,3,,Credit Card,Completed,66530,58480
ORD0010945,19/11/2023,20231119,CUS01672,2,EMP0050,Debit Card,Returned,240,120
ORD0010142,20/11/2023,20231120,CUS01893,3,EMP0063,  Cash  ,Completed,890,470
ORD0001880,20/11/2023,20231120,CUS02972,11,EMP0170,Credit Card,Completed,578,340
ORD0011368,20/11/2023,20231120,CUS02066,10,EMP0158,Fawry,Completed,828,440
ORD0003668,20/11/2023,20231120,CUS01959,10,EMP0162,  Fawry  ,Completed,942,680
ORD0009416,20/11/2023,20231120,CUS01782,1,EMP0024,Vodafone Cash,Completed,22400,22400
ORD0008868,20/11/2023,20231120,CUS01461,1,EMP0028,Fawry,Completed,3405,2880
ORD0008096,20/11/2023,20231120,CUS01527,3,EMP0071,Fawry,Completed,269,130
ORD0003649,20/11/2023,20231120,CUS03000,8,EMP0142,  Fawry  ,Completed,1370,640
ORD0000575,20/11/2023,20231120,CUS02781,12,EMP0176,Fawry,Completed,90,40
ORD0000903,20/11/2023,20231120,CUS00919,13,EMP0191,Cash,Returned,270,150
ORD0000556,20/11/2023,20231120,CUS00705,7,EMP0128,Fawry,Completed,503.5,260
ORD0007490,21/11/2023,20231121,CUS02828,3,EMP0065,Credit Card,Returned,3042.5,2740
ORD0006757,21/11/2023,20231121,CUS01173,2,EMP0050,Debit Card,Completed,5474.5,3870
ORD0010663,21/11/2023,20231121,CUS01265,6,,  Credit Card  ,Completed,16450,16300
ORD0006249,21/11/2023,20231121,CUS00359,2,,Fawry,Completed,999,540
ORD0009195,21/11/2023,20231121,CUS00148,3,EMP0061,InstaPay,Completed,864,470
ORD0002680,21/11/2023,20231121,CUS01251,2,EMP0033,Fawry,Completed,440,220
ORD0005277,21/11/2023,20231121,CUS01969,5,EMP0096,Debit Card,Completed,12128,10650
ORD0006718,21/11/2023,20231121,CUS00588,3,EMP0074,Cash,Completed,709.5,350
ORD0001964,21/11/2023,20231121,CUS01472,10,EMP0159,Credit Card,Completed,2430,1200
ORD0004388,21/11/2023,20231121,CUS02933,15,EMP0215,Vodafone Cash,Completed,9980,8780
ORD0007110,21/11/2023,20231121,CUS00441,2,EMP0038,Vodafone Cash,Completed,12943,11160
ORD0001519,21/11/2023,20231121,CUS01046,2,EMP0036,InstaPay,Completed,892.5,580
ORD0010062,22/11/2023,20231122,CUS01635,3,EMP0071,Vodafone Cash,Completed,576,300
ORD0008578,22/11/2023,20231122,CUS00410,13,EMP0187,  Fawry  ,Completed,6727,5540
ORD0005958,22/11/2023,20231122,CUS00171,12,,Vodafone Cash,Completed,602,290
ORD0000755,22/11/2023,20231122,CUS01890,3,EMP0057,Fawry,Completed,432,240
ORD0004086,22/11/2023,20231122,CUS01808,1,EMP0006,Vodafone Cash,Completed,3579,1790
ORD0006024,22/11/2023,20231122,CUS02990,3,EMP0074,Fawry,Completed,1859,940
ORD0005445,22/11/2023,20231122,CUS01389,2,EMP0050,Vodafone Cash,Completed,271,150
ORD0005147,22/11/2023,20231122,CUS02152,3,EMP0072,Fawry,Completed,160,90
ORD0003595,22/11/2023,20231122,CUS01481,10,EMP0157,Debit Card,Completed,210,100
ORD0002988,22/11/2023,20231122,CUS02206,14,EMP0203,Credit Card,Completed,660,440
ORD0005261,22/11/2023,20231122,CUS02083,1,EMP0021,Credit Card,Completed,370,180
ORD0004758,22/11/2023,20231122,CUS01888,12,EMP0184,Vodafone Cash,Completed,702,360
ORD0004532,22/11/2023,20231122,CUS00700,1,EMP0005,Fawry,Completed,520,240
ORD0009128,22/11/2023,20231122,CUS02716,15,EMP0204,  Vodafone Cash  ,Completed,342,180
ORD0011715,22/11/2023,20231122,CUS01950,5,,  Vodafone Cash  ,Completed,10596,8320
ORD0007789,22/11/2023,20231122,CUS00985,9,EMP0148,Vodafone Cash,Completed,1320,660
ORD0005176,22/11/2023,20231122,CUS00579,3,EMP0072,  Credit Card  ,Completed,3757,2920
ORD0008791,23/11/2023,20231123,CUS01313,11,EMP0168,Credit Card,Completed,888,480
ORD0006167,23/11/2023,20231123,CUS01727,12,EMP0178,Fawry,Returned,1120,1080
ORD0000597,23/11/2023,20231123,CUS00090,2,EMP0032,Credit Card,Completed,558,300
ORD0006737,23/11/2023,20231123,CUS00308,8,EMP0142,  Credit Card  ,Completed,4675,4340
ORD0003947,23/11/2023,20231123,CUS00876,1,EMP0016,  InstaPay  ,Returned,11360,8740
ORD0001707,23/11/2023,20231123,CUS02071,10,EMP0159,InstaPay,Completed,260,120
ORD0001635,24/11/2023,20231124,CUS02082,1,EMP0022,Fawry,Completed,105,70
ORD0011110,24/11/2023,20231124,CUS01606,1,EMP0005,Fawry,Completed,1410,690
ORD0002177,24/11/2023,20231124,CUS02642,12,EMP0176,Cash,Completed,1096,630
ORD0002229,24/11/2023,20231124,CUS01126,2,EMP0029,InstaPay,Cancelled,270,140
ORD0008400,24/11/2023,20231124,CUS01435,5,EMP0106,Debit Card,Completed,133,90
ORD0008704,24/11/2023,20231124,CUS00622,3,EMP0078,Credit Card,Completed,1260,680
ORD0004662,25/11/2023,20231125,CUS00038,6,EMP0122,Cash,Completed,264,160
ORD0007068,25/11/2023,20231125,CUS00735,10,EMP0154,Vodafone Cash,Completed,6768,5830
ORD0001404,25/11/2023,20231125,CUS01116,3,EMP0068,InstaPay,Completed,744,350
ORD0005617,25/11/2023,20231125,CUS00373,14,EMP0201,  Cash  ,Completed,414,250
ORD0006344,25/11/2023,20231125,CUS01797,10,EMP0154,Cash,Returned,142.5,70
ORD0005187,25/11/2023,20231125,CUS00496,2,EMP0048,InstaPay,Completed,6400,5100
ORD0003282,25/11/2023,20231125,CUS00048,6,EMP0116,Debit Card,Cancelled,770,380
ORD0002893,25/11/2023,20231125,CUS01110,5,EMP0101,Fawry,Completed,300,140
ORD0008732,25/11/2023,20231125,CUS02028,2,EMP0031,Vodafone Cash,Completed,5690,4290
ORD0002101,25/11/2023,20231125,CUS01251,4,EMP0092,  Fawry  ,Completed,515,260
ORD0009898,25/11/2023,20231125,CUS01213,12,EMP0181,Credit Card,Completed,18800,15020
ORD0001107,26/11/2023,20231126,CUS02388,14,EMP0200,Debit Card,Completed,2941,1590
ORD0007616,26/11/2023,20231126,CUS01226,5,EMP0098,InstaPay,Completed,81,40
ORD0000995,26/11/2023,20231126,CUS02141,5,EMP0102,Vodafone Cash,Completed,1308,790
ORD0010214,26/11/2023,20231126,CUS02041,13,EMP0190,  Credit Card  ,Completed,2170,1060
ORD0011849,26/11/2023,20231126,CUS01103,6,EMP0115,  Cash  ,Completed,2375,1270
ORD0009463,26/11/2023,20231126,CUS02705,15,EMP0204,  InstaPay  ,Completed,320,180
ORD0002565,27/11/2023,20231127,CUS02685,13,,Debit Card,Completed,1450,810
ORD0002286,27/11/2023,20231127,CUS01157,8,EMP0143,Debit Card,Completed,1688.5,910
ORD0005394,27/11/2023,20231127,CUS01575,9,EMP0151,  Vodafone Cash  ,Completed,399,210
ORD0003258,27/11/2023,20231127,CUS02807,7,EMP0132,Credit Card,Completed,133,70
ORD0004158,27/11/2023,20231127,CUS02319,4,EMP0086,  Debit Card  ,Completed,240,110
ORD0000719,27/11/2023,20231127,CUS02586,4,EMP0085,InstaPay,Completed,190,90
ORD0000888,27/11/2023,20231127,CUS01959,7,EMP0133,Debit Card,Completed,1379,760
ORD0004821,27/11/2023,20231127,CUS00177,3,EMP0063,  Credit Card  ,Completed,1824,950
ORD0009186,27/11/2023,20231127,CUS00185,9,EMP0145,Cash,Completed,268,140
ORD0011298,27/11/2023,20231127,CUS02741,1,EMP0020,Credit Card,Returned,28750,26090
ORD0010365,27/11/2023,20231127,CUS00383,3,EMP0066,Cash,Completed,350,170
ORD0006373,27/11/2023,20231127,CUS00414,1,EMP0027,Cash,Completed,41360,32670
ORD0005237,27/11/2023,20231127,CUS02949,8,EMP0143,Credit Card,Completed,612,320
ORD0010471,28/11/2023,20231128,CUS01555,2,,InstaPay,Completed,1452,790
ORD0010782,28/11/2023,20231128,CUS01762,1,EMP0017,Fawry,Completed,920,440
ORD0006233,28/11/2023,20231128,CUS00662,13,,Fawry,Completed,1324,690
ORD0005771,28/11/2023,20231128,CUS01598,2,EMP0046,Cash,Completed,420,210
ORD0007437,28/11/2023,20231128,CUS01494,3,EMP0062,  Fawry  ,Completed,590,290
ORD0000954,28/11/2023,20231128,CUS00246,1,EMP0026,Cash,Cancelled,540,260
ORD0008246,28/11/2023,20231128,CUS02640,10,EMP0157,InstaPay,Completed,630,310
ORD0006192,28/11/2023,20231128,CUS01777,1,EMP0025,Credit Card,Completed,1220,600
ORD0009231,28/11/2023,20231128,CUS02058,6,EMP0123,  Cash  ,Completed,510,240
ORD0009232,28/11/2023,20231128,CUS02479,15,EMP0213,Debit Card,Completed,3144,2520
ORD0006019,28/11/2023,20231128,CUS01831,1,EMP0028,InstaPay,Completed,2418,1620
ORD0002902,28/11/2023,20231128,CUS02196,5,EMP0103,Credit Card,Completed,480,300
ORD0007249,28/11/2023,20231128,CUS00393,15,,InstaPay,Completed,171,80
ORD0003983,28/11/2023,20231128,CUS01718,14,EMP0194,Fawry,Completed,2139.5,1120
ORD0003272,28/11/2023,20231128,CUS02914,13,EMP0192,Vodafone Cash,Completed,1731.5,960
ORD0000986,28/11/2023,20231128,CUS00642,13,EMP0192,Vodafone Cash,Completed,171,90
ORD0002109,28/11/2023,20231128,CUS00791,10,,Fawry,Completed,1250.5,660
ORD0008889,28/11/2023,20231128,CUS02670,6,EMP0119,Debit Card,Completed,822.5,390
ORD0007433,28/11/2023,20231128,CUS00475,7,EMP0134,Fawry,Completed,2340,1770
ORD0004678,28/11/2023,20231128,CUS00626,14,EMP0198,InstaPay,Completed,2988,1550
ORD0008285,29/11/2023,20231129,CUS01097,12,EMP0178,Fawry,Completed,2404,1210
ORD0010854,29/11/2023,20231129,CUS02427,1,EMP0002,Cash,Completed,1086.5,600
ORD0001883,29/11/2023,20231129,CUS00218,11,EMP0166,  Debit Card  ,Completed,696,390
ORD0007575,29/11/2023,20231129,CUS00429,13,EMP0186,Debit Card,Completed,162,80
ORD0009732,29/11/2023,20231129,CUS00375,3,EMP0056,Debit Card,Completed,140,70
ORD0009752,29/11/2023,20231129,CUS00715,1,EMP0022,Fawry,Completed,641,350
ORD0009378,29/11/2023,20231129,CUS02746,9,EMP0145,Debit Card,Completed,1690,1180
ORD0001135,29/11/2023,20231129,CUS00997,6,EMP0116,Fawry,Completed,3265,1820
ORD0011644,29/11/2023,20231129,CUS02975,6,EMP0123,InstaPay,Completed,212,110
ORD0005432,30/11/2023,20231130,CUS01178,6,EMP0120,Debit Card,Completed,1345,680
ORD0002071,30/11/2023,20231130,CUS02200,5,,  Credit Card  ,Completed,718,360
ORD0006665,30/11/2023,20231130,CUS01039,3,EMP0065,InstaPay,Completed,2087.5,1180
ORD0008023,30/11/2023,20231130,CUS00415,13,EMP0187,InstaPay,Cancelled,142.5,70
ORD0001850,30/11/2023,20231130,CUS02774,1,EMP0020,Vodafone Cash,Returned,1175,710
ORD0000583,30/11/2023,20231130,CUS01072,3,EMP0063,Credit Card,Completed,2377.5,2070
ORD0000127,30/11/2023,20231130,CUS01521,7,EMP0128,Vodafone Cash,Completed,510,240
ORD0006844,30/11/2023,20231130,CUS01946,8,EMP0142,  InstaPay  ,Completed,152,90
ORD0007301,01/12/2023,20231201,CUS01054,13,EMP0185,Cash,Completed,19238,15370
ORD0002588,01/12/2023,20231201,CUS00140,4,EMP0082,Fawry,Returned,361,180
ORD0005365,01/12/2023,20231201,CUS01075,5,EMP0108,  Debit Card  ,Completed,81,40
ORD0002254,01/12/2023,20231201,CUS01395,1,EMP0010,InstaPay,Completed,960,480
ORD0009847,01/12/2023,20231201,CUS01289,14,EMP0199,  Debit Card  ,Completed,2903,1620
ORD0010411,01/12/2023,20231201,CUS00240,1,EMP0010,Debit Card,Returned,130,60
ORD0003422,01/12/2023,20231201,CUS00393,4,EMP0088,  Vodafone Cash  ,Completed,800,700
ORD0004933,01/12/2023,20231201,CUS02951,6,EMP0115,InstaPay,Completed,14113.5,13000
ORD0005017,01/12/2023,20231201,CUS00026,4,EMP0080,Cash,Completed,1038,540
ORD0003118,01/12/2023,20231201,CUS00222,15,EMP0216,Fawry,Completed,34866,30560
ORD0003909,02/12/2023,20231202,CUS02304,12,EMP0184,Credit Card,Completed,2336,1250
ORD0007974,02/12/2023,20231202,CUS00610,7,EMP0127,Debit Card,Completed,90,40
ORD0004045,02/12/2023,20231202,CUS02141,14,EMP0195,Debit Card,Completed,216,110
ORD0010266,02/12/2023,20231202,CUS00963,14,EMP0198,Fawry,Completed,1185,640
ORD0001969,02/12/2023,20231202,CUS00503,14,EMP0201,Cash,Completed,879.5,440
ORD0010257,02/12/2023,20231202,CUS02411,1,EMP0006,InstaPay,Completed,720,700
ORD0004204,02/12/2023,20231202,CUS02972,1,EMP0001,Debit Card,Completed,1930,1010
ORD0003964,02/12/2023,20231202,CUS00414,7,EMP0131,Fawry,Returned,285,200
ORD0002896,02/12/2023,20231202,CUS00728,2,EMP0036,Fawry,Completed,932,480
ORD0008637,02/12/2023,20231202,CUS00138,6,EMP0123,Vodafone Cash,Completed,360,210
ORD0002048,03/12/2023,20231203,CUS01530,5,EMP0100,Fawry,Completed,504,270
ORD0006202,03/12/2023,20231203,CUS01833,4,,Vodafone Cash,Cancelled,11200,9000
ORD0006746,03/12/2023,20231203,CUS01176,8,EMP0142,Credit Card,Completed,690,330
ORD0004819,03/12/2023,20231203,CUS01295,13,EMP0191,Fawry,Completed,266,140
ORD0011950,03/12/2023,20231203,CUS02791,3,EMP0067,Cash,Completed,540,270
ORD0001153,03/12/2023,20231203,CUS01589,8,EMP0140,Cash,Completed,870,420
ORD0003937,03/12/2023,20231203,CUS01707,3,EMP0062,InstaPay,Completed,1283.5,640
ORD0008881,03/12/2023,20231203,CUS00192,5,EMP0096,Credit Card,Returned,1181,630
ORD0007474,03/12/2023,20231203,CUS02508,1,EMP0021,Fawry,Completed,227.5,110
ORD0009839,03/12/2023,20231203,CUS01135,2,EMP0044,Credit Card,Cancelled,900,440
ORD0009625,03/12/2023,20231203,CUS02422,3,EMP0055,Credit Card,Completed,942,510
ORD0007018,04/12/2023,20231204,CUS01028,2,EMP0054,  Debit Card  ,Cancelled,1156.5,560
ORD0002525,04/12/2023,20231204,CUS01424,5,EMP0103,  Vodafone Cash  ,Returned,128,70
ORD0010190,04/12/2023,20231204,CUS02249,14,EMP0194,Vodafone Cash,Completed,18909,16500
ORD0006156,04/12/2023,20231204,CUS02355,1,EMP0002,Cash,Returned,3422.5,1720
ORD0003182,04/12/2023,20231204,CUS02947,2,EMP0043,Debit Card,Completed,336,210
ORD0004262,04/12/2023,20231204,CUS02998,2,,InstaPay,Completed,637.5,420
ORD0006042,04/12/2023,20231204,CUS02936,3,EMP0055,Fawry,Completed,24180,21390
ORD0010108,04/12/2023,20231204,CUS01137,13,EMP0187,Vodafone Cash,Completed,2500,2000
ORD0009863,04/12/2023,20231204,CUS01469,5,EMP0096,Cash,Completed,300,140
ORD0006213,04/12/2023,20231204,CUS00955,1,EMP0015,Debit Card,Completed,171,80
ORD0009111,04/12/2023,20231204,CUS00159,1,EMP0014,  InstaPay  ,Completed,180,110
ORD0009923,04/12/2023,20231204,CUS01054,4,EMP0091,Cash,Completed,2151.5,1150
ORD0002262,04/12/2023,20231204,CUS01994,11,EMP0169,Vodafone Cash,Completed,380,220
ORD0009537,04/12/2023,20231204,CUS01407,7,EMP0131,Credit Card,Completed,17797.5,14050
ORD0006513,05/12/2023,20231205,CUS01795,1,EMP0002,InstaPay,Completed,81,40
ORD0011878,05/12/2023,20231205,CUS01357,14,EMP0196,Fawry,Completed,600,260
ORD0005011,05/12/2023,20231205,CUS02557,11,EMP0169,Debit Card,Completed,564,300
ORD0001223,05/12/2023,20231205,CUS00771,13,EMP0192,Debit Card,Completed,2698.5,1410
ORD0010534,05/12/2023,20231205,CUS02597,3,EMP0070,Debit Card,Completed,330,160
ORD0004172,05/12/2023,20231205,CUS01819,12,EMP0183,Credit Card,Completed,520,290
ORD0010426,05/12/2023,20231205,CUS02595,11,EMP0172,Vodafone Cash,Cancelled,180,80
ORD0003120,05/12/2023,20231205,CUS02334,7,EMP0128,Vodafone Cash,Completed,1491.5,850
ORD0001729,05/12/2023,20231205,CUS02062,9,EMP0145,  Cash  ,Returned,966,500
ORD0000865,05/12/2023,20231205,CUS00797,1,EMP0003,Vodafone Cash,Completed,400,250
ORD0004132,05/12/2023,20231205,CUS01046,4,EMP0080,Credit Card,Completed,2327.5,1270
ORD0005166,05/12/2023,20231205,CUS02363,3,EMP0067,Debit Card,Returned,180,120
ORD0004609,06/12/2023,20231206,CUS01626,3,EMP0078,  Cash  ,Returned,21390,17760
ORD0008572,06/12/2023,20231206,CUS00210,4,EMP0081,Credit Card,Completed,135,70
ORD0000758,06/12/2023,20231206,CUS00007,3,EMP0062,Fawry,Returned,540,280
ORD0000739,06/12/2023,20231206,CUS01948,10,EMP0155,Credit Card,Returned,240,120
ORD0005873,06/12/2023,20231206,CUS02907,7,EMP0128,  Vodafone Cash  ,Completed,5028,2630
ORD0005401,06/12/2023,20231206,CUS02805,5,EMP0107,Vodafone Cash,Completed,24400,19600
ORD0005252,06/12/2023,20231206,CUS02965,15,EMP0215,Fawry,Completed,247,130
ORD0002079,06/12/2023,20231206,CUS01059,5,EMP0103,InstaPay,Completed,1290,590
ORD0009909,06/12/2023,20231206,CUS00707,10,EMP0162,  Vodafone Cash  ,Completed,840,420
ORD0003847,06/12/2023,20231206,CUS00537,4,EMP0079,Fawry,Cancelled,288,170
ORD0010681,06/12/2023,20231206,CUS00558,14,EMP0203,  InstaPay  ,Cancelled,5885,5380
ORD0006076,06/12/2023,20231206,CUS02229,9,EMP0145,Debit Card,Completed,700,340
ORD0003463,06/12/2023,20231206,CUS00573,14,EMP0202,Debit Card,Completed,1139.5,630
ORD0004294,06/12/2023,20231206,CUS01889,5,EMP0105,Cash,Completed,460,230
ORD0006423,06/12/2023,20231206,CUS00147,6,EMP0124,Credit Card,Completed,2696,1340
ORD0010607,06/12/2023,20231206,CUS00036,3,EMP0059,Cash,Completed,540,260
ORD0002364,06/12/2023,20231206,CUS01718,8,EMP0142,Credit Card,Completed,420,240
ORD0003826,07/12/2023,20231207,CUS01984,11,EMP0169,Vodafone Cash,Completed,592,310
ORD0011067,07/12/2023,20231207,CUS01590,14,EMP0197,  Cash  ,Completed,3315,1700
ORD0011369,07/12/2023,20231207,CUS00291,14,EMP0198,Vodafone Cash,Completed,3309.5,1650
ORD0002577,07/12/2023,20231207,CUS01725,7,EMP0131,Cash,Completed,2126,1100
ORD0009942,07/12/2023,20231207,CUS02034,8,,Vodafone Cash,Cancelled,17489,16370
ORD0008951,07/12/2023,20231207,CUS00630,15,EMP0207,Fawry,Completed,4864.5,4780
ORD0006400,07/12/2023,20231207,CUS01990,1,EMP0009,  Cash  ,Completed,36020.5,28030
ORD0006332,08/12/2023,20231208,CUS00087,10,EMP0155,  Credit Card  ,Completed,13677,12780
ORD0011751,08/12/2023,20231208,CUS00387,2,EMP0047,Fawry,Completed,2554,1270
ORD0000016,08/12/2023,20231208,CUS02436,3,EMP0066,Debit Card,Completed,418,220
ORD0003341,08/12/2023,20231208,CUS02282,2,EMP0044,Credit Card,Completed,2181.5,1140
ORD0003404,08/12/2023,20231208,CUS02687,12,EMP0179,Credit Card,Completed,721,360
ORD0004503,08/12/2023,20231208,CUS02628,1,EMP0008,Debit Card,Returned,21450,17710
ORD0009492,08/12/2023,20231208,CUS02524,2,EMP0051,InstaPay,Completed,133,70
ORD0005279,08/12/2023,20231208,CUS00616,4,EMP0087,  Credit Card  ,Returned,920,770
ORD0011425,08/12/2023,20231208,CUS00264,3,,Cash,Completed,5320,4500
ORD0005585,08/12/2023,20231208,CUS00978,4,EMP0094,Fawry,Returned,760,430
ORD0009710,08/12/2023,20231208,CUS00261,3,EMP0072,Vodafone Cash,Completed,646,380
ORD0003539,08/12/2023,20231208,CUS00830,4,EMP0089,  Credit Card  ,Completed,31610,25500
ORD0005278,09/12/2023,20231209,CUS02894,4,EMP0090,Credit Card,Completed,306,160
ORD0004660,09/12/2023,20231209,CUS02088,7,EMP0135,Credit Card,Completed,416,260
ORD0007151,09/12/2023,20231209,CUS01052,12,EMP0176,  Fawry  ,Completed,880,440
ORD0011537,09/12/2023,20231209,CUS00139,6,EMP0125,  Debit Card  ,Completed,2457.5,1480
ORD0000768,09/12/2023,20231209,CUS00558,4,EMP0083,InstaPay,Completed,514.5,250
ORD0001913,09/12/2023,20231209,CUS00640,5,EMP0110,Credit Card,Completed,2399,1220
ORD0000602,09/12/2023,20231209,CUS00836,6,EMP0114,Vodafone Cash,Returned,584,300
ORD0010692,09/12/2023,20231209,CUS02258,1,EMP0015,Vodafone Cash,Completed,300,140
ORD0003504,09/12/2023,20231209,CUS00609,1,EMP0005,Fawry,Completed,975,490
ORD0009145,09/12/2023,20231209,CUS02019,4,EMP0090,Debit Card,Cancelled,3288,2000
ORD0006144,10/12/2023,20231210,CUS02991,5,EMP0097,  Fawry  ,Completed,5410,4680
ORD0005605,10/12/2023,20231210,CUS00075,4,EMP0087,Credit Card,Completed,468,260
ORD0005093,10/12/2023,20231210,CUS00278,6,EMP0122,Debit Card,Returned,716,350
ORD0004501,10/12/2023,20231210,CUS02909,5,EMP0097,  Credit Card  ,Completed,331.5,180
ORD0006692,10/12/2023,20231210,CUS02133,4,EMP0089,  Cash  ,Completed,19898,17480
ORD0004725,10/12/2023,20231210,CUS02043,13,EMP0191,InstaPay,Completed,2040,990
ORD0001115,10/12/2023,20231210,CUS00052,6,EMP0119,Credit Card,Completed,1452,800
ORD0008083,10/12/2023,20231210,CUS00701,3,,Cash,Completed,1485,770
ORD0006590,10/12/2023,20231210,CUS00367,10,EMP0156,Vodafone Cash,Completed,150,70
ORD0004475,10/12/2023,20231210,CUS01283,4,EMP0082,Vodafone Cash,Completed,540,250
ORD0000002,10/12/2023,20231210,CUS01109,11,EMP0168,  Cash  ,Completed,2020,1020
ORD0010052,10/12/2023,20231210,CUS00062,4,EMP0088,Credit Card,Completed,6148.5,4860
ORD0004752,11/12/2023,20231211,CUS01567,8,EMP0140,Credit Card,Completed,168,100
ORD0000283,11/12/2023,20231211,CUS01950,12,EMP0180,Vodafone Cash,Completed,2646,2240
ORD0005649,11/12/2023,20231211,CUS00010,9,EMP0145,Debit Card,Completed,324,170
ORD0001480,11/12/2023,20231211,CUS02798,6,EMP0118,Debit Card,Completed,10418,8450
ORD0008519,11/12/2023,20231211,CUS00926,8,EMP0144,Credit Card,Completed,1622,870
ORD0007282,11/12/2023,20231211,CUS02206,3,EMP0056,Credit Card,Completed,513,270
ORD0004851,11/12/2023,20231211,CUS01745,3,EMP0055,Debit Card,Completed,3814,2970
ORD0006396,11/12/2023,20231211,CUS01706,1,EMP0009,InstaPay,Completed,1770,1030
ORD0004376,11/12/2023,20231211,CUS00103,1,EMP0002,  Fawry  ,Completed,5534,4840
ORD0010920,11/12/2023,20231211,CUS01942,4,EMP0094,Debit Card,Completed,320,200
ORD0002424,11/12/2023,20231211,CUS02033,4,EMP0092,Vodafone Cash,Completed,136,80
ORD0007577,12/12/2023,20231212,CUS00710,15,EMP0215,Debit Card,Completed,1368,710
ORD0010196,12/12/2023,20231212,CUS02907,12,EMP0180,Vodafone Cash,Completed,598.5,300
ORD0010843,12/12/2023,20231212,CUS02199,3,EMP0055,InstaPay,Completed,3509.5,1740
ORD0005388,12/12/2023,20231212,CUS02038,3,EMP0058,InstaPay,Completed,10632,9690
ORD0008814,12/12/2023,20231212,CUS01229,2,EMP0047,  Debit Card  ,Completed,1787,960
ORD0005966,12/12/2023,20231212,CUS01573,7,EMP0127,Cash,Completed,34683,27270
ORD0009007,12/12/2023,20231212,CUS01632,4,EMP0082,Credit Card,Completed,276,170
ORD0004889,12/12/2023,20231212,CUS00080,3,EMP0060,Vodafone Cash,Completed,370,180
ORD0003008,12/12/2023,20231212,CUS02876,1,EMP0008,Fawry,Completed,10400,8430
ORD0007569,12/12/2023,20231212,CUS01892,13,EMP0191,Credit Card,Completed,374,200
ORD0001030,12/12/2023,20231212,CUS00778,3,EMP0068,  Fawry  ,Completed,432,230
ORD0004444,12/12/2023,20231212,CUS02070,7,EMP0128,InstaPay,Completed,90,40
ORD0004728,12/12/2023,20231212,CUS00090,4,EMP0088,Credit Card,Completed,3280,1600
ORD0008272,12/12/2023,20231212,CUS02317,1,EMP0028,Vodafone Cash,Completed,2077.5,1170
ORD0009891,13/12/2023,20231213,CUS00176,7,EMP0129,Vodafone Cash,Completed,1290,620
ORD0007739,13/12/2023,20231213,CUS00857,2,EMP0049,Fawry,Returned,2890,1490
ORD0000809,13/12/2023,20231213,CUS00076,1,EMP0021,Cash,Completed,360,180
ORD0004741,13/12/2023,20231213,CUS00512,6,EMP0116,Credit Card,Returned,5872,5110
ORD0005483,13/12/2023,20231213,CUS01659,13,EMP0185,Debit Card,Completed,247,120
ORD0002430,13/12/2023,20231213,CUS02721,9,EMP0151,Cash,Returned,549,260
ORD0007832,13/12/2023,20231213,CUS01173,1,EMP0026,Cash,Completed,1660,1120
ORD0002749,14/12/2023,20231214,CUS01048,15,EMP0207,Debit Card,Completed,500,280
ORD0011360,14/12/2023,20231214,CUS00370,12,EMP0174,Credit Card,Completed,460,220
ORD0009528,14/12/2023,20231214,CUS02486,1,EMP0028,Cash,Completed,629,360
ORD0009525,14/12/2023,20231214,CUS01432,1,EMP0002,Debit Card,Completed,240,110
ORD0002393,14/12/2023,20231214,CUS00067,12,EMP0178,Vodafone Cash,Completed,5100,4000
ORD0009623,14/12/2023,20231214,CUS00790,14,EMP0202,Cash,Completed,712,330
ORD0008169,14/12/2023,20231214,CUS02666,5,EMP0098,  InstaPay  ,Returned,792.5,390
ORD0007472,14/12/2023,20231214,CUS01678,12,EMP0182,  Debit Card  ,Completed,2542.5,1400
ORD0002377,14/12/2023,20231214,CUS01175,6,EMP0120,  Cash  ,Completed,189,100
ORD0005205,14/12/2023,20231214,CUS02411,7,EMP0136,Vodafone Cash,Completed,320.5,160
ORD0011476,14/12/2023,20231214,CUS00684,5,EMP0099,  Debit Card  ,Completed,252,140
ORD0008085,15/12/2023,20231215,CUS02959,9,EMP0150,Credit Card,Completed,280.5,160
ORD0007268,15/12/2023,20231215,CUS02873,4,EMP0086,Fawry,Completed,1065,620
ORD0007124,15/12/2023,20231215,CUS02995,9,EMP0146,InstaPay,Completed,690,340
ORD0007604,15/12/2023,20231215,CUS02740,13,EMP0188,Fawry,Completed,140,70
ORD0002171,15/12/2023,20231215,CUS02619,4,EMP0084,  Fawry  ,Completed,702,360
ORD0011139,15/12/2023,20231215,CUS00678,8,EMP0143,Cash,Completed,1506,830
ORD0003890,15/12/2023,20231215,CUS02108,5,EMP0108,Credit Card,Returned,9333,8220
ORD0009129,15/12/2023,20231215,CUS02493,7,EMP0133,Vodafone Cash,Completed,432,210
ORD0010000,15/12/2023,20231215,CUS00404,1,EMP0009,  Cash  ,Completed,476,230
ORD0003899,15/12/2023,20231215,CUS00214,3,EMP0070,Cash,Completed,520,240
ORD0009388,15/12/2023,20231215,CUS00235,4,EMP0085,InstaPay,Completed,153,80
ORD0005692,16/12/2023,20231216,CUS01080,7,EMP0128,  Vodafone Cash  ,Completed,3632,2120
ORD0005820,16/12/2023,20231216,CUS00465,3,EMP0056,Fawry,Completed,2592.5,1420
ORD0007816,16/12/2023,20231216,CUS00924,6,EMP0123,Credit Card,Completed,2112,1200
ORD0006783,16/12/2023,20231216,CUS02903,8,EMP0143,Credit Card,Completed,210,100
ORD0001356,16/12/2023,20231216,CUS01350,6,EMP0118,InstaPay,Returned,504,300
ORD0008307,16/12/2023,20231216,CUS00659,14,EMP0202,  Vodafone Cash  ,Completed,470,230
ORD0003832,17/12/2023,20231217,CUS02204,1,EMP0011,InstaPay,Completed,20976,16140
ORD0006366,17/12/2023,20231217,CUS00447,5,EMP0112,  Debit Card  ,Cancelled,768.5,400
ORD0000145,17/12/2023,20231217,CUS02915,3,EMP0062,Credit Card,Completed,16840,13620
ORD0010553,17/12/2023,20231217,CUS01213,11,EMP0168,Fawry,Completed,1605.5,830
ORD0007119,17/12/2023,20231217,CUS00883,1,EMP0003,Fawry,Completed,13821,10810
ORD0008411,17/12/2023,20231217,CUS00745,1,EMP0012,  Vodafone Cash  ,Completed,813,470
ORD0004088,17/12/2023,20231217,CUS02198,6,EMP0120,Vodafone Cash,Completed,11800,9400
ORD0004919,17/12/2023,20231217,CUS02989,1,EMP0025,Credit Card,Cancelled,1466,830
ORD0006918,17/12/2023,20231217,CUS01479,2,EMP0039,Fawry,Completed,2107,1030
ORD0002470,17/12/2023,20231217,CUS02105,3,EMP0065,Credit Card,Completed,270,120
ORD0009346,17/12/2023,20231217,CUS00120,11,EMP0164,Cash,Completed,870,530
ORD0009932,17/12/2023,20231217,CUS02445,11,,Vodafone Cash,Completed,2784,1610
ORD0011043,18/12/2023,20231218,CUS00162,7,EMP0135,Vodafone Cash,Completed,1348.5,720
ORD0000217,18/12/2023,20231218,CUS02782,2,EMP0051,Fawry,Completed,20580,17840
ORD0000194,18/12/2023,20231218,CUS01850,3,EMP0070,  Fawry  ,Completed,747,410
ORD0005984,18/12/2023,20231218,CUS02516,5,EMP0112,  InstaPay  ,Completed,42529,33560
ORD0006626,18/12/2023,20231218,CUS02548,3,EMP0058,Fawry,Completed,896,460
ORD0000798,18/12/2023,20231218,CUS01722,1,EMP0005,Debit Card,Cancelled,180,100
ORD0004763,18/12/2023,20231218,CUS00285,4,EMP0094,Credit Card,Completed,2325,1140
ORD0006719,19/12/2023,20231219,CUS00415,2,EMP0054,InstaPay,Completed,180,80
ORD0004320,19/12/2023,20231219,CUS02748,14,EMP0199,Credit Card,Completed,1098,540
ORD0003728,19/12/2023,20231219,CUS02037,1,EMP0017,Credit Card,Completed,304,160
ORD0011500,19/12/2023,20231219,CUS00403,4,EMP0083,Cash,Completed,350,170
ORD0004973,19/12/2023,20231219,CUS01798,2,EMP0041,InstaPay,Completed,1112,600
ORD0009113,19/12/2023,20231219,CUS00229,3,EMP0077,Fawry,Completed,199.5,100
ORD0001292,19/12/2023,20231219,CUS02648,1,EMP0019,Vodafone Cash,Completed,260,130
ORD0009478,19/12/2023,20231219,CUS02418,3,EMP0073,  InstaPay  ,Completed,1439,730
ORD0003808,19/12/2023,20231219,CUS01098,4,,InstaPay,Completed,540,280
ORD0004241,19/12/2023,20231219,CUS00599,11,EMP0168,Fawry,Completed,1110,540
ORD0000887,19/12/2023,20231219,CUS02139,13,EMP0192,Cash,Completed,360,160
ORD0002260,20/12/2023,20231220,CUS00458,12,EMP0178,Cash,Completed,10479,8540
ORD0009683,20/12/2023,20231220,CUS01479,4,EMP0082,Debit Card,Completed,378,200
ORD0009331,20/12/2023,20231220,CUS00386,6,EMP0115,Debit Card,Completed,519.5,270
ORD0011862,20/12/2023,20231220,CUS00627,6,EMP0114,Credit Card,Completed,890,440
ORD0011844,20/12/2023,20231220,CUS00353,6,EMP0119,  InstaPay  ,Completed,1159.5,610
ORD0004089,20/12/2023,20231220,CUS02756,3,EMP0077,Debit Card,Completed,1016,500
ORD0008391,20/12/2023,20231220,CUS00929,1,EMP0018,Fawry,Completed,3728,2070
ORD0003011,20/12/2023,20231220,CUS01757,11,EMP0171,InstaPay,Completed,136,70
ORD0002852,20/12/2023,20231220,CUS00779,14,EMP0202,Fawry,Completed,1196,630
ORD0001492,20/12/2023,20231220,CUS02328,8,EMP0141,Credit Card,Cancelled,601.5,300
ORD0009665,20/12/2023,20231220,CUS01981,4,EMP0081,Fawry,Completed,1510,720
ORD0009639,20/12/2023,20231220,CUS00571,4,EMP0091,  Fawry  ,Completed,288,140
ORD0006459,20/12/2023,20231220,CUS02396,7,EMP0130,InstaPay,Completed,1161,630
ORD0006505,21/12/2023,20231221,CUS01921,3,EMP0077,Fawry,Completed,600,290
ORD0001199,21/12/2023,20231221,CUS00289,4,EMP0085,InstaPay,Cancelled,1780,880
ORD0008227,21/12/2023,20231221,CUS02084,8,EMP0141,Cash,Completed,1836,960
ORD0002233,21/12/2023,20231221,CUS01722,8,EMP0137,InstaPay,Completed,920,440
ORD0006909,21/12/2023,20231221,CUS00616,2,EMP0053,  Fawry  ,Completed,726,350
ORD0001485,21/12/2023,20231221,CUS01682,2,EMP0040,Cash,Completed,152,70
ORD0008653,21/12/2023,20231221,CUS02451,1,EMP0001,Debit Card,Completed,477,260
ORD0000651,21/12/2023,20231221,CUS01656,10,,Fawry,Completed,216,130
ORD0005732,21/12/2023,20231221,CUS02948,10,EMP0162,Debit Card,Completed,152,70
ORD0004983,21/12/2023,20231221,CUS01235,8,EMP0139,Cash,Completed,414,220
ORD0006165,21/12/2023,20231221,CUS00231,14,EMP0194,  Fawry  ,Completed,432,220
ORD0008117,21/12/2023,20231221,CUS01772,13,EMP0185,InstaPay,Completed,3052.5,1680
ORD0006535,21/12/2023,20231221,CUS02550,4,EMP0090,  Credit Card  ,Completed,320,170
ORD0001540,22/12/2023,20231222,CUS01625,1,EMP0013,Cash,Completed,1212,660
ORD0009622,22/12/2023,20231222,CUS01259,12,EMP0181,  Cash  ,Completed,1331,680
ORD0005552,22/12/2023,20231222,CUS02945,1,,Vodafone Cash,Returned,405,260
ORD0006567,22/12/2023,20231222,CUS02157,6,EMP0119,InstaPay,Completed,282,140
ORD0000110,22/12/2023,20231222,CUS00121,6,EMP0120,Debit Card,Completed,918,540
ORD0002635,22/12/2023,20231222,CUS00147,2,EMP0049,Credit Card,Cancelled,270,140
ORD0010946,22/12/2023,20231222,CUS02540,13,EMP0192,Vodafone Cash,Cancelled,210,100
ORD0010179,22/12/2023,20231222,CUS02775,3,EMP0055,InstaPay,Cancelled,2367,1220
ORD0011107,22/12/2023,20231222,CUS00021,6,EMP0120,Cash,Completed,160,70
ORD0008836,23/12/2023,20231223,CUS02188,1,EMP0012,  Debit Card  ,Completed,130,60
ORD0007220,23/12/2023,20231223,CUS01926,1,EMP0013,Debit Card,Completed,3445,1800
ORD0004842,23/12/2023,20231223,CUS00882,4,EMP0083,  Fawry  ,Completed,260,130
ORD0008771,23/12/2023,20231223,CUS00733,1,EMP0010,Fawry,Completed,439,230
ORD0005391,23/12/2023,20231223,CUS02751,6,EMP0113,InstaPay,Completed,720,380
ORD0001819,24/12/2023,20231224,CUS00373,12,EMP0181,InstaPay,Completed,240,120
ORD0004467,24/12/2023,20231224,CUS00831,11,EMP0169,Cash,Completed,860,410
ORD0009695,24/12/2023,20231224,CUS00651,9,EMP0151,InstaPay,Completed,450,210
ORD0005045,24/12/2023,20231224,CUS00733,4,EMP0082,Debit Card,Completed,1269,690
ORD0007391,24/12/2023,20231224,CUS01879,12,EMP0176,Credit Card,Completed,2010.5,1100
ORD0002809,24/12/2023,20231224,CUS02131,7,EMP0128,Credit Card,Completed,3045,2190
ORD0008087,24/12/2023,20231224,CUS00327,13,EMP0187,Cash,Completed,592,300
ORD0004327,24/12/2023,20231224,CUS01952,2,EMP0034,InstaPay,Returned,627,330
ORD0004285,25/12/2023,20231225,CUS02459,2,EMP0049,  Credit Card  ,Completed,486,240
ORD0011941,25/12/2023,20231225,CUS02351,5,EMP0101,Vodafone Cash,Completed,720,400
ORD0005868,25/12/2023,20231225,CUS00240,6,,Credit Card,Completed,34592.5,30420
ORD0003914,25/12/2023,20231225,CUS01067,2,EMP0041,Vodafone Cash,Completed,204,120
ORD0006483,25/12/2023,20231225,CUS00322,6,EMP0125,Credit Card,Completed,399,200
ORD0000786,25/12/2023,20231225,CUS02173,1,EMP0019,  Cash  ,Completed,433,210
ORD0005623,25/12/2023,20231225,CUS01900,5,EMP0111,Fawry,Completed,569.5,310
ORD0000548,25/12/2023,20231225,CUS00182,5,EMP0098,  Vodafone Cash  ,Completed,885.5,590
ORD0001003,25/12/2023,20231225,CUS00441,10,EMP0160,  Fawry  ,Completed,594,320
ORD0010454,25/12/2023,20231225,CUS01094,2,EMP0030,Credit Card,Completed,280,140
ORD0006646,25/12/2023,20231225,CUS00854,7,EMP0135,  Credit Card  ,Completed,6900,5600
ORD0011243,25/12/2023,20231225,CUS02322,12,EMP0174,Credit Card,Completed,350,170
ORD0007239,25/12/2023,20231225,CUS00938,11,,Cash,Completed,675,370
ORD0007096,25/12/2023,20231225,CUS02351,3,EMP0073,Debit Card,Completed,791,410
ORD0001377,26/12/2023,20231226,CUS00002,3,EMP0056,Cash,Completed,803,400
ORD0001575,26/12/2023,20231226,CUS00450,10,EMP0161,Credit Card,Completed,2127.5,1110
ORD0008353,26/12/2023,20231226,CUS02929,3,EMP0075,Debit Card,Completed,90,40
ORD0008276,26/12/2023,20231226,CUS02516,3,EMP0066,Fawry,Returned,960,460
ORD0009766,26/12/2023,20231226,CUS02996,5,EMP0102,Vodafone Cash,Completed,5747.5,4770
ORD0010006,26/12/2023,20231226,CUS00510,8,EMP0143,Fawry,Returned,3476,1800
ORD0003512,26/12/2023,20231226,CUS00771,10,EMP0163,Debit Card,Completed,1035,540
ORD0011482,26/12/2023,20231226,CUS02439,6,EMP0118,Debit Card,Completed,31330,24640
ORD0006605,26/12/2023,20231226,CUS02084,7,EMP0127,InstaPay,Completed,840,410
ORD0001092,26/12/2023,20231226,CUS01871,3,EMP0076,Debit Card,Completed,306,170
ORD0004989,26/12/2023,20231226,CUS01168,11,EMP0170,Vodafone Cash,Returned,700,410
ORD0003691,26/12/2023,20231226,CUS01815,10,,Vodafone Cash,Completed,1539,860
ORD0003733,26/12/2023,20231226,CUS01919,14,EMP0202,  Vodafone Cash  ,Completed,493,280
ORD0011596,27/12/2023,20231227,CUS02296,11,EMP0167,Credit Card,Completed,621.5,310
ORD0005947,27/12/2023,20231227,CUS01690,10,EMP0154,Cash,Completed,1214,690
ORD0007188,27/12/2023,20231227,CUS00681,12,EMP0181,Vodafone Cash,Completed,1653,810
ORD0001612,27/12/2023,20231227,CUS01798,1,EMP0018,Fawry,Returned,530,260
ORD0011946,27/12/2023,20231227,CUS01625,15,EMP0205,Fawry,Returned,1089,560
ORD0005070,28/12/2023,20231228,CUS02448,6,EMP0124,Cash,Completed,2262,1160
ORD0000628,28/12/2023,20231228,CUS00765,12,EMP0181,Vodafone Cash,Completed,553.5,310
ORD0009392,28/12/2023,20231228,CUS01056,14,,Debit Card,Completed,202.5,120
ORD0011761,28/12/2023,20231228,CUS01882,6,EMP0124,Fawry,Completed,608,280
ORD0007812,28/12/2023,20231228,CUS02827,10,EMP0163,InstaPay,Completed,836,440
ORD0003228,28/12/2023,20231228,CUS00372,15,EMP0213,  InstaPay  ,Completed,1214,770
ORD0001302,28/12/2023,20231228,CUS00488,14,EMP0197,Debit Card,Completed,3525,1850
ORD0011534,28/12/2023,20231228,CUS02474,5,EMP0109,Vodafone Cash,Completed,11800,9400
ORD0006864,28/12/2023,20231228,CUS02125,11,EMP0169,Cash,Completed,750,800
ORD0004466,28/12/2023,20231228,CUS02996,3,EMP0056,Credit Card,Completed,8252,6230
ORD0009964,28/12/2023,20231228,CUS01264,2,EMP0031,Debit Card,Returned,2044,1110
ORD0002810,28/12/2023,20231228,CUS01616,4,EMP0088,Vodafone Cash,Completed,405,220
ORD0001772,28/12/2023,20231228,CUS01137,4,EMP0083,  Credit Card  ,Completed,460,220
ORD0004527,28/12/2023,20231228,CUS00642,6,EMP0119,  InstaPay  ,Completed,340,160
ORD0002546,28/12/2023,20231228,CUS02621,1,EMP0024,  Cash  ,Completed,55650,48430
ORD0011848,28/12/2023,20231228,CUS00044,15,EMP0214,  Debit Card  ,Returned,1551,790
ORD0004254,28/12/2023,20231228,CUS02515,13,EMP0187,Cash,Cancelled,612,320
ORD0011619,28/12/2023,20231228,CUS02011,10,EMP0158,Fawry,Completed,32866.5,26260
ORD0005976,28/12/2023,20231228,CUS00050,5,EMP0103,Vodafone Cash,Completed,1135,640
ORD0010921,29/12/2023,20231229,CUS00974,2,EMP0038,  Vodafone Cash  ,Completed,3509,2210
ORD0007503,29/12/2023,20231229,CUS01069,9,EMP0146,Vodafone Cash,Completed,3291,2110
ORD0002061,29/12/2023,20231229,CUS01809,14,EMP0198,InstaPay,Completed,243,130
ORD0010872,29/12/2023,20231229,CUS02306,3,EMP0057,Cash,Completed,4496.5,2220
ORD0005116,29/12/2023,20231229,CUS00464,3,EMP0057,  InstaPay  ,Completed,182,130
ORD0006524,29/12/2023,20231229,CUS00963,7,EMP0128,  Vodafone Cash  ,Completed,1911.5,1150
ORD0001956,29/12/2023,20231229,CUS00219,10,EMP0153,Vodafone Cash,Returned,142.5,70
ORD0006387,29/12/2023,20231229,CUS02938,13,EMP0186,Debit Card,Completed,19040,17800
ORD0008747,29/12/2023,20231229,CUS02794,1,,InstaPay,Completed,280,140
ORD0006385,29/12/2023,20231229,CUS01618,5,EMP0102,Cash,Completed,3435,2360
ORD0005882,29/12/2023,20231229,CUS02251,4,EMP0090,Credit Card,Completed,5265,4280
ORD0000817,29/12/2023,20231229,CUS02151,3,EMP0065,  Debit Card  ,Completed,1724,920
ORD0001961,29/12/2023,20231229,CUS01585,5,EMP0095,Debit Card,Completed,72,40
ORD0004171,29/12/2023,20231229,CUS00438,5,EMP0101,Debit Card,Completed,1080,520
ORD0009673,30/12/2023,20231230,CUS00467,6,EMP0123,Vodafone Cash,Completed,2040,1170
ORD0002020,30/12/2023,20231230,CUS02044,12,EMP0179,InstaPay,Completed,12780,12350
ORD0002459,30/12/2023,20231230,CUS01276,15,EMP0216,InstaPay,Completed,1050,500
ORD0007716,30/12/2023,20231230,CUS00694,1,EMP0002,Vodafone Cash,Completed,19933.5,17540
ORD0000402,30/12/2023,20231230,CUS02305,1,EMP0022,Fawry,Completed,5600,4500
ORD0011239,30/12/2023,20231230,CUS02676,5,EMP0098,Vodafone Cash,Completed,39500,31600
ORD0010412,30/12/2023,20231230,CUS02158,2,EMP0032,  InstaPay  ,Completed,2510,1580
ORD0010679,30/12/2023,20231230,CUS02981,4,EMP0093,  Fawry  ,Completed,1726,890
ORD0003518,30/12/2023,20231230,CUS02948,9,EMP0150,Debit Card,Completed,376,230
ORD0001637,31/12/2023,20231231,CUS01592,3,EMP0057,InstaPay,Completed,10980,9800
ORD0000470,31/12/2023,20231231,CUS02800,2,EMP0050,  Vodafone Cash  ,Completed,1656,1030
ORD0003325,31/12/2023,20231231,CUS00926,1,EMP0011,Vodafone Cash,Completed,140,60
ORD0003304,31/12/2023,20231231,CUS01999,10,EMP0161,InstaPay,Completed,1378.5,920
ORD0007888,31/12/2023,20231231,CUS00627,3,EMP0064,  Vodafone Cash  ,Completed,1210,610
ORD0004642,31/12/2023,20231231,CUS00947,3,EMP0061,Credit Card,Completed,784,430
ORD0009476,31/12/2023,20231231,CUS02508,3,EMP0069,Fawry,Completed,962,490
ORD0002361,31/12/2023,20231231,CUS02963,6,EMP0126,  Vodafone Cash  ,Completed,117,60
ORD0009680,31/12/2023,20231231,CUS00903,2,EMP0051,Credit Card,Completed,2800,1360
ORD0011868,31/12/2023,20231231,CUS01514,4,EMP0082,Cash,Completed,16247,15050
ORD0006795,31/12/2023,20231231,CUS00357,5,EMP0095,Debit Card,Completed,110.5,60
ORD0011504,31/12/2023,20231231,CUS01122,5,EMP0108,Credit Card,Returned,1987.5,970
ORD0006421,31/12/2023,20231231,CUS02517,13,EMP0193,Cash,Completed,1181,590
ORD0009543,31/12/2023,20231231,CUS01879,14,EMP0202,Debit Card,Completed,11520,10300
